Subject,IT_Standard_Last4Rev.StimulusDuration,IT_2L2D_Last4Rev.StimulusDuration,IT_4L_Last4Rev.StimulusDuration,SACT.ACC,Antisaccade.ACC,VAorient_S.k,StroopDL_Last4Rev.ResponseDeadline,Auditory_FlankerDL_Last4Rev.ResponseDeadline,Auditory_SimonDL_Last4Rev.ResponseDeadline,Auditory_StroopDL_Last4Rev.ResponseDeadline,LetterComparison.PointScore,DigitComparison.PointScore,PatternComparison.PointScore,Hick_SimpleRT.RT,Hick_ChoiceRT.RT,Prosaccade.RT_mean,SymSpan.EditDistanceScore,RotSpan.EditDistanceScore,RAPM.TotalScore,LetterSets.TotalScore,NumberSeries.TotalScore,IT_Standard_SD.StimulusDuration,IT_2L2D_SD.StimulusDuration,IT_4L_SD.StimulusDuration,IT_Standard_Lapses.Sum,IT_2L2D_Lapses.Sum,IT_4L_Lapses.Sum,VAorient_S_unit,Missing,Not_Missing,Missing_perc
16001,58.5,83,101,0.9848484848484848,0.9166666666666669,3.7333333333333334,433.5,568.5,617.5,692.5,25,36,47,252.2,242.82608695652175,324.45833333333337,48,38,15,25,11,41.03423043479535,44.438333836727026,56.78365062871006,0,1,1,0.9333333333333332,0,28,0
16002,167,207.5,140.5,0.9545454545454546,0.6805555555555556,1.65,2320.5,1742,1489.5,1210.5,21,32,31,607.875,411.28571428571433,412.6,21,13,9,13,6,63.93710548223784,69.47380750382128,64.63909626501169,1,0,6,0.45000000000000007,0,28,0
16003,82.5,140.5,109.5,NA,0.9583333333333334,3.3,683,648.5,463.5,867,22,34,45,NA,294.9130434782609,321.27777777777777,48,26,10,20,14,56.16417408236865,66.80674998809354,60.0353176197322,2,5,3,0.8333333333333334,2,26,0.07142857142857142
16004,75.5,92.5,126.5,0.7424242424242424,0.9305555555555556,3.2333333333333334,640,1434.5,678,1061,23,32,37,448.45833333333337,378,389.56716417910445,35,28,14,16,14,75.2562525382396,59.08630167897879,69.05716359633975,2,2,1,0.8333333333333334,0,28,0
16007,109.5,124.5,312,0.8939393939393939,0.9583333333333331,2.5999999999999996,763.5,864,645,1409.5,21,36,50,301.25,317.875,344.07042253521126,NA,37,NA,17,14,47.91592814725356,75.02594114019253,113.32554468439228,1,5,2,0.7,2,26,0.07142857142857142
16009,100,NA,186,0.8484848484848485,0.8333333333333333,NA,NA,666.5,938,1085.5,26,41,40,317.75,331.375,399.7142857142857,44,31,17,NA,14,51.9458938369995,NA,67.32687280290418,1,NA,1,NA,7,21,0.25
16011,164,127.5,151,0.8636363636363636,0.8055555555555556,2.3333333333333335,674,833.5,720.5,799.5,25,43,42,230.85,275.2083333333333,307.64285714285717,34,39,17,25,14,63.66835266602771,59.84945652893191,50.97710165963755,0,3,1,0.6333333333333333,0,28,0
16014,214,126.5,138.5,0.9545454545454546,0.875,1.3000000000000005,727.5,945,882.5,1087.5,24,34,38,287.6,318.2083333333333,329.98571428571427,25,21,10,16,10,66.49902681525411,62.95573912402653,49.98886400812378,0,2,1,0.3666666666666667,0,28,0
16015,103,254.5,128,0.9242424242424242,0.8055555555555556,3.4,785,922,693,1053,22,35,44,294.2916666666667,309.4166666666667,352.30985915492954,52,39,13,18,13,72.57436574872554,88.0916672788728,54.22824105260629,2,2,2,0.8666666666666667,0,28,0
16019,142.5,177.5,170.5,0.9242424242424242,0.9027777777777778,2.216666666666667,806.5,999,1101,1479.5,23,35,37,426.42857142857144,429.2083333333333,393.63380281690144,22,21,8,19,10,63.86253799267022,65.20649143162584,72.08736818945651,2,0,5,0.5833333333333334,0,28,0
16027,84,123.5,125.5,0.9848484848484848,0.9722222222222222,2.35,705,991.5,865.5,1465.5,20,30,37,292,281.4583333333333,570.3055555555555,33,29,12,20,10,49.719100137067194,57.58950788502813,61.297654786047914,0,1,5,0.65,0,28,0
16030,75.5,136,NA,0.8787878787878788,0.6527777777777779,2.8500000000000005,1146.5,NA,681,1117.5,18,22,36,334.57142857142856,407,586.4366197183099,35,22,15,17,12,81.44700883535839,67.57921540392378,NA,5,2,NA,0.75,4,24,0.14285714285714285
16032,174.5,196,183,0.8939393939393939,0.6527777777777778,1.8833333333333333,1254,1127,633,1327.5,22,36,36,337.5909090909091,341.41666666666663,496.1212121212122,39,42,13,20,8,67.77591035775686,79.50873095372822,51.19314005462532,0,1,0,0.4833333333333333,0,28,0
16033,97,257.5,343.5,0.8939393939393939,0.7083333333333333,3.2,1489.5,877.5,715,869.5,13,19,39,351.2083333333333,NA,498.7142857142857,37,42,12,11,11,52.48809388804284,75.57016137855034,77.54092948037733,3,2,0,0.8,1,27,0.03571428571428571
16040,65.5,154,233,1,0.7638888888888888,2.5,890,NA,NA,984,21,26,46,378.42857142857144,458.69565217391306,479.2083333333333,30,26,8,10,8,56.282906056674065,93.2051805092338,91.78698744282757,1,2,4,0.6666666666666667,2,26,0.07142857142857142
16041,118,156.5,113,0.9090909090909092,0.9305555555555556,3.783333333333333,583,639.5,666.5,735,22,34,45,250.0909090909091,307.3478260869565,369.16666666666663,46,46,16,20,14,47.87716533999176,53.84921158803055,114.34487308139356,0,0,3,0.95,0,28,0
16042,115,215,171.5,0.9242424242424242,0.7777777777777778,1.1,1104.5,1019.5,562.5,877.5,21,34,44,484.4117647058823,295,387.43055555555554,NA,32,14,14,11,69.62215335357456,78.21400674472463,66.82670507093925,3,5,3,0.3333333333333333,1,27,0.03571428571428571
16044,76.5,141.5,144.5,0.9090909090909092,0.9583333333333334,2.166666666666667,582,711,653.5,1002,23,35,38,297.5,329,496.54166666666663,28,22,14,21,13,59.21206928436271,67.3731932085794,53.2356596746289,5,2,0,0.6000000000000001,0,28,0
16045,75.5,144.5,160.5,0.8181818181818181,0.6944444444444444,2.583333333333333,910.5,760,1714.5,1113.5,23,36,36,NA,280.17391304347825,403.5,42,33,13,21,15,63.2110580089428,62.527256468027105,52.8087006585868,2,1,0,0.6833333333333333,1,27,0.03571428571428571
16048,75.5,157.5,89.5,0.8787878787878787,0.7777777777777778,1.9666666666666663,1191,1023.5,804,1077.5,20,29,41,420.5,332.4347826086956,602.5211267605634,37,26,10,19,12,69.60912907847526,55.41634805006259,78.78086752919442,4,0,4,0.4666666666666667,0,28,0
16050,92.5,165,163,0.9848484848484848,0.9722222222222222,1.9333333333333336,540.5,632.5,451.5,673,13,25,36,421.82608695652175,306.9166666666667,333.2361111111111,19,28,10,10,9,62.18306521305284,69.33084100300817,62.511261396795064,2,0,4,0.5,0,28,0
16052,109.5,158.5,112,0.9393939393939394,0.8888888888888888,2.3166666666666664,835.5,751,683.5,771,21,27,40,351.3478260869565,262.4583333333333,501.5285714285714,44,40,12,22,11,63.92049236333865,80.39238600110306,72.62425156167612,3,2,4,0.5833333333333334,0,28,0
16053,102,92.5,168,0.9545454545454546,0.7638888888888888,3.3,692.5,732.5,551,991.5,26,34,34,262.3181818181818,474.58333333333337,394.16666666666663,34,30,11,19,15,65.30968235973191,97.7442725644267,60.458751544320464,3,5,0,0.8333333333333334,0,28,0
16054,158.5,270.5,152,0.9242424242424242,0.8194444444444443,2.15,915.5,908.5,720.5,1265,18,26,31,367.8947368421053,315.5416666666667,573.3239436619717,41,25,11,25,10,56.922493030136664,97.89116613771344,52.97851832823677,0,2,1,0.5833333333333334,0,28,0
16055,101,243.5,133,0.8030303030303031,0.875,2.6500000000000004,NA,1052.5,555.5,NA,21,33,41,268.17391304347825,301,303.8732394366197,39,25,11,22,11,70.31338159415796,80.59933961329517,62.42736204513926,3,1,1,0.6833333333333333,2,26,0.07142857142857142
16056,109.5,177.5,140.5,0.9696969696969696,0.8611111111111112,2.7,972.5,2535.5,1046.5,1387.5,18,30,36,NA,315.0869565217391,561.2916666666666,31,30,10,20,11,55.64164724198432,75.91708511301483,71.77771785270025,1,2,8,0.7,1,27,0.03571428571428571
16057,208.5,105.5,354.5,0.7272727272727272,0.5416666666666667,1.0499999999999998,2606,2486.5,1451.5,991,13,27,34,354.85714285714283,417.04166666666663,NA,40,27,6,20,9,74.6879056118248,65.452909280897,110.52196437780628,0,3,0,0.2833333333333333,1,27,0.03571428571428571
16058,109.5,256.5,196.5,0.8181818181818181,0.625,2.45,1146.5,964,1262,945.5,20,31,45,566.7142857142857,417.5,391.59154929577466,32,22,10,17,12,72.44995521488124,72.46950936244872,113.6131219946081,2,1,6,0.65,0,28,0
16059,247.5,191,221.5,0.6515151515151516,0.7083333333333334,1.2,782,2068.5,2268,1333,21,25,33,301.07142857142856,266,358.4166666666667,18,30,10,18,11,84.43313009386073,76.00149307977186,92.6622785837928,2,2,7,0.3333333333333333,0,28,0
16060,140.5,187.5,159.5,0.7575757575757576,0.9444444444444444,3.1500000000000004,922,1122.5,816.5,927,20,35,44,411.1052631578947,296.7916666666667,NA,37,33,12,13,5,55.69966003181325,73.46825615951808,59.61434867023111,0,2,2,0.7833333333333334,1,27,0.03571428571428571
16061,58.5,75.5,123.5,0.9545454545454546,0.9583333333333331,2.166666666666667,782,1031.5,622.5,1144,23,28,48,279.75,292.7083333333333,360.65277777777777,18,39,9,14,5,62.86625663584762,61.11690561933146,62.24692022915019,3,5,2,0.6000000000000001,0,28,0
16062,143.5,165,109.5,1,0.9027777777777778,3.116666666666667,907.5,813,671.5,733.5,16,29,44,322.39130434782606,318.2916666666667,474.93055555555554,28,38,11,18,15,58.6885902077003,61.76111824562727,59.51911308726831,0,0,3,0.8166666666666667,0,28,0
16063,140.5,338,307.5,0.6818181818181819,0.5416666666666666,1.6999999999999995,1566.5,2011,1268.5,1092.5,19,28,39,468.5714285714286,455.625,NA,29,11,8,19,8,71.74995984381214,111.4897110668014,93.97003257037105,6,1,1,0.4333333333333333,1,27,0.03571428571428571
16064,105.5,218,192.5,0.7272727272727272,0.7361111111111112,0.9666666666666668,833.5,2087.5,803.5,1170,19,25,36,440.4117647058823,410.0833333333333,448.4507042253521,NA,41,10,13,10,69.34760576639914,74.99020030539972,57.33179220260884,3,1,1,0.23333333333333336,1,27,0.03571428571428571
16065,106.5,155.5,190.5,0.9242424242424242,0.9305555555555556,3.35,681.5,2090,777.5,988,25,35,44,301.8333333333333,297.8333333333333,393.3943661971831,44,35,13,23,13,62.13561866098203,61.631238625132994,64.4875049747805,1,2,1,0.8500000000000001,0,28,0
16066,139.5,205.5,159.5,0.7575757575757576,0.875,2.033333333333333,1228,939,NA,1498,19,27,42,298,374.75,407.4788732394366,35,29,10,10,9,61.30813567545501,79.66574675275288,65.00265952006004,1,2,2,0.5666666666666667,1,27,0.03571428571428571
16068,140.5,105.5,192.5,0.9090909090909092,0.8888888888888888,2.3833333333333333,582,948.5,879.5,1194.5,23,31,42,306,257.69565217391306,NA,35,44,10,12,9,67.20284935174185,71.49899567811231,67.2997818592146,2,6,2,0.65,1,27,0.03571428571428571
16071,75.5,126.5,191.5,0.7575757575757575,0.8611111111111112,2.4000000000000004,858.5,799.5,1222.5,1248,25,37,46,306.22222222222223,260.2083333333333,NA,50,37,13,17,10,63.84550279346506,65.07584227827522,54.70481716701552,6,3,2,0.6333333333333333,1,27,0.03571428571428571
16072,58.5,225.5,365,0.9848484848484848,0.6111111111111112,3.116666666666667,932,NA,NA,1092.5,20,27,39,253.08695652173913,321.5833333333333,488.4027777777777,31,27,12,14,12,43.34493332191031,59.384072655101576,103.29545176148817,0,0,0,0.8166666666666667,2,26,0.07142857142857142
16075,109.5,273.5,194.5,0.9696969696969696,0.7777777777777778,3.0666666666666664,1866.5,1132.5,677,1460.5,17,22,36,302.05555555555554,362.8695652173913,452.625,24,17,10,16,10,55.747209165905645,85.16715937179652,64.47132244990571,0,0,0,0.7666666666666666,0,28,0
16078,82.5,254,176.5,0.8787878787878787,0.6666666666666666,2.35,975,1310.5,822.5,1161,20,33,41,477,373.1363636363636,506,37,27,13,14,14,66.01191328113028,91.80861993862813,63.928026351448466,5,1,1,0.6166666666666667,0,28,0
16083,NA,147.5,157,0.9848484848484848,0.7777777777777778,2.633333333333333,551,2499,711,1783.5,26,34,45,278.82608695652175,352.25,386.328125,32,17,14,19,12,NA,63.571705200723216,54.19885568392389,NA,3,0,0.6666666666666666,3,25,0.10714285714285714
16084,122.5,318,296.5,0.8181818181818181,0.6805555555555556,1.25,1156.5,1437.5,696.5,1432.5,21,32,37,296.15384615384613,313.85714285714283,502.0138888888889,23,22,12,15,10,66.63639827052543,86.58606795045357,69.96731759839656,3,0,1,0.35,0,28,0
16085,183,143.5,122.5,0.8030303030303031,0.6666666666666666,2.5,673.5,813.5,1277,1268.5,14,26,39,266.55555555555554,298,453.8985507246376,35,13,12,20,11,58.52330262685634,73.40860096089193,63.46451513130045,0,2,6,0.6666666666666667,0,28,0
16086,226.5,249,242.5,0.6666666666666667,0.6111111111111112,1.1166666666666667,1994,989.5,929.5,1660.5,14,18,41,287,327.125,529.4492753623188,38,22,13,12,9,117.95430507237276,88.09592410532753,87.55820758964889,3,1,3,0.31666666666666665,0,28,0
16087,125.5,139.5,183,0.8939393939393939,0.8055555555555556,1.7999999999999998,1036.5,2162.5,1031.5,1767,14,25,27,295.94117647058823,319.60869565217394,439.32394366197184,27,8,4,12,9,50.58634479918313,69.20331849543156,75.83366456166459,0,4,3,0.5,0,28,0
16088,90.5,141.5,174.5,0.8636363636363636,0.875,3.3333333333333335,857,NA,NA,1242.5,19,31,32,455.1578947368421,522.0833333333333,416.55555555555554,45,29,13,21,10,59.81146131181982,75.0792371030209,62.24180711701331,2,1,2,0.8333333333333334,2,26,0.07142857142857142
16094,75.5,91.5,155.5,0.9848484848484848,0.9583333333333331,3.4333333333333336,504.5,3096.5,1293,716.5,21,35,43,251.1,255.25,366.4202898550725,41,29,14,18,13,57.31126518426614,60.69174234319268,58.182337501711984,2,2,0,0.8666666666666667,0,28,0
16096,58.5,187.5,190.5,1,0.8333333333333334,1.6166666666666667,1121.5,987.5,873,889.5,17,24,35,309.5217391304348,346.5416666666667,495.80597014925377,29,22,9,15,9,67.89822118226894,88.56667961253065,60.8968433657681,2,2,2,0.45,0,28,0
16097,75.5,67,177.5,0.9848484848484848,0.9305555555555556,2.55,584.5,1157.5,549.5,827.5,21,29,26,287.95652173913044,350.375,338.2676056338029,45,36,12,22,14,46.99773176207701,59.5548498599734,57.79340805130285,0,3,0,0.6833333333333333,0,28,0
16098,126.5,127.5,225.5,0.8181818181818181,0.5694444444444444,2.683333333333333,868.5,NA,1850.5,1665,20,32,34,396.2631578947368,340.125,401.830985915493,39,36,14,19,13,75.62242610355234,122.02923001774371,53.88535242228409,2,5,0,0.7166666666666666,1,27,0.03571428571428571
16099,75.5,101,98,0.9545454545454546,0.8055555555555557,2.583333333333333,564.5,993.5,657.5,758.5,14,28,36,307.9166666666667,346.5833333333333,316.7714285714286,31,31,8,18,8,53.42798145286475,55.87438022249757,60.961005877434935,3,1,1,0.6833333333333333,0,28,0
16100,135,265,NA,0.8333333333333333,0.6111111111111112,2.95,2646.5,1567,639.5,1401.5,17,24,40,571.0909090909091,331.04347826086956,552.304347826087,27,29,12,15,5,56.08934109433952,99.73133901773056,125.51499585466736,0,1,1,0.75,1,27,0.03571428571428571
16104,58.5,107.5,127.5,1,0.9583333333333331,3.3666666666666667,502,845.5,650,967,24,29,49,250.13636363636363,299.5,408.92957746478874,49,41,15,26,13,63.39394729145275,62.38771473899819,64.73448224469986,2,5,2,0.8666666666666667,0,28,0
16106,133,363,250,0.7424242424242424,0.5416666666666667,1.25,734,1554,1261,1006.5,23,23,38,323.09090909090907,333.5416666666667,431.9577464788733,19,20,10,12,8,86.16476670470706,94.66063873027002,73.71749794686534,5,0,0,0.35,0,28,0
16107,143.5,131,205.5,0.9242424242424242,0.75,2.466666666666667,945.5,835,1051.5,1016,15,34,42,321.2142857142857,281.1666666666667,354.49295774647885,44,34,10,17,12,58.115343703353105,70.4537975459981,64.15025579955964,1,6,1,0.6666666666666667,0,28,0
16108,65.5,114,132,0.9696969696969696,0.9722222222222222,3.166666666666667,988,763.5,697,940.5,23,37,47,300.04545454545456,385.875,NA,38,32,13,21,14,45.79742145641759,67.95988595701716,65.52304559119713,0,3,3,0.8,1,27,0.03571428571428571
16113,58.5,58.5,142.5,0.7272727272727273,0.9305555555555556,2.4833333333333334,1035.5,NA,1719.5,1558,21,26,31,274.85,305.2916666666667,524.3194444444445,41,3,9,15,13,72.60579221955909,61.309523834115346,60.51794397162871,2,5,0,0.6499999999999999,1,27,0.03571428571428571
16114,58.5,109.5,154.5,1,0.7083333333333334,3.4333333333333336,1162.5,914.5,701,839.5,24,33,40,318.2631578947368,296.875,332.71428571428567,24,22,8,17,12,47.50274348180189,94.25096412020751,81.59003859027843,2,2,1,0.8666666666666667,0,28,0
16115,109.5,259.5,215,0.8181818181818181,0.7638888888888888,3.1000000000000005,2462,787,1627,1202.5,16,23,34,491.91666666666663,NA,470.6388888888889,34,26,13,16,11,61.34918875578477,82.97704330905057,62.56025464296726,3,1,2,0.8,1,27,0.03571428571428571
16116,123.5,159.5,191.5,0.8636363636363635,0.9027777777777778,2.783333333333333,1061,1074.5,NA,967.5,18,26,39,308,328,326.2786885245902,31,20,15,15,8,50.587571533105056,65.48237541019493,69.32974132300576,0,2,1,0.7166666666666667,1,27,0.03571428571428571
16117,89.5,258.5,364.5,0.6818181818181819,0.7083333333333333,2.2666666666666666,957.5,1372,976,1194.5,22,24,37,411.9130434782608,423.5833333333333,446.30555555555554,34,20,10,16,10,64.76601365548676,92.60654205403458,83.46112187868209,4,2,0,0.6000000000000001,0,28,0
16121,133.5,168,200,0.9393939393939394,0.6944444444444444,2.25,1045,910.5,801,985,20,34,42,291,385.7083333333333,481.2361111111111,33,37,13,25,12,59.92281900568977,76.40011093155958,68.09250070662898,1,3,0,0.5833333333333334,0,28,0
16122,NA,169,147,0.9545454545454546,1,2.366666666666667,650.5,797.5,490,905,21,35,48,NA,306.82608695652175,431.47222222222223,39,28,14,22,13,NA,63.2441935214957,72.03603991127841,NA,0,2,0.6333333333333333,4,24,0.14285714285714285
16124,58.5,139.5,241.5,0.9545454545454546,0.625,2.466666666666667,807.5,838,733,1127,17,34,39,289.0909090909091,305.625,461.5138888888889,46,38,13,21,14,49.64440931148769,62.91668193133066,85.41957355371947,0,0,2,0.6666666666666667,0,28,0
16125,92.5,75.5,192.5,0.9848484848484848,0.8472222222222222,2.6166666666666667,840.5,1920,540.5,956,19,31,44,353.9375,316.54545454545456,400.07142857142856,38,40,13,13,9,56.36077744356046,69.04279688293661,56.89127368302274,1,5,0,0.6833333333333333,0,28,0
16126,74,109.5,126.5,0.8181818181818181,0.8194444444444444,1.4833333333333332,557,707,491.5,996.5,25,35,44,238.33333333333337,285.5416666666667,371.7638888888889,38,31,13,18,8,54.65851435494165,182.08045139482115,52.87480194621124,3,7,3,0.41666666666666663,0,28,0
16127,91.5,158.5,179,0.9090909090909092,0.9583333333333334,2.433333333333333,556.5,1152,637.5,893,20,33,38,469.7391304347827,309.7083333333333,319.19444444444446,35,37,10,11,9,47.67158259628101,62.82756713011703,64.07420343710324,2,5,3,0.6333333333333333,0,28,0
16128,101,117,169,0.9090909090909092,0.7916666666666667,3.0666666666666664,887.5,848,727,1095,23,31,43,243.76190476190476,292.0833333333333,321.5492957746479,42,34,12,20,12,74.31442866974514,84.66821981598828,58.94094893190054,2,5,1,0.8,0,28,0
16129,118,241.5,98,0.9393939393939394,0.8888888888888888,3.016666666666667,934.5,917.5,1565.5,906.5,14,36,38,245.47058823529412,293.625,NA,32,33,13,14,8,60.95550856832134,88.36056050344105,73.99439311708663,2,0,6,0.7833333333333334,1,27,0.03571428571428571
16131,92.5,141.5,234,0.8939393939393939,0.7916666666666666,3.1333333333333337,835,1429.5,642.5,957.5,21,31,41,305.9047619047619,297.4782608695652,433.2957746478873,49,36,15,20,13,61.270936499897466,116.9255082010983,59.35157899397466,3,4,0,0.8,0,28,0
16132,145,219.5,174.5,0.9242424242424242,0.7222222222222221,2.6166666666666667,1968.5,1365.5,524.5,1971,17,24,42,260.39130434782606,285.0833333333333,430.9117647058823,37,29,11,12,8,68.13846652638564,84.97024666993109,67.90606778891848,2,4,2,0.6833333333333333,0,28,0
16133,58.5,177.5,157.5,0.8636363636363636,0.8888888888888888,2.7833333333333337,962,2993.5,798.5,1022.5,17,29,40,372.8,339.4782608695652,435.11111111111103,43,41,14,13,10,64.82019593782819,79.58743073630204,71.08276067548465,3,2,4,0.7166666666666668,0,28,0
16136,84,122.5,144.5,1,0.9027777777777778,2.9000000000000004,595,712.5,594,845.5,28,39,42,275.4782608695652,303.375,333.15277777777777,42,34,10,21,10,32.77220296583741,63.7199623296403,60.40817132740048,0,4,0,0.7666666666666667,0,28,0
16138,149,151,225.5,1,0.9722222222222222,3.016666666666667,772.5,1015.5,1070.5,886.5,24,32,49,355.75,330.5,428.45714285714286,50,43,10,10,8,61.71683434723441,58.12894919093715,61.07384206349854,1,1,0,0.7833333333333334,0,28,0
16139,141.5,255.5,236,1,0.9305555555555556,2.1666666666666665,659.5,2442.5,662,820.5,22,31,42,412.6875,296.25,434.56944444444446,37,44,8,17,8,55.01371524672942,69.06836986864579,90.86572394051588,0,1,2,0.5666666666666667,0,28,0
16140,83,118,159.5,0.9393939393939394,0.9305555555555556,1.6333333333333335,1070.5,NA,1817.5,1108.5,20,24,37,NA,285.14285714285717,419.54929577464793,26,25,6,13,7,57.54513723286213,71.9262698731996,58.58459059615548,3,4,4,0.4333333333333334,2,26,0.07142857142857142
16142,58.5,172.5,141.5,1,0.9027777777777778,2.466666666666667,761.5,2499.5,1222.5,949.5,11,22,37,292.04545454545456,355.875,446.80555555555554,34,28,11,12,7,65.70830325781725,65.33480331969092,67.02268854754968,2,0,3,0.6666666666666667,0,28,0
16143,58.5,58.5,125.5,0.9696969696969696,0.9583333333333331,3.75,1003.5,636.5,599.5,988.5,22,33,41,NA,277.30434782608694,536.4027777777778,44,43,15,20,13,48.46413732217854,58.68282337162423,47.60195757790038,0,5,0,0.95,1,27,0.03571428571428571
16146,140.5,177.5,256.5,0.9848484848484848,0.7638888888888888,2.066666666666667,1974,1951.5,843.5,1845.5,20,34,33,332.77272727272725,338.5416666666667,502.1388888888889,32,18,11,16,10,58.388039190979654,58.80168618222049,79.30655800023081,1,3,2,0.5333333333333334,0,28,0
16147,161.5,118,226.5,0.9393939393939394,0.7083333333333333,NA,NA,1842.5,1045,1162.5,19,24,27,458.78571428571433,294.22727272727275,450.55555555555554,26,39,12,NA,10,69.00549880443026,120.92081694907291,73.00120226348942,2,5,2,NA,4,24,0.14285714285714285
16149,67,119,152,0.7878787878787877,0.625,2.2333333333333334,925,873.5,1393,1176.5,20,13,37,471.8,321.5652173913044,391.5857142857143,32,36,8,9,8,51.45406527509107,120.12156962578246,51.969440010793456,1,8,1,0.6,0,28,0
16150,58.5,166,174.5,0.9090909090909092,0.8194444444444444,3.216666666666667,644.5,836,730,1060.5,20,34,37,242.28571428571428,277,402.8611111111111,37,26,9,9,7,63.45741857049663,69.79158436535846,107.13996281129502,2,3,4,0.8166666666666667,0,28,0
16151,81,192.5,123.5,0.8787878787878788,0.7638888888888887,1.5833333333333337,1133.5,NA,961,996,19,24,36,405.8333333333333,NA,539.7916666666666,31,32,8,13,8,72.26800740034986,62.61528374818124,57.59866265562345,3,1,2,0.45000000000000007,2,26,0.07142857142857142
16152,72.5,223.5,105.5,1,0.9722222222222222,3.4833333333333334,591,974,430.5,859,27,34,41,NA,249.75,385.169014084507,45,32,13,18,12,56.25946728839927,59.108252054961895,62.79381999677384,3,0,5,0.8833333333333333,1,27,0.03571428571428571
16153,118,166,156.5,0.8333333333333333,0.8333333333333333,1.3166666666666669,903.5,706.5,490.5,1041,19,31,37,253.52631578947367,298.875,397.44776119402985,32,27,13,13,9,60.510769219118025,61.46693743113549,97.8781990229266,1,2,2,0.3833333333333333,0,28,0
16154,75.5,190.5,176.5,0.9393939393939394,0.7777777777777778,2.75,NA,1889.5,725,1044,25,31,42,339.9375,417.5,427.4027777777777,24,24,11,17,8,63.27816279353266,65.1753227459248,74.9433710560729,3,0,6,0.7166666666666667,1,27,0.03571428571428571
16155,109.5,203,199,NA,0.9305555555555556,2.25,928,1062.5,519.5,787,20,27,35,252.1818181818182,275.3333333333333,377.81944444444446,NA,30,NA,19,13,70.25838520411185,89.72898517280713,72.70263928404007,3,2,2,0.6166666666666667,3,25,0.10714285714285714
16158,109.5,167,192.5,0.9545454545454546,0.5972222222222222,1.1499999999999997,1157.5,905.5,975.5,1825.5,19,24,34,323.0526315789474,333.9473684210526,401.8888888888889,35,31,5,17,6,62.79263054176508,68.69873330307342,63.32051475353372,2,4,0,0.28333333333333327,0,28,0
16159,NA,199.5,132,0.9848484848484848,0.9583333333333334,2.5,577,807.5,617.5,1465,23,30,32,263.8181818181818,322,NA,47,30,11,19,7,NA,81.09593959280402,59.41607108809956,NA,4,1,0.6666666666666667,4,24,0.14285714285714285
16160,142.5,122.5,189.5,0.7727272727272727,0.6666666666666667,1.3166666666666669,1019.5,1654.5,808.5,936,23,30,45,411.42857142857144,340.7368421052632,455.70833333333337,27,20,12,24,10,73.18728707474887,73.0576377917895,66.94800565358841,3,5,4,0.35,0,28,0
16161,67,245,122.5,0.9242424242424242,0.8472222222222222,2.1,805.5,1219.5,1278,1195.5,22,28,37,402.8636363636364,367.9166666666667,407.7361111111111,43,30,11,14,10,59.17442886851459,102.94178060940789,70.95305797617333,3,1,5,0.5333333333333333,0,28,0
16163,126.5,224.5,144.5,0.8939393939393939,0.9027777777777778,1.85,678.5,857,656.5,921,27,38,NA,265.3333333333333,335.75,319.59722222222223,31,27,14,22,10,62.73963634007696,76.42430083988502,84.87611957293328,2,1,4,0.5166666666666667,1,27,0.03571428571428571
16165,58.5,166,249,0.8333333333333333,0.5694444444444444,2.15,2483,1627.5,841,882.5,20,25,43,342.5,410.625,434.2777777777777,27,24,13,19,6,72.99634451160374,87.50610920922132,85.06814123091127,5,3,0,0.55,0,28,0
16169,72.5,118,116,0.9848484848484848,0.8472222222222222,3.416666666666667,578.5,979,497.5,752.5,23,36,40,379.40909090909093,340.7083333333333,366.2,39,48,16,23,12,51.51154934878251,81.57361629771312,67.32055211886376,1,3,3,0.8833333333333333,0,28,0
16170,58.5,126.5,123.5,1,0.9444444444444444,2.5166666666666666,1380.5,911.5,784,1014.5,23,33,46,414.04761904761904,306.375,296.0416666666667,38,26,16,20,14,49.230226977203216,88.78743591632627,66.44023270034954,1,2,2,0.65,0,28,0
16171,58.5,90.5,101,1,0.9305555555555556,2.5999999999999996,689.5,747,625.5,931,21,30,42,255.2173913043478,282.375,438.8285714285715,NA,6,10,15,14,55.18141823512438,77.2595073219549,53.3461822399173,5,3,1,0.7,1,27,0.03571428571428571
16172,83,93.5,99,0.9696969696969696,0.9166666666666669,2.833333333333333,665,1545.5,563.5,857.5,23,33,34,383.625,295.0833333333333,325.5633802816901,39,34,11,18,13,49.819136536558176,84.93889908642672,73.71941005216819,1,5,3,0.7333333333333334,0,28,0
16173,89.5,140.5,126.5,0.9696969696969696,0.9444444444444444,3.15,517,746,573.5,764,23,32,41,244.29166666666663,359.75,541.2428571428571,42,27,14,18,14,62.58896859161127,68.66596088599621,64.06689766085546,1,1,5,0.8166666666666667,0,28,0
16175,164,186,228.5,1,0.8611111111111112,3.066666666666667,651,835,820,1156.5,24,32,37,224.41666666666663,276.0833333333333,285.97058823529414,47,33,13,25,15,66.20733270760361,61.97231136472583,111.44891771060522,1,0,3,0.8,0,28,0
16176,123.5,208.5,213,NA,0.8611111111111112,1.9833333333333336,1881.5,2105,777,1062.5,24,23,33,349.04761904761904,311.04761904761904,369.8333333333333,29,29,10,17,11,57.49671205523947,54.285037056512635,54.6160680900504,2,0,0,0.5166666666666667,1,27,0.03571428571428571
16178,154.5,187,168,0.9242424242424242,0.8888888888888888,3.4,573.5,1697.5,595.5,1025,18,32,38,314.1363636363636,393.9565217391304,428.67605633802816,38,35,14,19,11,84.56723111237697,79.54070281469305,58.48343403680729,3,1,1,0.8666666666666667,0,28,0
16179,58.5,168,157.5,1,0.8472222222222222,2.783333333333333,580,986.5,498.5,891.5,21,34,35,303,291.1304347826087,276.92424242424244,10,15,14,19,11,48.846263386348305,70.96626658425677,62.3201525867814,2,2,3,0.7166666666666667,0,28,0
16180,108.5,143.5,127.5,NA,0.9305555555555556,2.9000000000000004,875.5,1981.5,713.5,1136.5,20,37,46,343.3636363636364,252.77272727272728,331.65714285714284,NA,36,NA,15,14,67.74448434798562,74.47246801944866,69.26971836941972,2,1,1,0.7666666666666667,3,25,0.10714285714285714
16181,101,109.5,136,0.8787878787878788,0.8888888888888888,2.716666666666667,695,745.5,604.5,962,20,36,34,366.8,296.4583333333333,409.09722222222223,NA,26,NA,11,9,61.215144229011855,125.75293801116426,67.25625811267788,3,4,2,0.7166666666666667,2,26,0.07142857142857142
16183,199,271.5,225.5,0.6515151515151515,0.8055555555555556,1.7833333333333337,1146.5,900.5,1306.5,1273,19,31,43,346.28571428571433,379.8333333333333,534.71875,40,39,15,18,14,76.90705452337252,101.01523654471336,67.78752788065229,3,2,4,0.45000000000000007,0,28,0
16184,122.5,239.5,166,0.7121212121212122,0.9166666666666669,2.6166666666666667,1265,1345,1759,918,21,32,36,261.2631578947368,403.5416666666667,351.4285714285714,14,16,11,15,10,73.4348266074432,73.93232661319215,76.00933126739318,1,0,4,0.6833333333333333,0,28,0
16185,156.5,255.5,199,0.8333333333333333,0.9305555555555556,1.9833333333333332,814,720.5,940.5,1051,21,24,33,417.3571428571428,379,602.1267605633802,13,6,10,16,12,53.86967133148022,73.1770901636755,63.113485537859425,0,1,1,0.5166666666666666,0,28,0
16187,80.5,277.5,156.5,0.9242424242424242,0.8611111111111112,2.6166666666666667,647.5,1364,1043.5,998,16,32,34,256.26666666666665,300.4583333333333,391.0833333333333,37,NA,12,20,12,63.328897054406845,75.57973338991597,71.71623306550883,3,1,3,0.7166666666666667,1,27,0.03571428571428571
16188,90.5,305.5,171.5,0.9848484848484848,0.9027777777777778,3.65,666.5,754.5,614,957,23,29,43,231.6153846153846,267.8333333333333,447.3888888888889,42,37,11,20,14,65.13029766367465,101.28111990014204,70.42243356300725,5,0,3,0.9166666666666669,0,28,0
16190,75.5,123.5,107.5,1,0.9305555555555556,2.583333333333333,1463.5,853,465,1068.5,25,25,51,NA,331.5,374.8611111111111,37,35,13,19,10,49.065951961049045,70.11945228431611,53.94716025233192,1,2,3,0.6833333333333333,1,27,0.03571428571428571
16191,174.5,99,130,0.9090909090909092,0.9166666666666669,2.7,692.5,NA,798,928.5,23,28,36,357.63157894736844,356.25,368.7,47,41,11,11,8,75.82004403859304,49.72218920452699,58.32300313800261,2,1,2,0.7000000000000001,1,27,0.03571428571428571
16192,208.5,210.5,221.5,0.9848484848484848,0.8194444444444444,3.066666666666667,1150,NA,778.5,1133.5,19,27,38,427.1363636363636,NA,443.9718309859155,22,22,12,13,12,60.95227975885249,91.95094861041186,53.685649257229,0,3,0,0.8,2,26,0.07142857142857142
16193,160.5,91.5,210.5,0.8787878787878788,0.8333333333333333,2.5,858.5,2221,705.5,1275,20,36,48,270,330.1666666666667,399.72222222222223,49,34,15,21,14,62.4449225402981,60.75593176539103,64.92908024139034,2,4,0,0.6666666666666667,0,28,0
16194,72.5,210.5,176.5,0.9242424242424242,0.9583333333333331,3.216666666666667,1027.5,912.5,676,1080.5,16,29,41,361.875,331.2083333333333,638.8550724637681,33,31,18,21,13,63.03477243126206,68.59066319853004,63.22568772779369,3,2,5,0.8166666666666667,0,28,0
16195,75.5,91.5,209.5,NA,0.875,3.45,1080.5,893,577.5,880,14,19,28,272.1666666666667,334.2083333333333,NA,36,28,14,20,14,75.85042380092641,48.31475095221405,69.3771555795714,3,2,1,0.8833333333333333,2,26,0.07142857142857142
16197,75.5,125.5,174.5,0.8181818181818181,0.8888888888888888,1.7666666666666668,2542.5,1027,588,899,23,38,43,321.57142857142856,382.875,367.5416666666667,36,36,12,25,12,53.937476116214725,70.90267777955964,57.16412851301489,2,2,1,0.5,0,28,0
16198,141.5,115,174.5,1,0.9027777777777778,2.466666666666667,2155.5,888,614.5,1251.5,30,35,47,NA,272.4761904761905,377.28985507246375,31,NA,15,19,6,63.4461539445427,61.469879610186176,65.03937705248941,3,3,2,0.6333333333333333,2,26,0.07142857142857142
16200,164,299,211.5,0.8939393939393939,0.9027777777777778,3.616666666666667,918.5,1128.5,825,1081,15,21,39,263.2173913043478,330.2916666666667,428.44444444444446,42,17,10,16,9,58.96120554114584,79.71063580848487,62.45929170721821,0,0,3,0.9166666666666669,0,28,0
16203,139.5,230.5,197.5,0.7575757575757575,0.625,1.6,501.5,938,896.5,974.5,18,31,32,394.66666666666663,268,353.90625,19,13,11,14,NA,68.91271846297639,83.09491070093982,105.5050585322169,1,1,2,0.43333333333333335,1,27,0.03571428571428571
16204,92.5,126.5,146,0.8484848484848485,0.9166666666666669,2.9,433,816.5,842.5,704.5,23,37,46,230,291.0833333333333,365.38028169014086,47,34,12,21,14,67.13053601192401,58.70387505785722,59.32124573064411,2,2,1,0.7666666666666666,0,28,0
16205,101,256.5,233,0.8787878787878788,0.8194444444444444,2.583333333333333,1662.5,1016.5,886,948,21,32,42,435.1666666666667,294.6,NA,16,28,10,13,8,61.70318666552686,73.09859270409486,94.07553174847784,2,0,4,0.6833333333333333,1,27,0.03571428571428571
16207,75.5,140.5,225.5,0.9545454545454546,0.8888888888888888,2.85,827.5,939,957.5,1162,19,18,35,296.2857142857143,355.7916666666667,469.27777777777777,41,38,8,13,10,62.234229253523694,58.221418733064056,84.68008214483932,4,0,5,0.7166666666666667,0,28,0
16208,201,196.5,263,0.9242424242424242,0.8888888888888888,2.533333333333333,666.5,894.5,821,955.5,21,31,34,314.6,295.5238095238095,331.1666666666667,32,25,10,17,8,66.06829423820551,89.65314367166812,93.71993134821906,0,3,3,0.6666666666666667,0,28,0
16209,149,165,244.5,0.9090909090909092,0.875,2.433333333333333,602.5,797.5,565,1054.5,14,28,45,270.22222222222223,298.09090909090907,441.02941176470586,37,26,8,14,6,58.299206075880775,56.39260489217379,74.36071514883923,1,2,1,0.6333333333333333,0,28,0
16210,123.5,164,132,0.9696969696969696,0.9166666666666666,2.7,646,973,617,1022,18,24,40,296.625,353.125,411.6478873239436,34,35,13,11,8,57.09988759288906,73.66352665718951,68.80623425490182,5,4,4,0.7,0,28,0
16211,91.5,215,168,0.803030303030303,0.8333333333333333,2.6500000000000004,2223,899,811,968.5,16,27,38,469.8235294117647,281.5217391304348,369.943661971831,43,35,12,9,10,65.2733172109118,80.46301901543352,71.70179330477421,2,2,3,0.6833333333333333,0,28,0
16212,75.5,127.5,304,0.5303030303030303,0.7916666666666667,2.5,833,1557.5,999,1127,21,34,37,293.42857142857144,306.125,NA,36,27,8,19,8,69.2038789498257,122.99592768441704,80.57901060669963,2,5,0,0.6666666666666667,1,27,0.03571428571428571
16215,141.5,138.5,140.5,0.9090909090909092,0.7638888888888887,1.7333333333333334,1016.5,772,524,720.5,16,18,30,289.8888888888889,309.375,392.3611111111111,35,29,10,16,8,54.49534757941651,74.22597935115641,65.18968503882337,1,2,2,0.4666666666666667,0,28,0
16216,127.5,124.5,176.5,0.9545454545454546,0.7222222222222222,2.2,1335,1554.5,686,965,12,23,26,363.3684210526315,347.6521739130435,460.2222222222223,27,18,6,11,3,74.06145617512621,74.20204053224504,92.65698773371886,4,3,3,0.6,0,28,0
16217,92.5,289.5,190.5,0.6515151515151516,0.7916666666666667,3.2666666666666666,827.5,1431,989.5,1166.5,19,27,40,336.09090909090907,294.59090909090907,464.28571428571433,26,27,13,18,10,62.11502356501422,49.62126060013087,68.09505246501222,3,0,1,0.8333333333333334,0,28,0
16218,157.5,208.5,227.5,NA,0.8472222222222222,1.4500000000000002,1746.5,695,907.5,890.5,22,33,30,300.77272727272725,458.125,NA,12,20,10,19,7,62.4424273838602,94.76046696429252,84.94828422580294,0,5,2,0.38333333333333336,2,26,0.07142857142857142
16220,149,109.5,194.5,0.9393939393939394,0.875,2.783333333333333,846.5,899.5,661,979.5,21,27,46,237,304.8333333333333,554.2222222222222,34,34,15,22,12,63.34270180802541,122.00016713161445,109.9025680686539,1,5,1,0.75,0,28,0
16221,93.5,234.5,106.5,0.7878787878787878,0.8055555555555556,3.066666666666667,1094,663.5,496,1356,22,27,40,283.8695652173913,330.125,429.0422535211268,29,23,12,19,12,63.918706681454275,92.29871477017949,79.11406613866403,3,0,8,0.8,0,28,0
16226,102.5,157.5,174.5,0.8636363636363635,0.9861111111111112,2.4000000000000004,524.5,957.5,780.5,791.5,19,29,33,401.25,283.9130434782609,636.4857142857143,25,16,7,20,7,55.80303507341026,72.56192940716763,104.88196675479826,4,2,7,0.6333333333333333,0,28,0
16227,144.5,181,NA,0.9090909090909092,0.5694444444444444,1.2333333333333334,1401.5,2077.5,2048,1062.5,14,24,32,504.8571428571428,378.4166666666667,425.38235294117646,25,27,10,15,5,58.77544718238528,76.682889318181,NA,3,2,NA,0.3333333333333333,3,25,0.10714285714285714
16230,123.5,140.5,172.5,0.9545454545454546,0.75,2.75,872.5,1053,770,1226.5,15,18,37,286.60869565217394,372.2916666666667,NA,34,36,12,13,9,64.75287172908337,68.82169053904796,65.75873320637953,2,4,1,0.7166666666666667,1,27,0.03571428571428571
16232,158.5,243.5,186,0.8939393939393939,0.5694444444444444,1.5333333333333332,1872.5,1257.5,911.5,1163.5,19,23,29,537.5833333333334,253.85,369.1126760563381,20,14,7,13,7,59.70624009584743,109.52481988212884,76.76098114895585,0,3,2,0.4,0,28,0
16233,260.5,232,173.5,0.9393939393939394,0.7361111111111112,2.5166666666666666,581.5,1505.5,630,1029.5,20,25,36,304.7391304347826,394.4583333333333,432.05555555555554,30,25,12,17,8,78.62992365262109,83.73132267654152,114.71997977190048,1,1,4,0.65,0,28,0
16236,58.5,188.5,139.5,0.8333333333333333,0.7638888888888888,1.5333333333333337,2620.5,3023,671.5,1932.5,21,32,43,388.33333333333337,333.60869565217394,453.6029411764706,21,20,12,10,7,67.0393362615038,75.25549566416777,63.56010167410602,3,1,2,0.43333333333333335,0,28,0
16238,110.5,197,101,0.9393939393939394,0.7361111111111112,1.6833333333333331,1564,859,777.5,891.5,19,22,38,286.5882352941176,336.3913043478261,636.1971830985917,25,17,6,11,4,61.20631312174788,69.16091576536233,138.43376683966392,1,1,7,0.48333333333333334,0,28,0
16240,123.5,149,126.5,0.9545454545454546,0.6805555555555556,3.5,683.5,665.5,643.5,1792.5,17,35,47,230.42105263157896,269.6666666666667,367.4117647058823,45,28,13,15,7,64.96675363610365,55.792866673358944,66.9385237172647,1,2,5,0.8666666666666667,0,28,0
16243,58.5,67,150,0.9696969696969696,0.9583333333333334,2.966666666666667,989.5,684,473.5,1377.5,25,36,45,306.9047619047619,325.4583333333333,335.6857142857143,40,28,5,20,10,51.99638131844144,51.53266195556901,52.653271705342256,5,6,0,0.7333333333333334,0,28,0
16244,67,143.5,190.5,1,0.9166666666666669,0.9833333333333336,771.5,756.5,588.5,869.5,23,32,42,294.25,281.75,368.9154929577465,44,35,13,13,9,48.170901247022094,78.13976385321021,62.7795309280509,2,2,2,0.31666666666666676,0,28,0
16245,65.5,208.5,145.5,0.9545454545454546,0.5555555555555556,2.1833333333333336,1180,1048.5,543.5,1039,22,35,42,269.22727272727275,290.6521739130435,380.2285714285714,30,31,5,10,8,65.56553959413058,72.90447213125947,79.60821619095847,3,0,3,0.5833333333333334,0,28,0
16247,88.5,71.5,122.5,0.9090909090909092,0.8888888888888888,3.3666666666666667,664.5,1593,688.5,1007.5,20,31,40,271.04347826086956,363.25,632.5416666666666,34,30,12,19,13,58.22017393036774,74.88980083765445,55.64878465916891,4,5,2,0.8666666666666667,0,28,0
16248,58.5,126.5,158.5,0.9848484848484848,0.6527777777777779,2.4333333333333336,1467.5,1297.5,762.5,1020.5,12,21,36,252.3,281.9583333333333,378.30555555555554,34,22,10,9,5,70.82030752154928,65.44593350824753,62.48970127915037,4,4,1,0.6333333333333333,0,28,0
16250,169,182,221.5,0.9393939393939394,0.5555555555555556,1.4833333333333336,903.5,3103,762.5,1462,21,26,36,548.1428571428571,285.2916666666667,407.6212121212121,31,NA,4,16,9,76.25098534417405,81.40882730466377,58.1325826290263,1,3,2,0.41666666666666674,1,27,0.03571428571428571
16251,122.5,169,125.5,0.7727272727272729,0.7083333333333333,2.55,2022,1465.5,1890.5,1012.5,19,24,32,382,439.45454545454544,628.169014084507,16,33,6,8,3,49.89371238403686,75.49172140042907,62.87969770107617,1,2,4,0.6833333333333333,0,28,0
16252,91.5,151,204.5,0.9545454545454546,0.5277777777777779,2.166666666666667,785.5,1148,1101,802,23,37,40,295.6363636363636,337.125,NA,38,33,5,18,10,68.81654097712806,51.94428531220489,56.22523095323559,1,1,3,0.5666666666666667,1,27,0.03571428571428571
16254,228.5,124.5,164,0.9545454545454546,0.7361111111111112,2.916666666666667,730.5,740.5,902,751.5,28,32,41,284.6521739130435,337.2083333333333,389.3521126760563,29,31,12,19,13,83.35924774370964,80.24509220316862,63.57827308531302,0,6,3,0.75,0,28,0
16256,58.5,158.5,101,1,0.875,2.716666666666667,750.5,675,689,879,25,39,51,NA,318.3478260869565,354.30985915492954,47,35,15,20,13,79.91717509951492,71.02958316361685,71.1765578938531,2,1,3,0.7166666666666667,1,27,0.03571428571428571
16259,156.5,264,281,0.9696969696969696,0.7361111111111112,2.2,1433.5,1304.5,640.5,1826.5,19,22,33,450.2142857142857,305.7826086956522,617.2142857142857,29,26,13,13,7,56.0696122551219,108.29824036081207,77.30679417445737,2,2,4,0.5666666666666667,0,28,0
16264,NA,171.5,131,0.9242424242424242,0.9166666666666669,3.1,488.5,1179.5,770.5,845.5,24,32,49,454.21428571428567,277.05555555555554,297.030303030303,39,27,12,14,8,NA,80.6434231796224,70.02946441694971,NA,1,5,0.8,3,25,0.10714285714285714
16265,NA,74.5,131,0.8484848484848485,0.7222222222222222,2.7833333333333337,1205.5,1831.5,2051.5,834.5,20,28,40,346.17391304347825,355.1666666666667,444.3802816901408,20,25,8,8,6,NA,82.49967762670735,73.74173832797274,NA,8,3,0.7166666666666668,3,25,0.10714285714285714
16267,81,166,142.5,0.9696969696969696,0.8194444444444444,2.55,1067.5,1065,756.5,1437.5,20,31,39,421.8888888888889,303.5833333333333,444.7083333333333,30,33,11,7,6,72.83769178091542,100.90818100088708,68.23362817690699,4,5,4,0.6833333333333333,0,28,0
16268,75.5,152,159.5,1,0.7083333333333334,2.45,818,1247,650,1328.5,22,33,37,326.95238095238096,299.9130434782609,432.3611111111111,37,33,8,20,6,58.55116874753336,60.352099271896286,73.9986582205361,3,1,1,0.65,0,28,0
16271,140.5,205.5,173.5,0.9393939393939394,0.75,2.416666666666667,760.5,930,870,886.5,16,18,40,394.60869565217394,391.75,401.0138888888889,40,29,11,14,9,61.40020661480241,71.40702182529003,57.390969710010296,0,1,1,0.65,0,28,0
16272,75.5,126.5,139.5,0.8939393939393939,0.9583333333333334,2.8833333333333333,1098.5,821.5,1821,1070,23,26,39,322.85714285714283,274.3181818181818,453.47222222222223,34,40,13,21,9,61.85240023550919,56.58983631773541,62.72986099931123,6,1,2,0.75,0,28,0
16274,122.5,183,88.5,0.8484848484848484,0.8611111111111112,2.216666666666667,857.5,838.5,1023.5,822.5,20,35,37,331.72727272727275,301.4583333333333,382.22222222222223,38,30,12,19,14,65.05969708196591,66.09079291248834,62.26936168177187,2,0,5,0.6166666666666667,0,28,0
16277,135,211.5,182,0.8030303030303032,0.6388888888888888,1.45,1426.5,1186.5,756,2016.5,15,17,36,287.9473684210526,365.25,443.5,27,26,13,17,8,54.44964815678025,73.07578585772038,72.74900988821987,1,0,3,0.41666666666666663,0,28,0
16279,75.5,211.5,106.5,0.9393939393939394,0.875,2.716666666666667,1414.5,768.5,643.5,1452,22,30,42,246.06666666666663,316.0833333333333,453.81944444444446,28,23,14,25,12,63.59266149285372,68.91700219459173,65.1147922534716,5,1,6,0.7166666666666667,0,28,0
16280,174.5,149,221.5,0.7575757575757576,0.5555555555555556,1.4166666666666663,1063.5,2082.5,1875.5,1435,17,30,32,362,325.45454545454544,395.2,30,27,9,15,5,63.93888025138867,69.47316628262553,66.5706578176114,0,3,5,0.3833333333333333,0,28,0
16281,58.5,167,186,0.8333333333333333,0.9444444444444444,2.216666666666667,2657,1185.5,902.5,NA,25,30,53,488.75,333.95238095238096,470.2638888888889,38,15,12,17,13,47.466374809844616,73.37690517298994,76.20348831389329,3,2,1,0.5833333333333334,1,27,0.03571428571428571
16283,67,152,100,0.9393939393939394,0.9583333333333331,2.7833333333333337,583,681.5,758.5,815.5,25,38,48,308.7083333333333,328.4583333333333,299.05555555555554,46,29,12,11,10,44.675901448239024,59.709131695255955,59.615608973936816,1,0,2,0.7166666666666668,0,28,0
16284,160.5,130,159.5,0.7272727272727272,0.7638888888888888,1.7000000000000002,1209.5,1848.5,1037.5,825.5,13,31,33,425.3888888888889,280.4782608695652,372.17391304347825,25,30,9,11,7,84.72456154969015,61.864467367747025,85.2555503486326,3,2,3,0.4666666666666667,0,28,0
16285,72.5,139.5,108.5,1,0.9166666666666669,3.216666666666667,668,784,1103.5,741,33,37,43,268.84615384615387,306.2083333333333,354.0833333333333,40,29,12,21,14,49.01751025966882,64.18048230194783,56.88059846968475,1,0,2,0.8166666666666667,0,28,0
16286,149,94.5,208.5,0.8787878787878787,0.8333333333333333,1.9166666666666667,832.5,808.5,542.5,770.5,24,38,43,298.35,285.5,329.3768115942029,25,NA,9,14,NA,56.58273535024894,74.44542005641374,76.49447205726143,0,5,1,0.48333333333333334,2,26,0.07142857142857142
16287,105.5,304,172.5,0.9242424242424242,0.5972222222222222,1.0833333333333337,1083.5,968,913.5,993,15,30,35,281.55,388.7916666666667,460.95833333333337,19,19,8,8,5,68.34077108803942,54.22667161917295,67.94031590169931,2,0,5,0.2833333333333333,0,28,0
16292,140.5,NA,258.5,NA,0.8333333333333333,2.6333333333333333,1415.5,2131.5,976.5,946.5,20,28,27,339.53333333333336,392.7083333333333,436.6060606060606,43,41,11,19,8,55.99905014392009,NA,91.07299698671302,1,NA,2,0.6666666666666667,4,24,0.14285714285714285
16293,202,NA,323.5,0.6363636363636364,0.625,1.3166666666666669,1487.5,2698,1381.5,978,20,21,27,404.22727272727275,NA,397.2428571428571,32,28,12,15,8,72.4270236780806,NA,90.47483095016528,2,NA,2,0.35000000000000003,4,24,0.14285714285714285
16294,NA,213.5,144.5,1,0.8333333333333334,2.366666666666667,598,1136.5,2312.5,1196,24,32,43,309.5833333333333,379.375,394.69444444444446,35,35,14,20,13,NA,124.7852552550903,57.336570088413445,NA,3,1,0.6333333333333334,3,25,0.10714285714285714
16295,58.5,90.5,122.5,0.9242424242424242,0.8055555555555556,2.1166666666666667,617,771,813,788,21,28,36,303.70833333333337,366.125,412.225352112676,42,40,8,12,8,51.318761171982246,62.9650218107737,70.02000727249118,1,4,7,0.5833333333333334,0,28,0
16296,153,156.5,140.5,0.9848484848484848,0.8333333333333333,2.8,602.5,843.5,1286.5,1048.5,22,34,42,335.1,295.4583333333333,314.01428571428573,25,33,11,11,6,67.97589985423447,56.44984201147571,58.8918801372421,2,1,0,0.7333333333333334,0,28,0
16298,75.5,181,168,0.9848484848484848,0.7361111111111112,1.8833333333333335,654,1276.5,826.5,802.5,24,34,32,378.7916666666667,404.04166666666663,454.29166666666663,29,17,12,17,8,62.74262127790564,82.99396500318777,72.22980649848448,4,3,2,0.5166666666666667,0,28,0
16299,280,251,379,0.9242424242424242,0.5833333333333333,2.3,1269.5,875.5,830.5,1122.5,24,32,39,396.66666666666663,298.17391304347825,509.8840579710145,30,22,10,12,4,87.91137340792763,78.82429513510478,98.21899832112764,0,3,1,0.6333333333333333,0,28,0
16300,106.5,221,174.5,0.8030303030303031,0.6388888888888888,2.8166666666666664,763,1640.5,870,942.5,22,32,38,403.2173913043478,336.1304347826087,408.6111111111111,43,32,7,21,11,58.5350716231652,67.77931440338496,56.16818715453573,3,0,2,0.7166666666666667,0,28,0
16301,83.5,151,133,1,0.9444444444444444,2.6500000000000004,603,951.5,675.5,925.5,28,35,47,254.6,251.6818181818182,297.14084507042253,25,20,13,16,10,53.52892437440576,64.11546266846625,71.05854892893973,1,2,4,0.6833333333333333,0,28,0
16304,123.5,149,140.5,0.8030303030303032,0.7083333333333333,2.333333333333333,966.5,802.5,981,894.5,22,32,39,578.3636363636364,381,422.77777777777777,46,38,6,18,10,83.83602018310414,88.73604175521342,54.665224693402145,4,5,1,0.6,0,28,0
16305,58.5,157.5,143.5,0.9696969696969696,0.9027777777777778,2.533333333333333,871.5,2100.5,1657,1139.5,23,34,42,322.8181818181818,406.5833333333333,477.71428571428567,36,33,10,16,9,48.325245410361134,113.56429584504166,82.66298911546534,0,5,3,0.6666666666666666,0,28,0
16307,84,132,124.5,0.9393939393939394,0.9583333333333334,2.4333333333333336,1400.5,2381.5,1933,1210,23,34,33,441.7826086956522,363.60869565217394,553.0555555555555,39,41,12,17,2,49.90485628524607,57.93460485509773,65.68977974632408,2,1,3,0.6666666666666667,0,28,0
16309,134,172.5,207.5,0.696969696969697,0.6666666666666667,1.9333333333333331,657,1963.5,1904,971.5,21,33,35,333.95652173913044,350.75,516.1666666666667,41,37,10,8,11,70.50116630492444,73.72442458332141,58.98232696000575,3,1,0,0.5333333333333333,0,28,0
16310,127.5,85,168,0.9393939393939394,0.6944444444444444,2.083333333333333,590.5,2902.5,617.5,1041,32,23,47,295.2,345.09090909090907,369.47887323943667,46,43,13,20,8,67.06660180756278,99.94069163244583,88.94199839229039,5,8,7,0.5166666666666666,0,28,0
16311,109.5,148,146,0.7727272727272728,0.9027777777777778,1.95,646,771.5,1129,877,19,34,38,353.0952380952381,389.45833333333337,573.9577464788733,25,21,10,21,13,65.9622716148841,77.35381717740175,68.08847758719419,3,4,2,0.55,0,28,0
16312,199,247,204.5,0.7727272727272729,0.8472222222222222,1.6166666666666667,1695.5,2510,926.5,1696.5,14,23,33,414.36363636363626,371.2083333333333,393.3181818181818,31,35,7,13,5,78.22591567363544,82.1330869481429,61.97597338159155,1,2,3,0.4166666666666667,0,28,0
16313,109.5,NA,297,0.9242424242424242,0.9166666666666666,3.1833333333333336,NA,1791.5,798.5,928.5,28,37,37,408.6190476190476,462.7916666666667,434.40845070422534,29,13,12,23,12,58.85610231863679,NA,88.13802843686481,1,NA,2,0.7833333333333333,4,24,0.14285714285714285
16314,75.5,217,236,0.8484848484848484,0.5277777777777778,2.066666666666667,1247.5,1913.5,849,1916.5,11,15,30,379.05,332.5416666666667,312.890625,26,19,9,9,3,56.94117905646515,80.91803707087966,61.12234852622813,5,1,0,0.5333333333333334,0,28,0
16315,142.5,328,351,0.8787878787878788,0.7638888888888888,2.1333333333333333,1228,3243.5,NA,1282.5,21,28,39,502.73333333333335,297.2173913043478,594.361111111111,7,22,11,8,8,76.94290735933886,74.54367085975998,97.12986663692996,4,1,0,0.5666666666666667,1,27,0.03571428571428571
16317,109.5,237.5,291.5,0.9393939393939394,0.9027777777777778,0.8666666666666666,1135.5,1647,1718,1052.5,19,30,30,447.3478260869565,408.4583333333333,665.536231884058,34,19,8,18,4,71.79205590300462,82.82522132318176,67.79410579203655,3,1,0,0.2666666666666666,0,28,0
16321,256.5,155.5,159.5,0.8636363636363636,0.9166666666666666,1.95,1346.5,NA,961,966.5,27,34,36,403.7647058823529,390.375,524.2121212121212,43,29,6,16,8,71.8531673593758,54.76318698666258,71.79540227085606,0,0,1,0.5166666666666667,1,27,0.03571428571428571
16323,109.5,194.5,213,0.7727272727272728,0.9027777777777778,3.6,626.5,1152,564,877.5,23,29,39,546.6923076923077,298.95833333333337,NA,53,41,15,20,11,49.84543485502482,75.04493925509847,57.78899009228768,0,0,2,0.9,1,27,0.03571428571428571
16324,160.5,145,116,0.8636363636363635,0.75,2.316666666666667,1347,1738,793,1463,22,35,41,276.25,279.4583333333333,NA,13,27,11,21,12,63.3916083613462,69.37570841757018,62.157187496272776,0,2,4,0.6166666666666667,1,27,0.03571428571428571
16327,75.5,250,134,0.9393939393939394,0.6111111111111112,3.216666666666667,1065,907,2379,1076.5,23,26,44,243.33333333333337,334.125,375.8888888888889,40,40,7,11,9,52.110761572166695,82.96114402803109,74.90153110385747,2,1,3,0.8166666666666667,0,28,0
16328,92.5,75.5,133,0.9696969696969696,0.9722222222222222,3.016666666666667,974,798,968,799.5,16,36,53,NA,248.3181818181818,318.7916666666667,NA,33,13,NA,14,44.30501548541791,53.42720572944778,60.18197875922563,0,4,1,0.7833333333333334,3,25,0.10714285714285714
16329,108.5,257.5,425.5,0.9393939393939394,0.6944444444444444,1.8833333333333333,802.5,1667.5,1855,1020,21,16,28,354.65,329.60869565217394,478.6388888888889,39,29,10,12,5,81.55265235651737,70.61883249917193,88.00672927204555,5,1,0,0.5166666666666666,0,28,0
16330,270,NA,357.5,0.5909090909090909,0.8611111111111112,2.333333333333333,602,1516.5,998,1670.5,18,27,35,NA,349.94444444444446,459.40579710144925,35,30,13,19,12,65.43697904816784,154.51658773906712,138.37383838333088,0,2,4,0.6,2,26,0.07142857142857142
16331,270,201,237.5,0.8939393939393939,0.8888888888888888,2.0999999999999996,646.5,1568.5,814.5,1388.5,23,32,36,437.25,369.3333333333333,446.4782608695652,33,23,9,10,6,72.8623374094323,73.71129228231644,84.93134482235244,0,1,2,0.6,0,28,0
16333,141.5,251,243.5,0.8333333333333333,0.8333333333333333,1.1666666666666663,636.5,1003.5,1248.5,854.5,24,33,43,317.95,336,399.91666666666663,36,35,8,19,7,56.36341993157423,98.85640420570772,67.58686294357204,0,2,0,0.3666666666666667,0,28,0
16334,123.5,272.5,425.5,0.8939393939393939,0.5138888888888888,2.166666666666667,2715,NA,949.5,NA,16,18,31,441.65,363.3478260869565,492.13043478260863,NA,23,13,12,6,63.05631840490011,82.22577463414008,81.53626874322478,4,8,0,0.5666666666666667,3,25,0.10714285714285714
16339,126.5,177.5,261.5,0.8333333333333334,0.8611111111111112,2.6666666666666665,1106.5,1104.5,1329.5,791.5,21,31,31,406.3571428571428,417.125,406.01408450704224,33,27,13,20,9,59.17590078775779,64.56971602036324,61.03282165481894,2,3,0,0.7,0,28,0
16340,205.5,215,211,0.7424242424242424,0.7638888888888888,1.6666666666666663,772.5,2255,969.5,1991.5,15,27,31,588.4444444444445,362.75,418.6428571428572,14,24,8,9,8,81.68589023277256,101.78141777135008,76.97718875519216,1,5,4,0.4666666666666667,0,28,0
16342,75.5,223.5,209.5,0.9545454545454546,0.8888888888888888,1.8833333333333333,558.5,737.5,612,908.5,27,31,48,434.30434782608694,365.7916666666667,349.81944444444446,36,25,8,20,9,52.26648506445508,81.81529751703782,73.74307276037422,2,5,0,0.5166666666666667,0,28,0
16343,224.5,254.5,148,0.8181818181818181,0.5416666666666667,NA,1056.5,NA,NA,1008.5,21,29,32,389.77777777777777,398.60869565217394,545.4027777777778,33,15,8,18,10,78.68167980914396,88.80049507481316,73.87583026858202,1,2,5,NA,4,24,0.14285714285714285
16345,173.5,NA,155.5,0.8787878787878787,0.6666666666666666,1.8833333333333333,881.5,1089.5,772,1010.5,23,32,36,352.1578947368421,319.39130434782606,443.40277777777777,26,25,9,10,6,71.43548085882753,NA,58.58495377236922,2,NA,2,0.5166666666666666,3,25,0.10714285714285714
16346,123.5,58.5,157.5,0.9393939393939394,0.625,2.2,940,928,NA,954.5,18,28,36,568.3529411764706,419.54166666666663,393,28,21,9,5,9,66.45162680983634,106.30365145213376,60.74986501458896,4,8,4,0.6000000000000001,1,27,0.03571428571428571
16349,156.5,160.5,172.5,0.6363636363636365,0.6666666666666667,2.833333333333333,902.5,708.5,736,981,20,29,36,366.7368421052632,318.5416666666667,356.15942028985506,50,31,13,15,10,84.62968980897375,75.98623428897133,109.1581726163285,2,1,6,0.7333333333333334,0,28,0
16350,174.5,199.5,183,0.9090909090909092,0.6944444444444444,2.5166666666666666,1192.5,991,1233,1034.5,23,33,39,426.22222222222223,329.3181818181818,429.6111111111111,37,35,13,23,15,75.93332975298715,87.75230089323438,100.52934365731338,7,2,4,0.6833333333333333,0,28,0
16352,213,109.5,175.5,0.9090909090909092,0.6527777777777778,2.4333333333333336,899,NA,NA,1134.5,26,30,35,371.2857142857143,401,406.67605633802816,20,14,9,17,14,64.13521495927445,73.01292025951773,69.22345357480147,0,4,3,0.6333333333333333,2,26,0.07142857142857142
16353,167,251,219,0.8333333333333333,0.6388888888888888,1.6833333333333336,1368,1408.5,NA,1585.5,21,34,30,437.375,422.3333333333333,462.79166666666663,38,25,12,9,6,58.655624363768794,81.77772156694542,96.02407167177162,0,1,2,0.4166666666666667,1,27,0.03571428571428571
16357,67,176.5,109.5,0.8939393939393939,0.6944444444444444,2.3,1002,884.5,921.5,773,15,25,31,353.47058823529414,320.6521739130435,505.30985915492954,28,20,14,23,11,74.11800240253272,58.83404656711107,66.1457127798086,5,0,3,0.6333333333333333,0,28,0
16360,137.5,169,216,0.8939393939393939,0.6944444444444444,3.4000000000000004,791,1044,873.5,771.5,20,30,36,356.5,427.3478260869565,468.9090909090909,38,38,11,8,7,63.89336195668263,71.8188718555919,56.26986646812328,0,1,0,0.8333333333333334,0,28,0
16366,75.5,169,157.5,0.9090909090909092,0.9861111111111112,2.7333333333333334,675.5,2074,545.5,776,20,35,54,250.07692307692307,278.3478260869565,399.17910447761193,46,38,12,NA,11,57.36740802534223,67.32955891394282,68.44772038228822,1,1,3,0.7333333333333334,1,27,0.03571428571428571
16368,192.5,194.5,201,0.8484848484848485,0.8472222222222222,3.55,703.5,1186.5,727.5,964,19,34,32,554.1578947368421,304.04347826086956,441.83333333333337,42,33,14,21,11,63.28914565268525,63.26483791421629,69.07061603894958,0,1,1,0.8833333333333333,0,28,0
16369,160.5,209.5,204.5,0.8333333333333334,0.8333333333333333,2.4000000000000004,976,1151.5,1546.5,1147,17,26,34,268.2173913043478,323.0833333333333,456.5633802816901,41,35,13,18,13,75.3877182794113,74.50887661906773,70.2917426019172,3,1,1,0.6333333333333333,0,28,0
16370,84,118,173.5,0.9393939393939394,0.9166666666666666,3.1,944,891.5,561,2122.5,19,31,43,269.35,336.0416666666667,423.8405797101449,36,28,13,15,14,46.245854711684,69.92030671257203,59.936132526794765,0,3,0,0.8,0,28,0
16371,150,229.5,125.5,1,0.8611111111111112,1.7833333333333334,820,1011,714.5,898.5,23,33,35,405.9047619047619,356.5,525.0277777777778,40,30,15,17,9,58.398814564622725,78.37240612966525,58.98032789001929,0,1,2,0.4833333333333334,0,28,0
16372,90.5,135,58.5,1,0.9444444444444444,3.533333333333333,488,755,765,748.5,24,35,34,318.45454545454544,242.43478260869568,542.4142857142857,43,35,16,24,15,65.50856354067858,65.89987771596184,54.02983399005505,5,2,3,0.9,0,28,0
16373,75.5,171.5,88.5,1,0.9583333333333331,1.9833333333333336,2652.5,948.5,875,1365,17,30,41,229.42105263157896,304.125,394.66197183098586,31,27,14,15,9,49.7415260611656,60.76734130685286,58.85937080801063,3,0,3,0.55,0,28,0
16374,84,143.5,189.5,0.8484848484848485,0.875,2.9000000000000004,629.5,1539,674.5,1293.5,16,29,33,366.7,394.95833333333337,372.71014492753625,44,33,10,9,11,52.21436991415213,61.326457562483746,80.89524572026369,1,1,1,0.7666666666666667,0,28,0
16375,157.5,293.5,238.5,0.8030303030303031,0.5277777777777778,3.15,1137,939.5,741,1517.5,22,32,44,350.875,337.7083333333333,404,44,34,10,12,9,72.0666770408926,92.91527445447464,97.37213838328358,2,2,7,0.8166666666666667,0,28,0
16376,89.5,135,156.5,0.8484848484848485,0.8194444444444444,2.3166666666666664,604.5,732.5,703.5,796.5,20,31,41,507.27272727272725,301.25,382.1527777777777,41,38,15,23,13,58.83999444942624,85.55276046215594,54.29307127665999,1,3,0,0.65,0,28,0
16377,75.5,171,124.5,0.9696969696969696,0.8194444444444444,2.9333333333333336,890.5,1122,1086.5,1015,18,30,39,322.05,403.2173913043478,666.0845070422533,25,38,10,15,8,59.51782839757445,82.89597642709454,60.027283985659714,6,2,3,0.7666666666666666,0,28,0
16379,247.5,209.5,185.5,0.9242424242424242,0.8611111111111112,3.2666666666666666,1037.5,1867.5,629.5,1068.5,33,40,48,287.46666666666664,281.82608695652175,408.92753623188406,30,15,8,23,13,78.18372615487824,67.6763129413337,86.70344623284866,0,0,4,0.8333333333333334,0,28,0
16380,110.5,106.5,165,1,0.6388888888888888,1.25,594,815,2066,779.5,22,35,46,361.6111111111111,286.5,NA,29,25,8,17,11,55.94511938479284,75.77120048339627,56.68604826036021,1,3,0,0.38333333333333336,1,27,0.03571428571428571
16383,135,274.5,413,0.9696969696969696,0.5277777777777778,2.316666666666667,2498,2514.5,2148.5,1909.5,19,30,41,572.75,520.5263157894736,454.6571428571429,46,22,12,12,7,64.78080882089512,85.03344930084866,105.52227421075575,0,1,2,0.6166666666666667,0,28,0
16384,92.5,100,262.5,0.9090909090909092,0.875,3.6,558.5,934.5,1302.5,794.5,17,34,44,251.27272727272728,315.2916666666667,403.78571428571433,31,24,13,12,12,55.375315185693466,69.39766178332604,62.20436462759992,0,2,0,0.9,0,28,0
16385,268,106.5,222.5,0.9545454545454546,0.75,2.833333333333333,NA,2134.5,NA,1104.5,23,28,44,325,313.75,529.9850746268656,36,28,15,17,10,74.43289137974513,88.51681733068925,61.37086424944172,1,11,2,0.7333333333333334,2,26,0.07142857142857142
16387,75.5,149,NA,1,0.9027777777777778,3.533333333333333,1045.5,1177.5,NA,1287,32,41,41,293.0416666666667,348.125,454.875,48,44,12,24,14,49.71696041073177,60.232292651153365,147.18057129721936,1,0,0,0.9,2,26,0.07142857142857142
16388,123,181,189.5,0.8333333333333333,0.9444444444444444,2.8500000000000005,872.5,NA,1186.5,1367,20,34,47,279.3125,255.04347826086956,385.875,48,35,14,16,11,58.26881563826852,88.87835090090975,74.46351562728198,1,2,0,0.75,1,27,0.03571428571428571
16390,109.5,299.5,140.5,0.7575757575757576,0.8472222222222222,3.066666666666667,1244,997.5,1538.5,1091.5,26,33,41,465.26666666666665,323.4347826086956,342.75757575757575,32,40,12,13,9,56.94485325344811,106.70120506873656,102.34911052633488,1,1,6,0.8,0,28,0
16392,115,133,182,0.8939393939393939,0.8472222222222222,2.95,1017.5,2457.5,NA,1851.5,23,33,47,NA,306.875,317.21875,41,28,13,16,10,57.9943137344681,53.12608780696879,60.70642061220626,1,1,0,0.7833333333333333,2,26,0.07142857142857142
16394,58.5,151,175.5,0.9696969696969696,0.9305555555555556,3.283333333333333,476.5,726.5,593,838.5,25,38,38,244.08695652173913,287.875,322.0285714285714,39,46,14,19,15,44.65462418376071,107.1963714718814,54.79396854911772,1,4,0,0.8500000000000001,0,28,0
16396,200,170.5,158.5,0.9848484848484848,0.9027777777777778,2.9333333333333336,864.5,NA,766,1277,18,29,34,281.14285714285717,308.1304347826087,433.22222222222223,49,37,12,NA,7,59.08948617043921,65.70981769754025,65.23802572120036,0,7,1,0.7666666666666666,2,26,0.07142857142857142
16397,93.5,NA,107.5,0.6363636363636365,0.9166666666666669,NA,NA,1256,NA,1024,17,29,40,301.9166666666667,383.875,458.4428571428572,48,47,14,NA,14,62.21924173881575,NA,56.33938131116479,3,NA,2,NA,8,20,0.2857142857142857
16398,141.5,210.5,190.5,0.7878787878787878,0.8194444444444443,1.666666666666667,661.5,1619,679.5,1148.5,13,26,37,283,333.375,NA,26,32,12,11,8,77.64498848984819,60.04535815082624,87.30768125241765,1,2,3,0.5,1,27,0.03571428571428571
16400,109.5,140.5,72.5,0.8939393939393939,0.7361111111111112,1.9666666666666668,1226,1702.5,773,930,19,25,31,375.42857142857144,417.3333333333333,376.7605633802817,39,32,14,12,8,63.7933832358878,77.31192002998894,74.32070623915334,1,4,9,0.5333333333333334,0,28,0
16403,100,157.5,177.5,0.9696969696969696,0.7638888888888888,3.7,1472.5,869.5,565.5,1854.5,23,32,46,247.55,291.25,397.4305555555555,48,42,15,19,9,81.48312436779523,73.88398995473382,61.3562437937841,5,2,2,0.9333333333333332,0,28,0
16405,109.5,175.5,109.5,0.9848484848484848,0.6805555555555556,2.583333333333333,1023,973.5,1518,1479.5,23,30,34,585,403.2608695652174,465.74647887323937,40,29,11,20,6,62.77936147294234,90.9864673126864,108.22432049266604,2,7,4,0.65,0,28,0
16406,92.5,233,126.5,1,0.75,2.75,546,1016.5,NA,1308.5,30,36,38,283.17391304347825,282.5833333333333,530.875,37,43,13,16,15,46.04004963303977,76.96540624764638,59.82379564038624,0,0,1,0.7166666666666667,1,27,0.03571428571428571
16407,118,118,275.5,0.9242424242424242,0.9861111111111112,3.4833333333333334,1235,800,1262.5,1342.5,27,42,43,330.95,324.5833333333333,591.1666666666667,45,34,13,22,14,63.58040645597025,73.55901765259094,58.882260209471305,2,6,0,0.8833333333333333,0,28,0
16408,168,211.5,199,0.9393939393939394,0.8194444444444444,3.25,606.5,1634.5,1013,942,15,22,40,387.1052631578947,363.17391304347825,483.21428571428567,32,22,14,10,8,75.9763751074509,76.47703961747266,72.38941186634004,3,2,4,0.8166666666666667,0,28,0
16411,74.5,133,176.5,0.8030303030303031,0.6944444444444444,2.9166666666666665,1469.5,797.5,1119.5,1198,19,33,46,384.6923076923077,333.5,314.75,34,27,16,18,11,49.94079828490261,113.1832737530012,79.86571175976344,2,3,4,0.75,0,28,0
16412,75.5,217,199,0.8939393939393939,0.7361111111111112,2.05,754,1249.5,750.5,986.5,16,31,39,NA,411.5833333333333,422.09722222222223,29,13,10,16,7,47.17302071076987,69.44317540211621,68.52234713389194,0,0,2,0.55,1,27,0.03571428571428571
16414,91.5,140.5,133,0.9696969696969696,0.9444444444444444,2.833333333333333,NA,852,NA,886,21,32,42,338.70588235294116,312,429.08333333333337,44,35,10,NA,8,51.9148878945759,67.8013368348718,56.18357385954731,1,2,2,0.7333333333333334,3,25,0.10714285714285714
16415,58.5,122.5,119,0.9848484848484848,0.9444444444444444,2.75,1945,1028,917.5,973,19,31,NA,304.6521739130435,340.625,612.8405797101449,39,33,16,12,10,54.88362526924613,77.43738891599884,60.50496726575255,3,3,3,0.7166666666666667,1,27,0.03571428571428571
16417,74.5,135,152,0.8333333333333334,0.9444444444444444,3.7,1667,920,1769,1447,26,35,50,265.2142857142857,297.7916666666667,309.82608695652175,42,44,16,22,14,66.11948873653017,64.18015078915872,70.08048817392067,3,2,2,0.9333333333333332,0,28,0
16418,141.5,137.5,82,0.9545454545454546,0.8055555555555556,2.6666666666666665,1123.5,931.5,2011.5,968.5,20,26,40,NA,385.875,493.169014084507,45,30,14,16,11,66.5823724621993,84.77930255577695,87.72271554560444,1,5,6,0.7,1,27,0.03571428571428571
16419,126.5,132,174.5,0.9393939393939394,0.8888888888888888,2.8333333333333335,NA,815,1332.5,847.5,13,18,41,434.7826086956522,423.2083333333333,391.8169014084507,44,46,13,NA,14,62.90688477807712,62.437017911442254,83.70038754920152,1,2,4,0.7000000000000001,2,26,0.07142857142857142
16420,100,75.5,73.5,1,0.9305555555555556,2.6333333333333337,436.5,599,851,784.5,25,34,36,438.16666666666663,321.3333333333333,560.5416666666667,22,30,13,20,14,46.07932856798801,56.26898024931563,48.59192867045816,0,4,4,0.7000000000000001,0,28,0
16422,154.5,213,226.5,NA,0.7222222222222222,2.5166666666666666,1271,2139.5,1014,1170,18,39,36,293.05555555555554,375.7083333333333,339.6923076923077,37,29,12,21,15,75.71164736088687,57.43445230919102,84.95304293282315,3,3,2,0.6833333333333333,1,27,0.03571428571428571
16423,157.5,152,159.5,0.9696969696969696,0.8055555555555556,3.0500000000000003,771,892.5,761,816.5,21,32,44,291.57142857142856,269.0952380952381,335.44444444444446,46,35,13,17,8,55.300047933238176,78.44404429340945,56.26707778579932,0,2,2,0.7833333333333334,0,28,0
16424,106.5,157.5,139.5,1,0.9166666666666669,3.05,636.5,2418.5,858,NA,25,32,44,NA,282.6363636363636,385.3285714285714,49,NA,15,18,14,65.53002668367473,61.166845420729395,84.30437088523115,5,1,6,0.7833333333333333,3,25,0.10714285714285714
16425,98,174.5,159.5,0.9393939393939394,0.8055555555555556,2.5666666666666664,601.5,1174.5,868.5,788.5,15,31,42,240.27272727272728,287.3333333333333,445.55555555555554,38,34,14,20,11,53.05867470068309,67.6918831626015,64.89079410497662,2,1,0,0.6666666666666667,0,28,0
16427,58.5,185,205.5,0.9696969696969696,0.8611111111111112,3.5833333333333335,622.5,719.5,1165,1368,29,42,47,263.5,276.6666666666667,301.9,50,46,15,25,14,56.476784755437855,59.961567921957936,62.599920127744575,3,0,0,0.9166666666666669,0,28,0
16428,89.5,177.5,159.5,0.9696969696969696,0.8472222222222222,2.6,626.5,1392.5,1457.5,1654.5,20,32,47,357.52941176470586,482.5652173913044,385.8428571428571,40,29,13,19,12,52.970280540765266,72.11367786669179,64.54685197041587,1,0,0,0.7,0,28,0
16430,92.5,155.5,136,0.9242424242424242,0.8472222222222222,2.466666666666667,1273.5,1031.5,1245.5,873,18,24,34,283.9047619047619,340.875,461.9154929577465,37,34,6,16,11,80.28177327742189,62.922948350168845,101.06566926284168,3,2,4,0.6333333333333333,0,28,0
16435,191.5,115,196,0.8939393939393939,0.8194444444444444,2.7666666666666666,605,1753,1433,1072,20,37,47,NA,345.04545454545456,351.30555555555554,38,28,12,20,14,53.07715513441842,78.02163729712947,66.09191965718374,0,8,2,0.7333333333333334,1,27,0.03571428571428571
16436,122.5,157.5,155.5,0.9696969696969696,0.9583333333333331,2,635.5,1105.5,625.5,822.5,23,31,40,422.2857142857143,370.2083333333333,448.27777777777777,29,34,13,17,7,60.01875814932557,57.68568153892204,62.78585339489161,2,1,3,0.5666666666666667,0,28,0
16437,187.5,274.5,295.5,0.6363636363636364,0.8888888888888888,1.7166666666666668,995.5,863.5,NA,1185.5,21,28,34,248.55,356.375,NA,39,25,15,15,4,58.05933624166482,87.9058873765631,83.41257579896713,4,4,0,0.45000000000000007,2,26,0.07142857142857142
16439,141.5,164,227.5,0.9242424242424242,0.9444444444444444,3.1833333333333336,732.5,1199.5,939,1244,20,30,43,238.04347826086956,288.5833333333333,376.9154929577465,32,42,14,20,13,51.61558330307147,55.093585756323414,74.96626901054702,0,0,1,0.8166666666666667,0,28,0
16440,140.5,224.5,159.5,0.9696969696969696,0.9583333333333334,3.1333333333333337,918.5,747,778,978.5,28,39,43,424.8181818181818,268.77777777777777,397.07142857142856,40,34,13,16,9,50.81798977828996,60.624585982354674,57.973933369701705,0,0,0,0.8,0,28,0
16441,163,240.5,72.5,0.7878787878787878,0.9305555555555556,2.2666666666666666,1014,2406.5,644,880,22,26,45,424.57894736842104,431.2083333333333,416.55555555555554,41,36,12,16,10,83.87679879374586,93.5738700115378,68.31458508591699,2,2,6,0.6,0,28,0
16442,114,126.5,194.5,0.9393939393939394,0.8333333333333333,2.7333333333333334,1196.5,1453.5,768.5,1022.5,24,35,51,244.25,304.04347826086956,331.86567164179104,47,19,17,22,13,51.222294015939184,70.53842760866979,103.44793247833692,0,2,4,0.7000000000000001,0,28,0
16443,75.5,174.5,228.5,1,0.9444444444444444,3.2333333333333334,665,790,531.5,862.5,29,36,50,275.1666666666667,305.69565217391306,389.5070422535211,47,34,11,20,12,58.377223863056784,59.15970391555292,64.51565316685632,1,0,1,0.8333333333333334,0,28,0
16444,172.5,132,170.5,0.7424242424242425,0.7916666666666666,2.716666666666667,875.5,990,NA,1065.5,16,23,39,441.2173913043478,483.2608695652174,375.91666666666663,35,30,13,10,6,69.3579950087314,79.87685557617795,56.02981728983163,1,4,1,0.7166666666666667,1,27,0.03571428571428571
16445,67,109.5,114,0.9242424242424242,0.9305555555555556,3.3833333333333337,NA,759,1512.5,715.5,12,32,47,381.77777777777777,282.7916666666667,348.38571428571424,46,32,10,NA,14,59.95954605499085,57.49850445171943,54.13766272035296,1,1,1,0.8500000000000001,2,26,0.07142857142857142
16447,NA,259.5,277.5,0.6363636363636365,0.5833333333333333,1.8833333333333335,962.5,946.5,NA,1456,18,31,42,289.6363636363636,350.9166666666667,420.7042253521127,19,13,11,20,10,NA,98.59175083815748,89.10045928036301,NA,3,0,0.4833333333333334,4,24,0.14285714285714285
16449,98.5,108,188.5,0.8787878787878788,0.75,3.166666666666667,868,865.5,955.5,1095.5,20,25,38,268.57142857142856,353.9583333333333,413.17391304347825,27,11,12,15,11,64.72516569672175,54.81380475290291,61.68186510044508,6,1,1,0.8333333333333334,0,28,0
16450,75.5,160.5,89.5,0.9545454545454546,0.9027777777777778,3.466666666666667,589,1298,789,1125,14,26,48,274.9047619047619,293.6818181818182,413.4,39,41,17,11,10,44.75225340021621,67.37025552710361,114.28030853318393,1,1,9,0.8666666666666667,0,28,0
16451,93.5,202,183,0.9393939393939394,0.8333333333333334,3.4833333333333334,555,1564,605.5,1036,30,38,52,249.6428571428571,246.71428571428572,386.875,48,30,12,21,14,49.52304428136074,74.42400271989584,63.96319863907561,1,0,0,0.8833333333333333,0,28,0
16452,74.5,173.5,141.5,0.9393939393939394,0.5416666666666667,3.783333333333333,553.5,2917.5,2264.5,868.5,30,42,47,393.0434782608696,384.5416666666667,511.2638888888889,36,27,16,15,14,61.11933159840232,77.17022895902699,52.9245247418334,2,2,0,0.95,0,28,0
16454,NA,131,126.5,NA,0.75,3.3166666666666664,557.5,NA,NA,NA,21,35,53,305.5,266.7083333333333,308.16901408450707,44,28,15,26,13,NA,57.70154317785949,51.64025863661739,NA,1,2,0.8500000000000001,7,21,0.25
16455,182,210.5,355.5,0.8181818181818181,0.8472222222222222,3.216666666666667,1737,1248.5,2088.5,1325.5,23,33,37,477.25,267,428.95,49,29,13,25,13,71.32228509423847,59.43204892746265,106.37701419449678,0,1,0,0.8166666666666667,0,28,0
16456,87.5,226.5,184,0.8181818181818181,0.7916666666666667,2.8666666666666663,849.5,1221.5,1214.5,971.5,22,30,40,406.8695652173913,342.4166666666667,485.1212121212121,40,28,16,20,11,93.23888093729845,70.22667200567678,65.6703431666929,6,1,0,0.7666666666666666,0,28,0
16458,126.5,225.5,158.5,0.696969696969697,0.5555555555555556,2.6333333333333337,NA,2567,1001,961.5,27,36,47,378.25,305.25,341,39,29,10,22,13,56.007582440060226,73.01855090725743,66.037693405771,0,1,3,0.7000000000000001,1,27,0.03571428571428571
16459,140.5,210.5,159.5,0.9696969696969696,0.9444444444444444,3.1833333333333336,1017.5,NA,NA,893,20,33,44,257.6190476190476,291.6666666666667,387.1388888888889,33,37,14,17,11,65.23432598896107,65.53037504235337,63.88385682721862,0,0,2,0.8166666666666667,2,26,0.07142857142857142
16460,119.5,163.5,199,0.9090909090909092,0.8194444444444444,2.366666666666667,785,1296,752.5,1309.5,19,25,33,231.9,367.375,469.70833333333337,46,29,13,16,14,71.92774891396078,119.69392852113548,63.97600392345699,2,4,1,0.6333333333333333,0,28,0
16461,158.5,129,225.5,0.6818181818181819,0.5694444444444444,0.6666666666666667,NA,1771.5,NA,1818.5,17,16,33,463.54545454545456,NA,462.2063492063492,33,39,14,16,14,68.08566516836305,75.17676568788247,142.48244883827044,3,6,8,0.16666666666666669,3,25,0.10714285714285714
16039,75.5,100,NA,0.9090909090909092,NA,2.166666666666667,935.5,698.5,566.5,907.5,23,34,40,268.2352941176471,346.4347826086956,382.2916666666667,47,35,9,19,7,63.62276623174069,67.66526917468275,NA,5,4,NA,0.6000000000000001,4,24,0.14285714285714285
16043,74.5,188.5,NA,0.7878787878787878,NA,2.283333333333333,656.5,1292.5,605.5,1815.5,17,30,45,292.47058823529414,379.8333333333333,473.5555555555555,28,30,15,21,14,49.415717343446254,63.93335126720106,NA,1,2,NA,0.5833333333333333,4,24,0.14285714285714285
16047,94.5,173.5,217,NA,NA,1.1833333333333336,718.5,1479,2047.5,1767.5,19,29,30,283.7142857142857,321.09090909090907,NA,43,8,7,10,3,79.91497864641357,59.22280325627887,108.32758304433338,3,2,2,0.31666666666666665,3,25,0.10714285714285714
16110,58.5,176.5,NA,0.9696969696969696,NA,3.016666666666667,522,710,546.5,1045.5,18,33,43,222.73684210526315,270.5416666666667,376.169014084507,44,44,15,15,14,47.306136677770326,64.19715587699378,NA,1,1,NA,0.7833333333333334,4,24,0.14285714285714285
16222,105.5,150,237.5,NA,NA,1.9166666666666663,706.5,1574.5,1242.5,1320.5,19,27,33,500.72727272727275,349.2916666666667,385.4776119402985,29,20,5,14,3,53.09779549590379,84.3578055766159,88.16421653944519,1,3,2,0.4833333333333333,2,26,0.07142857142857142
16234,66.5,230,NA,0.9848484848484848,NA,1.6166666666666667,863.5,2471.5,613.5,897.5,11,16,27,319.04347826086956,421.6666666666667,584.0555555555554,21,9,10,9,6,46.86965099504329,74.49760812953176,NA,1,2,NA,0.45,4,24,0.14285714285714285
16270,225.5,281.5,272.5,0.5757575757575757,NA,1.3833333333333335,1170,2687.5,NA,1272,21,18,24,580.7272727272727,415.6521739130435,465.24242424242425,33,26,6,12,7,73.64272760963729,156.17536515357045,90.94768974253024,0,6,3,0.3833333333333334,2,26,0.07142857142857142
16273,102,92.5,NA,0.9545454545454546,NA,3.016666666666667,1632.5,1740.5,1664,1366.5,17,25,38,285.25,308.9583333333333,379.4305555555555,41,31,10,16,5,56.99844467207383,54.993036309638256,NA,2,1,NA,0.7833333333333334,4,24,0.14285714285714285
16278,67,129,NA,0.8787878787878788,NA,1.8666666666666667,887.5,2010,NA,2097.5,23,21,27,436.5,NA,578.4027777777778,33,16,9,17,13,60.68474153038745,62.42336791380394,477.75101038672005,4,1,4,0.5,4,24,0.14285714285714285
16291,84,218,164,0.6969696969696969,NA,1.7833333333333332,2258.5,1142,970,1143.5,18,21,32,368.4761904761905,273.4782608695652,393.3768115942029,34,14,9,9,8,62.20373398178437,62.57249696061783,60.4194411199593,1,0,2,0.4833333333333333,1,27,0.03571428571428571
16348,58.5,204.5,139.5,0.9848484848484848,NA,2.7,694,1298,522.5,777.5,19,30,45,309.2608695652174,419.25,372.1408450704226,45,40,16,22,14,68.11034799166794,59.0895461827649,81.33930988970421,4,2,6,0.7333333333333334,1,27,0.03571428571428571
16356,177.5,140.5,187,0.7121212121212122,NA,1.85,963.5,1148,NA,1042.5,27,38,38,628.4545454545455,472.2916666666667,391.2083333333333,26,31,10,18,9,74.75876096101067,66.80595378402217,59.994266865572975,1,6,2,0.45,2,26,0.07142857142857142
16361,123.5,304.5,204,NA,NA,0.04999999999999999,NA,2663,NA,1676.5,14,20,31,492.4736842105264,368.9166666666667,387,NA,29,NA,9,4,65.91935420546265,96.55571096081752,111.29183411385372,5,2,4,0.01666666666666666,6,22,0.21428571428571427
16429,58.5,254,133,0.8333333333333334,NA,2.8666666666666667,1669,1271,839,1100.5,23,29,45,275.6842105263158,308.5833333333333,513.6760563380282,42,31,15,16,8,71.74694188753111,83.08697271811623,64.74323262096793,6,0,1,0.7333333333333334,1,27,0.03571428571428571
16157,87.5,198,167,0.9242424242424242,NA,2.8166666666666664,832.5,NA,NA,1046.5,24,34,45,260.4761904761905,324.3333333333333,313.22222222222223,30,26,11,21,14,57.61158999210523,66.68973559201847,59.21182973141299,4,0,1,0.75,3,25,0.10714285714285714
