subject,session,block,list,setsize,matherrors,lettertotal,ospantotal,motivation,alertness
9001,2,realblock,1,3,0,3,3,NA,NA
9001,2,realblock,2,5,0,4,7,NA,NA
9001,2,realblock,3,6,1,1,8,NA,NA
9001,2,realblock,4,7,0,2,10,NA,NA
9001,2,realblock,5,4,0,3,13,NA,NA
9001,2,realblock,6,6,1,5,18,NA,NA
9001,2,realblock,7,4,0,4,22,NA,NA
9001,2,realblock,8,5,0,5,27,NA,NA
9001,2,realblock,9,3,1,3,30,NA,NA
9001,2,realblock,10,7,0,0,30,NA,NA
9002,2,realblock,1,3,0,3,3,NA,NA
9002,2,realblock,2,7,1,6,9,NA,NA
9002,2,realblock,3,7,1,6,15,NA,NA
9002,2,realblock,4,5,0,5,20,NA,NA
9002,2,realblock,5,6,2,6,26,NA,NA
9002,2,realblock,6,4,0,4,30,NA,NA
9002,2,realblock,7,3,0,3,33,NA,NA
9002,2,realblock,8,4,0,4,37,NA,NA
9002,2,realblock,9,6,1,5,42,NA,NA
9002,2,realblock,10,5,0,5,47,NA,NA
9004,2,realblock,1,3,0,3,3,NA,NA
9004,2,realblock,2,7,1,7,10,NA,NA
9004,2,realblock,3,5,1,5,15,NA,NA
9004,2,realblock,4,5,0,4,19,NA,NA
9004,2,realblock,5,3,0,2,21,NA,NA
9004,2,realblock,6,6,1,6,27,NA,NA
9004,2,realblock,7,6,0,6,33,NA,NA
9004,2,realblock,8,7,0,5,38,NA,NA
9004,2,realblock,9,4,0,4,42,NA,NA
9004,2,realblock,10,4,0,4,46,NA,NA
9005,2,realblock,1,7,0,1,1,NA,NA
9005,2,realblock,2,5,0,5,6,NA,NA
9005,2,realblock,3,3,0,3,9,NA,NA
9005,2,realblock,4,6,0,3,12,NA,NA
9005,2,realblock,5,4,0,4,16,NA,NA
9005,2,realblock,6,3,0,3,19,NA,NA
9005,2,realblock,7,7,1,3,22,NA,NA
9005,2,realblock,8,4,0,4,26,NA,NA
9005,2,realblock,9,5,0,5,31,NA,NA
9005,2,realblock,10,6,0,6,37,NA,NA
9006,2,realblock,1,5,2,5,5,NA,NA
9006,2,realblock,2,7,2,3,8,NA,NA
9006,2,realblock,3,3,0,3,11,NA,NA
9006,2,realblock,4,6,0,6,17,NA,NA
9006,2,realblock,5,5,0,4,21,NA,NA
9006,2,realblock,6,6,0,6,27,NA,NA
9006,2,realblock,7,4,0,3,30,NA,NA
9006,2,realblock,8,7,3,3,33,NA,NA
9006,2,realblock,9,3,0,3,36,NA,NA
9006,2,realblock,10,4,0,4,40,NA,NA
9007,2,realblock,1,6,2,6,6,NA,NA
9007,2,realblock,2,5,1,5,11,NA,NA
9007,2,realblock,3,4,0,4,15,NA,NA
9007,2,realblock,4,5,0,5,20,NA,NA
9007,2,realblock,5,6,0,6,26,NA,NA
9007,2,realblock,6,4,0,4,30,NA,NA
9007,2,realblock,7,3,0,3,33,NA,NA
9007,2,realblock,8,7,1,7,40,NA,NA
9007,2,realblock,9,3,2,3,43,NA,NA
9007,2,realblock,10,7,1,7,50,NA,NA
9009,2,realblock,1,4,0,4,4,NA,NA
9009,2,realblock,2,5,0,5,9,NA,NA
9009,2,realblock,3,3,0,3,12,NA,NA
9009,2,realblock,4,5,0,5,17,NA,NA
9009,2,realblock,5,7,1,7,24,NA,NA
9009,2,realblock,6,4,1,4,28,NA,NA
9009,2,realblock,7,7,2,5,33,NA,NA
9009,2,realblock,8,3,0,3,36,NA,NA
9009,2,realblock,9,6,0,6,42,NA,NA
9009,2,realblock,10,6,0,6,48,NA,NA
9010,2,realblock,1,6,0,6,6,NA,NA
9010,2,realblock,2,7,3,6,12,NA,NA
9010,2,realblock,3,4,0,4,16,NA,NA
9010,2,realblock,4,5,0,5,21,NA,NA
9010,2,realblock,5,3,0,3,24,NA,NA
9010,2,realblock,6,3,0,3,27,NA,NA
9010,2,realblock,7,7,0,5,32,NA,NA
9010,2,realblock,8,4,0,4,36,NA,NA
9010,2,realblock,9,6,1,6,42,NA,NA
9010,2,realblock,10,5,1,5,47,NA,NA
9011,2,realblock,1,3,0,3,3,NA,NA
9011,2,realblock,2,6,0,3,6,NA,NA
9011,2,realblock,3,4,1,4,10,NA,NA
9011,2,realblock,4,5,0,3,13,NA,NA
9011,2,realblock,5,4,0,4,17,NA,NA
9011,2,realblock,6,3,0,3,20,NA,NA
9011,2,realblock,7,7,1,4,24,NA,NA
9011,2,realblock,8,7,0,3,27,NA,NA
9011,2,realblock,9,6,1,5,32,NA,NA
9011,2,realblock,10,5,1,5,37,NA,NA
9012,2,realblock,1,6,2,6,6,NA,NA
9012,2,realblock,2,5,0,4,10,NA,NA
9012,2,realblock,3,7,0,3,13,NA,NA
9012,2,realblock,4,4,0,4,17,NA,NA
9012,2,realblock,5,5,1,2,19,NA,NA
9012,2,realblock,6,3,0,3,22,NA,NA
9012,2,realblock,7,3,0,3,25,NA,NA
9012,2,realblock,8,6,0,4,29,NA,NA
9012,2,realblock,9,4,0,2,31,NA,NA
9012,2,realblock,10,7,0,3,34,NA,NA
9013,2,realblock,1,3,0,3,3,NA,NA
9013,2,realblock,2,4,0,3,6,NA,NA
9013,2,realblock,3,5,1,5,11,NA,NA
9013,2,realblock,4,7,1,2,13,NA,NA
9013,2,realblock,5,3,0,3,16,NA,NA
9013,2,realblock,6,5,0,4,20,NA,NA
9013,2,realblock,7,7,1,5,25,NA,NA
9013,2,realblock,8,6,0,6,31,NA,NA
9013,2,realblock,9,4,0,4,35,NA,NA
9013,2,realblock,10,6,0,2,37,NA,NA
9014,2,realblock,1,5,0,3,3,NA,NA
9014,2,realblock,2,7,0,3,6,NA,NA
9014,2,realblock,3,4,0,4,10,NA,NA
9014,2,realblock,4,4,1,4,14,NA,NA
9014,2,realblock,5,6,0,6,20,NA,NA
9014,2,realblock,6,7,1,7,27,NA,NA
9014,2,realblock,7,5,0,5,32,NA,NA
9014,2,realblock,8,6,1,6,38,NA,NA
9014,2,realblock,9,3,0,3,41,NA,NA
9014,2,realblock,10,3,0,3,44,NA,NA
9015,2,realblock,1,4,1,4,4,NA,NA
9015,2,realblock,2,7,0,5,9,NA,NA
9015,2,realblock,3,5,1,5,14,NA,NA
9015,2,realblock,4,3,0,3,17,NA,NA
9015,2,realblock,5,6,1,4,21,NA,NA
9015,2,realblock,6,6,0,5,26,NA,NA
9015,2,realblock,7,3,0,3,29,NA,NA
9015,2,realblock,8,7,1,2,31,NA,NA
9015,2,realblock,9,4,0,2,33,NA,NA
9015,2,realblock,10,5,0,5,38,NA,NA
9016,2,realblock,1,6,2,0,0,NA,NA
9016,2,realblock,2,3,1,3,3,NA,NA
9016,2,realblock,3,5,2,3,6,NA,NA
9016,2,realblock,4,7,1,0,6,NA,NA
9016,2,realblock,5,4,1,3,9,NA,NA
9016,2,realblock,6,3,1,0,9,NA,NA
9016,2,realblock,7,5,2,0,9,NA,NA
9016,2,realblock,8,7,0,5,14,NA,NA
9016,2,realblock,9,4,0,4,18,NA,NA
9016,2,realblock,10,6,1,3,21,NA,NA
9017,2,realblock,1,3,2,3,3,NA,NA
9017,2,realblock,2,6,0,6,9,NA,NA
9017,2,realblock,3,4,0,4,13,NA,NA
9017,2,realblock,4,5,1,4,17,NA,NA
9017,2,realblock,5,7,1,0,17,NA,NA
9017,2,realblock,6,4,1,0,17,NA,NA
9017,2,realblock,7,5,1,5,22,NA,NA
9017,2,realblock,8,7,1,7,29,NA,NA
9017,2,realblock,9,6,2,5,34,NA,NA
9017,2,realblock,10,3,0,3,37,NA,NA
9018,2,realblock,1,3,1,3,3,NA,NA
9018,2,realblock,2,4,1,4,7,NA,NA
9018,2,realblock,3,7,0,7,14,NA,NA
9018,2,realblock,4,5,0,5,19,NA,NA
9018,2,realblock,5,6,1,5,24,NA,NA
9018,2,realblock,6,5,0,5,29,NA,NA
9018,2,realblock,7,6,0,6,35,NA,NA
9018,2,realblock,8,4,0,4,39,NA,NA
9018,2,realblock,9,3,0,3,42,NA,NA
9018,2,realblock,10,7,0,5,47,NA,NA
9019,2,realblock,1,3,0,3,3,NA,NA
9019,2,realblock,2,4,0,4,7,NA,NA
9019,2,realblock,3,6,0,5,12,NA,NA
9019,2,realblock,4,5,0,0,12,NA,NA
9019,2,realblock,5,6,0,5,17,NA,NA
9019,2,realblock,6,7,1,2,19,NA,NA
9019,2,realblock,7,7,2,3,22,NA,NA
9019,2,realblock,8,5,0,5,27,NA,NA
9019,2,realblock,9,3,0,3,30,NA,NA
9019,2,realblock,10,4,1,4,34,NA,NA
9020,2,realblock,1,4,2,1,1,NA,NA
9020,2,realblock,2,7,0,5,6,NA,NA
9020,2,realblock,3,4,2,4,10,NA,NA
9020,2,realblock,4,3,0,3,13,NA,NA
9020,2,realblock,5,5,1,5,18,NA,NA
9020,2,realblock,6,3,0,3,21,NA,NA
9020,2,realblock,7,6,0,6,27,NA,NA
9020,2,realblock,8,6,1,6,33,NA,NA
9020,2,realblock,9,7,0,1,34,NA,NA
9020,2,realblock,10,5,0,1,35,NA,NA
9021,2,realblock,1,4,1,4,4,NA,NA
9021,2,realblock,2,6,2,6,10,NA,NA
9021,2,realblock,3,5,0,5,15,NA,NA
9021,2,realblock,4,7,0,7,22,NA,NA
9021,2,realblock,5,5,1,5,27,NA,NA
9021,2,realblock,6,6,1,6,33,NA,NA
9021,2,realblock,7,3,1,3,36,NA,NA
9021,2,realblock,8,4,1,4,40,NA,NA
9021,2,realblock,9,3,0,2,42,NA,NA
9021,2,realblock,10,7,0,7,49,NA,NA
9022,2,realblock,1,7,1,7,7,NA,NA
9022,2,realblock,2,4,0,4,11,NA,NA
9022,2,realblock,3,6,0,2,13,NA,NA
9022,2,realblock,4,6,0,4,17,NA,NA
9022,2,realblock,5,5,0,5,22,NA,NA
9022,2,realblock,6,3,0,3,25,NA,NA
9022,2,realblock,7,7,0,4,29,NA,NA
9022,2,realblock,8,3,1,2,31,NA,NA
9022,2,realblock,9,4,1,4,35,NA,NA
9022,2,realblock,10,5,0,3,38,NA,NA
9023,2,realblock,1,6,0,6,6,NA,NA
9023,2,realblock,2,7,0,7,13,NA,NA
9023,2,realblock,3,3,0,3,16,NA,NA
9023,2,realblock,4,7,1,6,22,NA,NA
9023,2,realblock,5,6,2,6,28,NA,NA
9023,2,realblock,6,4,0,4,32,NA,NA
9023,2,realblock,7,5,0,5,37,NA,NA
9023,2,realblock,8,3,0,3,40,NA,NA
9023,2,realblock,9,5,0,5,45,NA,NA
9023,2,realblock,10,4,0,4,49,NA,NA
9024,2,realblock,1,7,1,6,6,NA,NA
9024,2,realblock,2,5,1,5,11,NA,NA
9024,2,realblock,3,3,0,3,14,NA,NA
9024,2,realblock,4,4,1,4,18,NA,NA
9024,2,realblock,5,4,0,4,22,NA,NA
9024,2,realblock,6,6,0,1,23,NA,NA
9024,2,realblock,7,3,0,3,26,NA,NA
9024,2,realblock,8,7,2,0,26,NA,NA
9024,2,realblock,9,5,0,5,31,NA,NA
9024,2,realblock,10,6,0,2,33,NA,NA
9025,2,realblock,1,7,1,7,7,NA,NA
9025,2,realblock,2,5,0,5,12,NA,NA
9025,2,realblock,3,4,0,4,16,NA,NA
9025,2,realblock,4,3,0,3,19,NA,NA
9025,2,realblock,5,6,1,3,22,NA,NA
9025,2,realblock,6,6,0,6,28,NA,NA
9025,2,realblock,7,7,0,2,30,NA,NA
9025,2,realblock,8,5,2,5,35,NA,NA
9025,2,realblock,9,4,0,4,39,NA,NA
9025,2,realblock,10,3,0,3,42,NA,NA
9026,2,realblock,1,5,0,5,5,NA,NA
9026,2,realblock,2,4,3,4,9,NA,NA
9026,2,realblock,3,5,0,5,14,NA,NA
9026,2,realblock,4,4,0,4,18,NA,NA
9026,2,realblock,5,7,0,3,21,NA,NA
9026,2,realblock,6,6,0,6,27,NA,NA
9026,2,realblock,7,3,0,3,30,NA,NA
9026,2,realblock,8,6,0,6,36,NA,NA
9026,2,realblock,9,3,0,3,39,NA,NA
9026,2,realblock,10,7,0,5,44,NA,NA
9027,2,realblock,1,7,0,5,5,NA,NA
9027,2,realblock,2,6,0,6,11,NA,NA
9027,2,realblock,3,5,0,5,16,NA,NA
9027,2,realblock,4,4,0,4,20,NA,NA
9027,2,realblock,5,5,1,2,22,NA,NA
9027,2,realblock,6,7,1,7,29,NA,NA
9027,2,realblock,7,6,0,6,35,NA,NA
9027,2,realblock,8,4,0,4,39,NA,NA
9027,2,realblock,9,3,0,3,42,NA,NA
9027,2,realblock,10,3,0,3,45,NA,NA
9028,2,realblock,1,5,3,5,5,NA,NA
9028,2,realblock,2,7,0,0,5,NA,NA
9028,2,realblock,3,5,0,5,10,NA,NA
9028,2,realblock,4,6,2,6,16,NA,NA
9028,2,realblock,5,4,0,4,20,NA,NA
9028,2,realblock,6,4,0,4,24,NA,NA
9028,2,realblock,7,3,0,3,27,NA,NA
9028,2,realblock,8,6,0,6,33,NA,NA
9028,2,realblock,9,3,0,3,36,NA,NA
9028,2,realblock,10,7,0,5,41,NA,NA
9029,2,realblock,1,3,0,3,3,NA,NA
9029,2,realblock,2,7,1,3,6,NA,NA
9029,2,realblock,3,4,1,3,9,NA,NA
9029,2,realblock,4,7,2,1,10,NA,NA
9029,2,realblock,5,5,1,4,14,NA,NA
9029,2,realblock,6,6,0,3,17,NA,NA
9029,2,realblock,7,3,0,3,20,NA,NA
9029,2,realblock,8,4,2,4,24,NA,NA
9029,2,realblock,9,6,1,2,26,NA,NA
9029,2,realblock,10,5,0,3,29,NA,NA
9030,2,realblock,1,7,1,5,5,NA,NA
9030,2,realblock,2,4,1,4,9,NA,NA
9030,2,realblock,3,5,0,5,14,NA,NA
9030,2,realblock,4,6,0,5,19,NA,NA
9030,2,realblock,5,3,0,3,22,NA,NA
9030,2,realblock,6,7,0,4,26,NA,NA
9030,2,realblock,7,3,0,3,29,NA,NA
9030,2,realblock,8,5,1,5,34,NA,NA
9030,2,realblock,9,6,1,3,37,NA,NA
9030,2,realblock,10,4,0,4,41,NA,NA
9031,2,realblock,1,5,2,5,5,NA,NA
9031,2,realblock,2,7,0,4,9,NA,NA
9031,2,realblock,3,4,0,4,13,NA,NA
9031,2,realblock,4,5,0,2,15,NA,NA
9031,2,realblock,5,6,0,6,21,NA,NA
9031,2,realblock,6,4,0,3,24,NA,NA
9031,2,realblock,7,7,2,2,26,NA,NA
9031,2,realblock,8,3,0,2,28,NA,NA
9031,2,realblock,9,6,1,4,32,NA,NA
9031,2,realblock,10,3,0,3,35,NA,NA
9032,2,realblock,1,6,1,6,6,NA,NA
9032,2,realblock,2,7,2,7,13,NA,NA
9032,2,realblock,3,6,0,6,19,NA,NA
9032,2,realblock,4,4,0,4,23,NA,NA
9032,2,realblock,5,4,0,4,27,NA,NA
9032,2,realblock,6,3,0,3,30,NA,NA
9032,2,realblock,7,3,1,3,33,NA,NA
9032,2,realblock,8,7,1,5,38,NA,NA
9032,2,realblock,9,5,0,5,43,NA,NA
9032,2,realblock,10,5,0,5,48,NA,NA
9033,2,realblock,1,6,0,6,6,NA,NA
9033,2,realblock,2,6,0,6,12,NA,NA
9033,2,realblock,3,3,0,2,14,NA,NA
9033,2,realblock,4,5,1,5,19,NA,NA
9033,2,realblock,5,5,0,5,24,NA,NA
9033,2,realblock,6,7,0,7,31,NA,NA
9033,2,realblock,7,3,0,3,34,NA,NA
9033,2,realblock,8,4,1,4,38,NA,NA
9033,2,realblock,9,7,1,7,45,NA,NA
9033,2,realblock,10,4,0,4,49,NA,NA
9034,2,realblock,1,3,0,3,3,NA,NA
9034,2,realblock,2,6,0,6,9,NA,NA
9034,2,realblock,3,5,0,5,14,NA,NA
9034,2,realblock,4,6,1,4,18,NA,NA
9034,2,realblock,5,4,0,4,22,NA,NA
9034,2,realblock,6,4,1,3,25,NA,NA
9034,2,realblock,7,3,0,3,28,NA,NA
9034,2,realblock,8,7,0,7,35,NA,NA
9034,2,realblock,9,7,0,1,36,NA,NA
9034,2,realblock,10,5,0,4,40,NA,NA
9035,2,realblock,1,4,0,4,4,NA,NA
9035,2,realblock,2,6,0,6,10,NA,NA
9035,2,realblock,3,3,0,3,13,NA,NA
9035,2,realblock,4,5,1,2,15,NA,NA
9035,2,realblock,5,5,0,5,20,NA,NA
9035,2,realblock,6,6,1,4,24,NA,NA
9035,2,realblock,7,3,0,3,27,NA,NA
9035,2,realblock,8,4,0,4,31,NA,NA
9035,2,realblock,9,7,2,2,33,NA,NA
9035,2,realblock,10,7,1,1,34,NA,NA
9036,2,realblock,1,7,1,7,7,NA,NA
9036,2,realblock,2,6,1,6,13,NA,NA
9036,2,realblock,3,3,1,3,16,NA,NA
9036,2,realblock,4,5,1,5,21,NA,NA
9036,2,realblock,5,6,0,6,27,NA,NA
9036,2,realblock,6,4,0,4,31,NA,NA
9036,2,realblock,7,3,0,3,34,NA,NA
9036,2,realblock,8,7,1,7,41,NA,NA
9036,2,realblock,9,4,0,4,45,NA,NA
9036,2,realblock,10,5,1,5,50,NA,NA
9037,2,realblock,1,5,0,5,5,NA,NA
9037,2,realblock,2,7,0,7,12,NA,NA
9037,2,realblock,3,3,0,3,15,NA,NA
9037,2,realblock,4,4,0,4,19,NA,NA
9037,2,realblock,5,5,0,5,24,NA,NA
9037,2,realblock,6,7,0,7,31,NA,NA
9037,2,realblock,7,3,0,3,34,NA,NA
9037,2,realblock,8,6,2,6,40,NA,NA
9037,2,realblock,9,6,1,6,46,NA,NA
9037,2,realblock,10,4,0,4,50,NA,NA
9038,2,realblock,1,7,1,5,5,NA,NA
9038,2,realblock,2,5,2,5,10,NA,NA
9038,2,realblock,3,4,0,4,14,NA,NA
9038,2,realblock,4,3,0,3,17,NA,NA
9038,2,realblock,5,5,1,5,22,NA,NA
9038,2,realblock,6,7,2,6,28,NA,NA
9038,2,realblock,7,6,2,0,28,NA,NA
9038,2,realblock,8,6,2,0,28,NA,NA
9038,2,realblock,9,3,0,3,31,NA,NA
9038,2,realblock,10,4,1,4,35,NA,NA
9039,2,realblock,1,6,1,6,6,NA,NA
9039,2,realblock,2,3,1,3,9,NA,NA
9039,2,realblock,3,5,2,1,10,NA,NA
9039,2,realblock,4,4,1,3,13,NA,NA
9039,2,realblock,5,7,0,2,15,NA,NA
9039,2,realblock,6,7,2,4,19,NA,NA
9039,2,realblock,7,3,0,3,22,NA,NA
9039,2,realblock,8,5,1,5,27,NA,NA
9039,2,realblock,9,6,0,3,30,NA,NA
9039,2,realblock,10,4,1,4,34,NA,NA
9041,2,realblock,1,6,0,6,6,NA,NA
9041,2,realblock,2,5,1,1,7,NA,NA
9041,2,realblock,3,6,0,3,10,NA,NA
9041,2,realblock,4,4,1,4,14,NA,NA
9041,2,realblock,5,3,1,3,17,NA,NA
9041,2,realblock,6,7,0,5,22,NA,NA
9041,2,realblock,7,4,1,3,25,NA,NA
9041,2,realblock,8,5,2,4,29,NA,NA
9041,2,realblock,9,3,0,2,31,NA,NA
9041,2,realblock,10,7,1,2,33,NA,NA
9042,2,realblock,1,5,2,4,4,NA,NA
9042,2,realblock,2,3,0,3,7,NA,NA
9042,2,realblock,3,6,0,4,11,NA,NA
9042,2,realblock,4,4,0,4,15,NA,NA
9042,2,realblock,5,7,1,6,21,NA,NA
9042,2,realblock,6,6,0,5,26,NA,NA
9042,2,realblock,7,5,0,4,30,NA,NA
9042,2,realblock,8,7,0,5,35,NA,NA
9042,2,realblock,9,4,0,4,39,NA,NA
9042,2,realblock,10,3,1,3,42,NA,NA
9044,2,realblock,1,4,0,3,3,NA,NA
9044,2,realblock,2,7,2,2,5,NA,NA
9044,2,realblock,3,3,0,3,8,NA,NA
9044,2,realblock,4,4,0,4,12,NA,NA
9044,2,realblock,5,7,1,6,18,NA,NA
9044,2,realblock,6,3,0,3,21,NA,NA
9044,2,realblock,7,5,2,3,24,NA,NA
9044,2,realblock,8,5,1,0,24,NA,NA
9044,2,realblock,9,6,0,4,28,NA,NA
9044,2,realblock,10,6,1,2,30,NA,NA
9045,2,realblock,1,6,0,6,6,NA,NA
9045,2,realblock,2,4,1,4,10,NA,NA
9045,2,realblock,3,5,0,5,15,NA,NA
9045,2,realblock,4,5,0,3,18,NA,NA
9045,2,realblock,5,7,0,2,20,NA,NA
9045,2,realblock,6,6,1,4,24,NA,NA
9045,2,realblock,7,3,0,3,27,NA,NA
9045,2,realblock,8,7,1,2,29,NA,NA
9045,2,realblock,9,3,0,3,32,NA,NA
9045,2,realblock,10,4,0,4,36,NA,NA
9046,2,realblock,1,6,0,5,5,NA,NA
9046,2,realblock,2,6,0,6,11,NA,NA
9046,2,realblock,3,4,0,4,15,NA,NA
9046,2,realblock,4,5,0,5,20,NA,NA
9046,2,realblock,5,5,1,5,25,NA,NA
9046,2,realblock,6,7,3,2,27,NA,NA
9046,2,realblock,7,4,0,4,31,NA,NA
9046,2,realblock,8,7,0,2,33,NA,NA
9046,2,realblock,9,3,0,3,36,NA,NA
9046,2,realblock,10,3,0,3,39,NA,NA
9047,2,realblock,1,3,0,3,3,NA,NA
9047,2,realblock,2,5,1,5,8,NA,NA
9047,2,realblock,3,6,1,6,14,NA,NA
9047,2,realblock,4,7,2,4,18,NA,NA
9047,2,realblock,5,5,1,5,23,NA,NA
9047,2,realblock,6,4,0,4,27,NA,NA
9047,2,realblock,7,6,0,6,33,NA,NA
9047,2,realblock,8,4,0,4,37,NA,NA
9047,2,realblock,9,7,0,5,42,NA,NA
9047,2,realblock,10,3,0,3,45,NA,NA
9048,2,realblock,1,4,0,4,4,NA,NA
9048,2,realblock,2,5,1,5,9,NA,NA
9048,2,realblock,3,7,1,5,14,NA,NA
9048,2,realblock,4,6,1,1,15,NA,NA
9048,2,realblock,5,5,2,5,20,NA,NA
9048,2,realblock,6,7,0,7,27,NA,NA
9048,2,realblock,7,4,0,4,31,NA,NA
9048,2,realblock,8,3,1,2,33,NA,NA
9048,2,realblock,9,6,0,6,39,NA,NA
9048,2,realblock,10,3,0,3,42,NA,NA
9049,2,realblock,1,5,0,5,5,NA,NA
9049,2,realblock,2,5,1,5,10,NA,NA
9049,2,realblock,3,4,2,2,12,NA,NA
9049,2,realblock,4,3,0,2,14,NA,NA
9049,2,realblock,5,7,0,7,21,NA,NA
9049,2,realblock,6,3,1,3,24,NA,NA
9049,2,realblock,7,7,0,7,31,NA,NA
9049,2,realblock,8,6,0,6,37,NA,NA
9049,2,realblock,9,6,1,5,42,NA,NA
9049,2,realblock,10,4,1,3,45,NA,NA
9050,2,realblock,1,6,0,6,6,NA,NA
9050,2,realblock,2,7,1,6,12,NA,NA
9050,2,realblock,3,5,0,5,17,NA,NA
9050,2,realblock,4,7,0,6,23,NA,NA
9050,2,realblock,5,4,0,4,27,NA,NA
9050,2,realblock,6,4,0,4,31,NA,NA
9050,2,realblock,7,5,1,0,31,NA,NA
9050,2,realblock,8,6,0,6,37,NA,NA
9050,2,realblock,9,3,0,3,40,NA,NA
9050,2,realblock,10,3,0,3,43,NA,NA
9051,2,realblock,1,3,0,3,3,NA,NA
9051,2,realblock,2,7,0,7,10,NA,NA
9051,2,realblock,3,4,0,4,14,NA,NA
9051,2,realblock,4,5,1,5,19,NA,NA
9051,2,realblock,5,6,0,5,24,NA,NA
9051,2,realblock,6,3,0,3,27,NA,NA
9051,2,realblock,7,4,0,4,31,NA,NA
9051,2,realblock,8,5,0,5,36,NA,NA
9051,2,realblock,9,6,0,4,40,NA,NA
9051,2,realblock,10,7,0,7,47,NA,NA
9052,2,realblock,1,4,0,4,4,NA,NA
9052,2,realblock,2,7,1,6,10,NA,NA
9052,2,realblock,3,5,1,2,12,NA,NA
9052,2,realblock,4,6,1,5,17,NA,NA
9052,2,realblock,5,3,0,3,20,NA,NA
9052,2,realblock,6,7,0,7,27,NA,NA
9052,2,realblock,7,6,1,3,30,NA,NA
9052,2,realblock,8,3,1,1,31,NA,NA
9052,2,realblock,9,4,4,0,31,NA,NA
9052,2,realblock,10,5,3,2,33,NA,NA
9053,2,realblock,1,3,1,3,3,NA,NA
9053,2,realblock,2,4,1,4,7,NA,NA
9053,2,realblock,3,5,0,3,10,NA,NA
9053,2,realblock,4,4,1,3,13,NA,NA
9053,2,realblock,5,7,2,4,17,NA,NA
9053,2,realblock,6,6,0,2,19,NA,NA
9053,2,realblock,7,7,0,3,22,NA,NA
9053,2,realblock,8,5,2,3,25,NA,NA
9053,2,realblock,9,6,1,4,29,NA,NA
9053,2,realblock,10,3,0,3,32,NA,NA
9054,2,realblock,1,5,0,5,5,NA,NA
9054,2,realblock,2,6,0,6,11,NA,NA
9054,2,realblock,3,3,0,3,14,NA,NA
9054,2,realblock,4,5,0,5,19,NA,NA
9054,2,realblock,5,7,2,1,20,NA,NA
9054,2,realblock,6,4,2,2,22,NA,NA
9054,2,realblock,7,3,0,3,25,NA,NA
9054,2,realblock,8,4,0,4,29,NA,NA
9054,2,realblock,9,6,2,2,31,NA,NA
9054,2,realblock,10,7,0,6,37,NA,NA
9055,2,realblock,1,5,0,5,5,NA,NA
9055,2,realblock,2,7,0,7,12,NA,NA
9055,2,realblock,3,3,0,3,15,NA,NA
9055,2,realblock,4,5,0,5,20,NA,NA
9055,2,realblock,5,4,1,4,24,NA,NA
9055,2,realblock,6,7,1,4,28,NA,NA
9055,2,realblock,7,6,1,6,34,NA,NA
9055,2,realblock,8,6,0,6,40,NA,NA
9055,2,realblock,9,4,0,4,44,NA,NA
9055,2,realblock,10,3,0,3,47,NA,NA
9056,2,realblock,1,7,1,4,4,NA,NA
9056,2,realblock,2,4,0,2,6,NA,NA
9056,2,realblock,3,6,0,6,12,NA,NA
9056,2,realblock,4,3,0,3,15,NA,NA
9056,2,realblock,5,4,1,4,19,NA,NA
9056,2,realblock,6,5,1,4,23,NA,NA
9056,2,realblock,7,5,0,5,28,NA,NA
9056,2,realblock,8,7,0,4,32,NA,NA
9056,2,realblock,9,6,1,6,38,NA,NA
9056,2,realblock,10,3,0,3,41,NA,NA
9057,2,realblock,1,4,0,4,4,NA,NA
9057,2,realblock,2,6,2,1,5,NA,NA
9057,2,realblock,3,4,0,4,9,NA,NA
9057,2,realblock,4,3,1,3,12,NA,NA
9057,2,realblock,5,3,0,3,15,NA,NA
9057,2,realblock,6,7,2,2,17,NA,NA
9057,2,realblock,7,6,1,6,23,NA,NA
9057,2,realblock,8,5,0,5,28,NA,NA
9057,2,realblock,9,5,0,5,33,NA,NA
9057,2,realblock,10,7,1,4,37,NA,NA
9058,2,realblock,1,7,0,7,7,NA,NA
9058,2,realblock,2,3,1,3,10,NA,NA
9058,2,realblock,3,6,2,4,14,NA,NA
9058,2,realblock,4,7,1,7,21,NA,NA
9058,2,realblock,5,6,0,6,27,NA,NA
9058,2,realblock,6,4,0,4,31,NA,NA
9058,2,realblock,7,5,1,5,36,NA,NA
9058,2,realblock,8,4,0,4,40,NA,NA
9058,2,realblock,9,5,2,5,45,NA,NA
9058,2,realblock,10,3,0,3,48,NA,NA
9059,2,realblock,1,7,1,1,1,NA,NA
9059,2,realblock,2,6,0,1,2,NA,NA
9059,2,realblock,3,6,1,4,6,NA,NA
9059,2,realblock,4,3,1,3,9,NA,NA
9059,2,realblock,5,4,1,4,13,NA,NA
9059,2,realblock,6,4,0,4,17,NA,NA
9059,2,realblock,7,3,0,3,20,NA,NA
9059,2,realblock,8,7,2,0,20,NA,NA
9059,2,realblock,9,5,0,5,25,NA,NA
9059,2,realblock,10,5,0,0,25,NA,NA
9060,2,realblock,1,4,2,4,4,NA,NA
9060,2,realblock,2,7,0,7,11,NA,NA
9060,2,realblock,3,6,1,4,15,NA,NA
9060,2,realblock,4,7,0,4,19,NA,NA
9060,2,realblock,5,3,0,3,22,NA,NA
9060,2,realblock,6,4,0,4,26,NA,NA
9060,2,realblock,7,5,0,5,31,NA,NA
9060,2,realblock,8,5,0,5,36,NA,NA
9060,2,realblock,9,3,0,3,39,NA,NA
9060,2,realblock,10,6,0,6,45,NA,NA
9061,2,realblock,1,5,1,3,3,NA,NA
9061,2,realblock,2,6,1,5,8,NA,NA
9061,2,realblock,3,6,0,6,14,NA,NA
9061,2,realblock,4,5,0,5,19,NA,NA
9061,2,realblock,5,7,0,7,26,NA,NA
9061,2,realblock,6,3,1,2,28,NA,NA
9061,2,realblock,7,4,1,4,32,NA,NA
9061,2,realblock,8,3,2,0,32,NA,NA
9061,2,realblock,9,4,0,3,35,NA,NA
9061,2,realblock,10,7,1,1,36,NA,NA
9062,2,realblock,1,4,1,4,4,NA,NA
9062,2,realblock,2,7,5,5,9,NA,NA
9062,2,realblock,3,7,3,0,9,NA,NA
9062,2,realblock,4,4,1,4,13,NA,NA
9062,2,realblock,5,5,0,5,18,NA,NA
9062,2,realblock,6,5,1,5,23,NA,NA
9062,2,realblock,7,6,0,6,29,NA,NA
9062,2,realblock,8,3,0,3,32,NA,NA
9062,2,realblock,9,3,0,3,35,NA,NA
9062,2,realblock,10,6,0,6,41,NA,NA
9063,2,realblock,1,4,0,0,0,NA,NA
9063,2,realblock,2,5,1,5,5,NA,NA
9063,2,realblock,3,6,1,3,8,NA,NA
9063,2,realblock,4,6,0,1,9,NA,NA
9063,2,realblock,5,3,0,3,12,NA,NA
9063,2,realblock,6,7,1,3,15,NA,NA
9063,2,realblock,7,4,0,2,17,NA,NA
9063,2,realblock,8,3,0,0,17,NA,NA
9063,2,realblock,9,5,0,5,22,NA,NA
9063,2,realblock,10,7,0,1,23,NA,NA
9065,2,realblock,1,5,0,5,5,NA,NA
9065,2,realblock,2,4,0,4,9,NA,NA
9065,2,realblock,3,7,2,6,15,NA,NA
9065,2,realblock,4,3,0,3,18,NA,NA
9065,2,realblock,5,6,2,3,21,NA,NA
9065,2,realblock,6,6,0,5,26,NA,NA
9065,2,realblock,7,5,0,5,31,NA,NA
9065,2,realblock,8,4,1,0,31,NA,NA
9065,2,realblock,9,7,1,3,34,NA,NA
9065,2,realblock,10,3,0,3,37,NA,NA
9066,2,realblock,1,5,0,4,4,NA,NA
9066,2,realblock,2,6,1,6,10,NA,NA
9066,2,realblock,3,3,0,3,13,NA,NA
9066,2,realblock,4,5,0,5,18,NA,NA
9066,2,realblock,5,7,2,5,23,NA,NA
9066,2,realblock,6,4,2,4,27,NA,NA
9066,2,realblock,7,4,0,4,31,NA,NA
9066,2,realblock,8,7,1,7,38,NA,NA
9066,2,realblock,9,3,0,3,41,NA,NA
9066,2,realblock,10,6,1,3,44,NA,NA
9067,2,realblock,1,3,0,3,3,NA,NA
9067,2,realblock,2,3,0,3,6,NA,NA
9067,2,realblock,3,6,0,6,12,NA,NA
9067,2,realblock,4,6,0,6,18,NA,NA
9067,2,realblock,5,4,0,4,22,NA,NA
9067,2,realblock,6,4,0,4,26,NA,NA
9067,2,realblock,7,5,0,5,31,NA,NA
9067,2,realblock,8,7,1,7,38,NA,NA
9067,2,realblock,9,7,1,7,45,NA,NA
9067,2,realblock,10,5,0,5,50,NA,NA
9068,2,realblock,1,5,0,4,4,NA,NA
9068,2,realblock,2,7,0,5,9,NA,NA
9068,2,realblock,3,6,0,5,14,NA,NA
9068,2,realblock,4,5,1,3,17,NA,NA
9068,2,realblock,5,3,1,3,20,NA,NA
9068,2,realblock,6,4,0,4,24,NA,NA
9068,2,realblock,7,4,0,4,28,NA,NA
9068,2,realblock,8,6,0,1,29,NA,NA
9068,2,realblock,9,3,0,3,32,NA,NA
9068,2,realblock,10,7,0,1,33,NA,NA
9069,2,realblock,1,5,0,5,5,NA,NA
9069,2,realblock,2,5,1,4,9,NA,NA
9069,2,realblock,3,7,0,6,15,NA,NA
9069,2,realblock,4,7,1,5,20,NA,NA
9069,2,realblock,5,4,1,4,24,NA,NA
9069,2,realblock,6,3,0,3,27,NA,NA
9069,2,realblock,7,3,1,3,30,NA,NA
9069,2,realblock,8,6,0,5,35,NA,NA
9069,2,realblock,9,4,0,4,39,NA,NA
9069,2,realblock,10,6,0,6,45,NA,NA
9071,2,realblock,1,7,2,1,1,NA,NA
9071,2,realblock,2,5,1,5,6,NA,NA
9071,2,realblock,3,3,0,3,9,NA,NA
9071,2,realblock,4,6,0,6,15,NA,NA
9071,2,realblock,5,7,0,7,22,NA,NA
9071,2,realblock,6,4,0,4,26,NA,NA
9071,2,realblock,7,3,0,2,28,NA,NA
9071,2,realblock,8,6,0,6,34,NA,NA
9071,2,realblock,9,4,0,4,38,NA,NA
9071,2,realblock,10,5,0,5,43,NA,NA
9072,2,realblock,1,3,0,3,3,NA,NA
9072,2,realblock,2,6,0,0,3,NA,NA
9072,2,realblock,3,5,1,1,4,NA,NA
9072,2,realblock,4,4,0,0,4,NA,NA
9072,2,realblock,5,5,0,0,4,NA,NA
9072,2,realblock,6,7,0,0,4,NA,NA
9072,2,realblock,7,6,0,1,5,NA,NA
9072,2,realblock,8,4,0,4,9,NA,NA
9072,2,realblock,9,3,1,2,11,NA,NA
9072,2,realblock,10,7,1,2,13,NA,NA
9073,2,realblock,1,4,1,1,1,NA,NA
9073,2,realblock,2,6,1,0,1,NA,NA
9073,2,realblock,3,6,1,0,1,NA,NA
9073,2,realblock,4,4,0,2,3,NA,NA
9073,2,realblock,5,3,1,1,4,NA,NA
9073,2,realblock,6,7,1,0,4,NA,NA
9073,2,realblock,7,5,1,3,7,NA,NA
9073,2,realblock,8,3,0,3,10,NA,NA
9073,2,realblock,9,7,2,0,10,NA,NA
9073,2,realblock,10,5,1,0,10,NA,NA
9074,2,realblock,1,7,0,7,7,NA,NA
9074,2,realblock,2,3,0,3,10,NA,NA
9074,2,realblock,3,6,0,3,13,NA,NA
9074,2,realblock,4,5,0,5,18,NA,NA
9074,2,realblock,5,6,0,6,24,NA,NA
9074,2,realblock,6,5,1,5,29,NA,NA
9074,2,realblock,7,7,2,7,36,NA,NA
9074,2,realblock,8,4,1,4,40,NA,NA
9074,2,realblock,9,4,0,4,44,NA,NA
9074,2,realblock,10,3,0,3,47,NA,NA
9076,2,realblock,1,5,0,5,5,NA,NA
9076,2,realblock,2,5,1,5,10,NA,NA
9076,2,realblock,3,6,0,0,10,NA,NA
9076,2,realblock,4,4,0,4,14,NA,NA
9076,2,realblock,5,3,0,3,17,NA,NA
9076,2,realblock,6,6,0,6,23,NA,NA
9076,2,realblock,7,7,0,3,26,NA,NA
9076,2,realblock,8,7,1,2,28,NA,NA
9076,2,realblock,9,3,1,0,28,NA,NA
9076,2,realblock,10,4,0,2,30,NA,NA
9077,2,realblock,1,4,0,4,4,NA,NA
9077,2,realblock,2,3,1,3,7,NA,NA
9077,2,realblock,3,7,3,7,14,NA,NA
9077,2,realblock,4,5,0,5,19,NA,NA
9077,2,realblock,5,7,0,7,26,NA,NA
9077,2,realblock,6,4,0,4,30,NA,NA
9077,2,realblock,7,5,1,5,35,NA,NA
9077,2,realblock,8,3,0,3,38,NA,NA
9077,2,realblock,9,6,0,2,40,NA,NA
9077,2,realblock,10,6,2,6,46,NA,NA
9078,2,realblock,1,3,1,3,3,NA,NA
9078,2,realblock,2,6,0,6,9,NA,NA
9078,2,realblock,3,4,1,4,13,NA,NA
9078,2,realblock,4,7,0,7,20,NA,NA
9078,2,realblock,5,6,0,6,26,NA,NA
9078,2,realblock,6,5,0,5,31,NA,NA
9078,2,realblock,7,4,0,3,34,NA,NA
9078,2,realblock,8,5,0,5,39,NA,NA
9078,2,realblock,9,3,1,3,42,NA,NA
9078,2,realblock,10,7,0,5,47,NA,NA
9079,2,realblock,1,7,1,6,6,NA,NA
9079,2,realblock,2,4,2,4,10,NA,NA
9079,2,realblock,3,3,0,3,13,NA,NA
9079,2,realblock,4,7,1,2,15,NA,NA
9079,2,realblock,5,5,2,2,17,NA,NA
9079,2,realblock,6,5,0,3,20,NA,NA
9079,2,realblock,7,6,0,4,24,NA,NA
9079,2,realblock,8,3,0,3,27,NA,NA
9079,2,realblock,9,6,1,4,31,NA,NA
9079,2,realblock,10,4,1,0,31,NA,NA
9080,2,realblock,1,4,0,4,4,NA,NA
9080,2,realblock,2,3,0,3,7,NA,NA
9080,2,realblock,3,5,1,5,12,NA,NA
9080,2,realblock,4,7,2,5,17,NA,NA
9080,2,realblock,5,6,1,2,19,NA,NA
9080,2,realblock,6,4,1,4,23,NA,NA
9080,2,realblock,7,7,0,7,30,NA,NA
9080,2,realblock,8,3,0,3,33,NA,NA
9080,2,realblock,9,5,0,5,38,NA,NA
9080,2,realblock,10,6,0,6,44,NA,NA
9081,2,realblock,1,6,0,6,6,NA,NA
9081,2,realblock,2,4,0,3,9,NA,NA
9081,2,realblock,3,4,1,4,13,NA,NA
9081,2,realblock,4,5,2,5,18,NA,NA
9081,2,realblock,5,7,1,2,20,NA,NA
9081,2,realblock,6,5,0,5,25,NA,NA
9081,2,realblock,7,6,0,4,29,NA,NA
9081,2,realblock,8,7,0,7,36,NA,NA
9081,2,realblock,9,3,1,3,39,NA,NA
9081,2,realblock,10,3,0,3,42,NA,NA
9082,2,realblock,1,4,1,4,4,NA,NA
9082,2,realblock,2,7,0,3,7,NA,NA
9082,2,realblock,3,3,0,3,10,NA,NA
9082,2,realblock,4,5,2,3,13,NA,NA
9082,2,realblock,5,3,0,3,16,NA,NA
9082,2,realblock,6,7,1,5,21,NA,NA
9082,2,realblock,7,6,0,4,25,NA,NA
9082,2,realblock,8,5,0,5,30,NA,NA
9082,2,realblock,9,6,1,5,35,NA,NA
9082,2,realblock,10,4,0,4,39,NA,NA
9083,2,realblock,1,7,0,3,3,NA,NA
9083,2,realblock,2,3,0,2,5,NA,NA
9083,2,realblock,3,4,0,4,9,NA,NA
9083,2,realblock,4,7,1,5,14,NA,NA
9083,2,realblock,5,6,0,6,20,NA,NA
9083,2,realblock,6,5,0,5,25,NA,NA
9083,2,realblock,7,3,0,3,28,NA,NA
9083,2,realblock,8,5,2,4,32,NA,NA
9083,2,realblock,9,4,1,4,36,NA,NA
9083,2,realblock,10,6,1,4,40,NA,NA
9084,2,realblock,1,5,0,0,0,NA,NA
9084,2,realblock,2,6,2,6,6,NA,NA
9084,2,realblock,3,5,1,2,8,NA,NA
9084,2,realblock,4,3,0,3,11,NA,NA
9084,2,realblock,5,3,0,3,14,NA,NA
9084,2,realblock,6,7,1,2,16,NA,NA
9084,2,realblock,7,4,0,4,20,NA,NA
9084,2,realblock,8,6,0,2,22,NA,NA
9084,2,realblock,9,4,0,4,26,NA,NA
9084,2,realblock,10,7,1,3,29,NA,NA
9085,2,realblock,1,3,0,3,3,NA,NA
9085,2,realblock,2,4,0,4,7,NA,NA
9085,2,realblock,3,5,1,5,12,NA,NA
9085,2,realblock,4,7,0,7,19,NA,NA
9085,2,realblock,5,6,0,6,25,NA,NA
9085,2,realblock,6,4,0,4,29,NA,NA
9085,2,realblock,7,3,1,3,32,NA,NA
9085,2,realblock,8,5,0,5,37,NA,NA
9085,2,realblock,9,6,1,4,41,NA,NA
9085,2,realblock,10,7,1,2,43,NA,NA
9087,2,realblock,1,5,0,5,5,NA,NA
9087,2,realblock,2,7,1,3,8,NA,NA
9087,2,realblock,3,7,1,7,15,NA,NA
9087,2,realblock,4,4,1,4,19,NA,NA
9087,2,realblock,5,3,0,3,22,NA,NA
9087,2,realblock,6,6,0,6,28,NA,NA
9087,2,realblock,7,4,0,4,32,NA,NA
9087,2,realblock,8,3,1,3,35,NA,NA
9087,2,realblock,9,6,3,6,41,NA,NA
9087,2,realblock,10,5,0,5,46,NA,NA
9088,2,realblock,1,5,2,5,5,NA,NA
9088,2,realblock,2,5,1,0,5,NA,NA
9088,2,realblock,3,3,0,3,8,NA,NA
9088,2,realblock,4,3,1,3,11,NA,NA
9088,2,realblock,5,6,1,1,12,NA,NA
9088,2,realblock,6,4,1,4,16,NA,NA
9088,2,realblock,7,7,1,2,18,NA,NA
9088,2,realblock,8,6,1,2,20,NA,NA
9088,2,realblock,9,7,0,1,21,NA,NA
9088,2,realblock,10,4,2,2,23,NA,NA
9091,2,realblock,1,4,0,4,4,NA,NA
9091,2,realblock,2,6,0,4,8,NA,NA
9091,2,realblock,3,5,0,5,13,NA,NA
9091,2,realblock,4,4,1,4,17,NA,NA
9091,2,realblock,5,3,0,3,20,NA,NA
9091,2,realblock,6,7,0,7,27,NA,NA
9091,2,realblock,7,6,1,6,33,NA,NA
9091,2,realblock,8,5,0,3,36,NA,NA
9091,2,realblock,9,7,1,5,41,NA,NA
9091,2,realblock,10,3,1,3,44,NA,NA
9092,2,realblock,1,7,1,2,2,NA,NA
9092,2,realblock,2,5,0,5,7,NA,NA
9092,2,realblock,3,6,0,2,9,NA,NA
9092,2,realblock,4,5,0,5,14,NA,NA
9092,2,realblock,5,3,1,3,17,NA,NA
9092,2,realblock,6,6,1,3,20,NA,NA
9092,2,realblock,7,3,0,3,23,NA,NA
9092,2,realblock,8,4,0,4,27,NA,NA
9092,2,realblock,9,4,0,3,30,NA,NA
9092,2,realblock,10,7,2,1,31,NA,NA
9093,2,realblock,1,3,0,3,3,NA,NA
9093,2,realblock,2,5,2,2,5,NA,NA
9093,2,realblock,3,5,1,4,9,NA,NA
9093,2,realblock,4,7,1,3,12,NA,NA
9093,2,realblock,5,4,0,4,16,NA,NA
9093,2,realblock,6,4,0,4,20,NA,NA
9093,2,realblock,7,7,1,7,27,NA,NA
9093,2,realblock,8,6,1,3,30,NA,NA
9093,2,realblock,9,3,1,3,33,NA,NA
9093,2,realblock,10,6,1,6,39,NA,NA
9095,2,realblock,1,6,1,3,3,NA,NA
9095,2,realblock,2,7,1,5,8,NA,NA
9095,2,realblock,3,4,0,3,11,NA,NA
9095,2,realblock,4,3,0,2,13,NA,NA
9095,2,realblock,5,4,0,4,17,NA,NA
9095,2,realblock,6,5,1,5,22,NA,NA
9095,2,realblock,7,3,0,3,25,NA,NA
9095,2,realblock,8,5,0,3,28,NA,NA
9095,2,realblock,9,7,1,5,33,NA,NA
9095,2,realblock,10,6,2,0,33,NA,NA
9096,2,realblock,1,5,0,3,3,NA,NA
9096,2,realblock,2,3,0,3,6,NA,NA
9096,2,realblock,3,7,0,2,8,NA,NA
9096,2,realblock,4,4,0,4,12,NA,NA
9096,2,realblock,5,4,0,4,16,NA,NA
9096,2,realblock,6,6,1,6,22,NA,NA
9096,2,realblock,7,3,0,3,25,NA,NA
9096,2,realblock,8,7,0,2,27,NA,NA
9096,2,realblock,9,5,0,5,32,NA,NA
9096,2,realblock,10,6,0,0,32,NA,NA
9097,2,realblock,1,3,0,3,3,NA,NA
9097,2,realblock,2,5,0,5,8,NA,NA
9097,2,realblock,3,7,0,3,11,NA,NA
9097,2,realblock,4,4,0,3,14,NA,NA
9097,2,realblock,5,3,0,3,17,NA,NA
9097,2,realblock,6,5,0,2,19,NA,NA
9097,2,realblock,7,6,0,5,24,NA,NA
9097,2,realblock,8,7,0,6,30,NA,NA
9097,2,realblock,9,4,0,3,33,NA,NA
9097,2,realblock,10,6,0,4,37,NA,NA
9098,2,realblock,1,7,1,4,4,NA,NA
9098,2,realblock,2,5,0,5,9,NA,NA
9098,2,realblock,3,6,0,2,11,NA,NA
9098,2,realblock,4,3,0,2,13,NA,NA
9098,2,realblock,5,4,0,4,17,NA,NA
9098,2,realblock,6,7,1,5,22,NA,NA
9098,2,realblock,7,4,0,2,24,NA,NA
9098,2,realblock,8,3,1,2,26,NA,NA
9098,2,realblock,9,5,0,3,29,NA,NA
9098,2,realblock,10,6,0,2,31,NA,NA
9099,2,realblock,1,4,0,4,4,NA,NA
9099,2,realblock,2,3,0,3,7,NA,NA
9099,2,realblock,3,5,0,5,12,NA,NA
9099,2,realblock,4,3,0,3,15,NA,NA
9099,2,realblock,5,7,1,5,20,NA,NA
9099,2,realblock,6,6,0,6,26,NA,NA
9099,2,realblock,7,4,1,4,30,NA,NA
9099,2,realblock,8,5,3,5,35,NA,NA
9099,2,realblock,9,7,2,5,40,NA,NA
9099,2,realblock,10,6,2,4,44,NA,NA
9100,2,realblock,1,5,0,1,1,NA,NA
9100,2,realblock,2,3,0,3,4,NA,NA
9100,2,realblock,3,4,1,4,8,NA,NA
9100,2,realblock,4,6,0,6,14,NA,NA
9100,2,realblock,5,7,2,5,19,NA,NA
9100,2,realblock,6,7,0,3,22,NA,NA
9100,2,realblock,7,3,0,3,25,NA,NA
9100,2,realblock,8,5,0,0,25,NA,NA
9100,2,realblock,9,4,1,4,29,NA,NA
9100,2,realblock,10,6,0,3,32,NA,NA
9101,2,realblock,1,4,0,3,3,NA,NA
9101,2,realblock,2,7,0,2,5,NA,NA
9101,2,realblock,3,4,0,1,6,NA,NA
9101,2,realblock,4,6,0,4,10,NA,NA
9101,2,realblock,5,7,0,1,11,NA,NA
9101,2,realblock,6,6,0,3,14,NA,NA
9101,2,realblock,7,3,0,2,16,NA,NA
9101,2,realblock,8,5,1,3,19,NA,NA
9101,2,realblock,9,5,0,3,22,NA,NA
9101,2,realblock,10,3,1,3,25,NA,NA
9102,2,realblock,1,6,1,4,4,NA,NA
9102,2,realblock,2,7,0,5,9,NA,NA
9102,2,realblock,3,7,0,5,14,NA,NA
9102,2,realblock,4,3,0,3,17,NA,NA
9102,2,realblock,5,3,0,3,20,NA,NA
9102,2,realblock,6,4,0,4,24,NA,NA
9102,2,realblock,7,4,0,4,28,NA,NA
9102,2,realblock,8,5,1,2,30,NA,NA
9102,2,realblock,9,5,1,5,35,NA,NA
9102,2,realblock,10,6,1,5,40,NA,NA
9103,2,realblock,1,6,0,6,6,NA,NA
9103,2,realblock,2,6,0,6,12,NA,NA
9103,2,realblock,3,4,1,0,12,NA,NA
9103,2,realblock,4,5,0,5,17,NA,NA
9103,2,realblock,5,7,2,4,21,NA,NA
9103,2,realblock,6,3,0,3,24,NA,NA
9103,2,realblock,7,4,0,4,28,NA,NA
9103,2,realblock,8,7,2,5,33,NA,NA
9103,2,realblock,9,5,0,5,38,NA,NA
9103,2,realblock,10,3,0,3,41,NA,NA
9104,2,realblock,1,5,0,5,5,NA,NA
9104,2,realblock,2,5,0,4,9,NA,NA
9104,2,realblock,3,4,0,4,13,NA,NA
9104,2,realblock,4,7,0,3,16,NA,NA
9104,2,realblock,5,7,1,6,22,NA,NA
9104,2,realblock,6,3,0,3,25,NA,NA
9104,2,realblock,7,6,0,6,31,NA,NA
9104,2,realblock,8,4,0,4,35,NA,NA
9104,2,realblock,9,6,0,1,36,NA,NA
9104,2,realblock,10,3,0,3,39,NA,NA
9105,2,realblock,1,7,2,6,6,NA,NA
9105,2,realblock,2,4,0,4,10,NA,NA
9105,2,realblock,3,6,0,6,16,NA,NA
9105,2,realblock,4,5,1,5,21,NA,NA
9105,2,realblock,5,3,0,3,24,NA,NA
9105,2,realblock,6,7,2,1,25,NA,NA
9105,2,realblock,7,5,0,5,30,NA,NA
9105,2,realblock,8,6,0,3,33,NA,NA
9105,2,realblock,9,3,0,3,36,NA,NA
9105,2,realblock,10,4,1,4,40,NA,NA
9106,2,realblock,1,7,0,7,7,NA,NA
9106,2,realblock,2,3,1,3,10,NA,NA
9106,2,realblock,3,5,0,5,15,NA,NA
9106,2,realblock,4,3,0,3,18,NA,NA
9106,2,realblock,5,7,0,7,25,NA,NA
9106,2,realblock,6,6,0,6,31,NA,NA
9106,2,realblock,7,5,0,5,36,NA,NA
9106,2,realblock,8,4,0,4,40,NA,NA
9106,2,realblock,9,4,0,4,44,NA,NA
9106,2,realblock,10,6,0,6,50,NA,NA
9107,2,realblock,1,3,0,3,3,NA,NA
9107,2,realblock,2,6,0,4,7,NA,NA
9107,2,realblock,3,5,1,5,12,NA,NA
9107,2,realblock,4,4,1,4,16,NA,NA
9107,2,realblock,5,4,1,4,20,NA,NA
9107,2,realblock,6,5,0,5,25,NA,NA
9107,2,realblock,7,7,0,5,30,NA,NA
9107,2,realblock,8,7,1,6,36,NA,NA
9107,2,realblock,9,6,0,6,42,NA,NA
9107,2,realblock,10,3,0,3,45,NA,NA
9108,2,realblock,1,7,2,1,1,NA,NA
9108,2,realblock,2,4,1,2,3,NA,NA
9108,2,realblock,3,4,0,2,5,NA,NA
9108,2,realblock,4,3,0,3,8,NA,NA
9108,2,realblock,5,5,2,1,9,NA,NA
9108,2,realblock,6,5,2,4,13,NA,NA
9108,2,realblock,7,6,1,3,16,NA,NA
9108,2,realblock,8,7,4,0,16,NA,NA
9108,2,realblock,9,6,2,0,16,NA,NA
9108,2,realblock,10,3,0,3,19,NA,NA
9109,2,realblock,1,4,1,4,4,NA,NA
9109,2,realblock,2,7,2,3,7,NA,NA
9109,2,realblock,3,5,4,1,8,NA,NA
9109,2,realblock,4,3,1,0,8,NA,NA
9109,2,realblock,5,6,1,2,10,NA,NA
9109,2,realblock,6,7,6,0,10,NA,NA
9109,2,realblock,7,3,2,0,10,NA,NA
9109,2,realblock,8,5,3,1,11,NA,NA
9109,2,realblock,9,6,4,0,11,NA,NA
9109,2,realblock,10,4,1,0,11,NA,NA
9112,2,realblock,1,6,0,4,4,NA,NA
9112,2,realblock,2,4,1,2,6,NA,NA
9112,2,realblock,3,5,0,4,10,NA,NA
9112,2,realblock,4,4,0,4,14,NA,NA
9112,2,realblock,5,5,0,2,16,NA,NA
9112,2,realblock,6,3,0,3,19,NA,NA
9112,2,realblock,7,7,1,3,22,NA,NA
9112,2,realblock,8,7,1,3,25,NA,NA
9112,2,realblock,9,3,0,3,28,NA,NA
9112,2,realblock,10,6,1,4,32,NA,NA
9114,2,realblock,1,6,1,3,3,NA,NA
9114,2,realblock,2,5,1,5,8,NA,NA
9114,2,realblock,3,7,1,3,11,NA,NA
9114,2,realblock,4,4,0,4,15,NA,NA
9114,2,realblock,5,3,0,3,18,NA,NA
9114,2,realblock,6,7,0,2,20,NA,NA
9114,2,realblock,7,4,0,3,23,NA,NA
9114,2,realblock,8,5,0,5,28,NA,NA
9114,2,realblock,9,6,1,3,31,NA,NA
9114,2,realblock,10,3,0,3,34,NA,NA
9115,2,realblock,1,6,0,6,6,NA,NA
9115,2,realblock,2,4,2,4,10,NA,NA
9115,2,realblock,3,3,0,3,13,NA,NA
9115,2,realblock,4,6,0,4,17,NA,NA
9115,2,realblock,5,5,0,5,22,NA,NA
9115,2,realblock,6,3,0,3,25,NA,NA
9115,2,realblock,7,4,1,4,29,NA,NA
9115,2,realblock,8,7,1,4,33,NA,NA
9115,2,realblock,9,5,0,3,36,NA,NA
9115,2,realblock,10,7,2,3,39,NA,NA
9116,2,realblock,1,3,0,3,3,NA,NA
9116,2,realblock,2,6,1,6,9,NA,NA
9116,2,realblock,3,7,1,7,16,NA,NA
9116,2,realblock,4,4,1,4,20,NA,NA
9116,2,realblock,5,5,0,5,25,NA,NA
9116,2,realblock,6,7,0,7,32,NA,NA
9116,2,realblock,7,5,1,5,37,NA,NA
9116,2,realblock,8,4,0,4,41,NA,NA
9116,2,realblock,9,3,0,3,44,NA,NA
9116,2,realblock,10,6,0,6,50,NA,NA
9117,2,realblock,1,6,2,6,6,NA,NA
9117,2,realblock,2,5,1,0,6,NA,NA
9117,2,realblock,3,6,1,4,10,NA,NA
9117,2,realblock,4,7,0,4,14,NA,NA
9117,2,realblock,5,7,0,0,14,NA,NA
9117,2,realblock,6,4,0,4,18,NA,NA
9117,2,realblock,7,3,0,3,21,NA,NA
9117,2,realblock,8,5,1,5,26,NA,NA
9117,2,realblock,9,4,0,4,30,NA,NA
9117,2,realblock,10,3,0,3,33,NA,NA
9118,2,realblock,1,7,3,1,1,NA,NA
9118,2,realblock,2,6,1,0,1,NA,NA
9118,2,realblock,3,7,1,0,1,NA,NA
9118,2,realblock,4,6,3,1,2,NA,NA
9118,2,realblock,5,3,2,0,2,NA,NA
9118,2,realblock,6,3,0,0,2,NA,NA
9118,2,realblock,7,5,0,0,2,NA,NA
9118,2,realblock,8,5,0,0,2,NA,NA
9118,2,realblock,9,4,2,1,3,NA,NA
9118,2,realblock,10,4,1,0,3,NA,NA
9122,2,realblock,1,4,0,4,4,NA,NA
9122,2,realblock,2,4,0,4,8,NA,NA
9122,2,realblock,3,7,1,0,8,NA,NA
9122,2,realblock,4,6,1,5,13,NA,NA
9122,2,realblock,5,6,1,5,18,NA,NA
9122,2,realblock,6,7,1,0,18,NA,NA
9122,2,realblock,7,5,0,1,19,NA,NA
9122,2,realblock,8,3,1,3,22,NA,NA
9122,2,realblock,9,5,0,5,27,NA,NA
9122,2,realblock,10,3,0,3,30,NA,NA
9123,2,realblock,1,5,0,5,5,NA,NA
9123,2,realblock,2,5,0,5,10,NA,NA
9123,2,realblock,3,3,0,3,13,NA,NA
9123,2,realblock,4,6,0,4,17,NA,NA
9123,2,realblock,5,3,0,3,20,NA,NA
9123,2,realblock,6,7,0,4,24,NA,NA
9123,2,realblock,7,4,0,4,28,NA,NA
9123,2,realblock,8,4,0,4,32,NA,NA
9123,2,realblock,9,6,0,6,38,NA,NA
9123,2,realblock,10,7,2,7,45,NA,NA
9124,2,realblock,1,7,2,7,7,NA,NA
9124,2,realblock,2,6,2,3,10,NA,NA
9124,2,realblock,3,7,0,6,16,NA,NA
9124,2,realblock,4,4,0,4,20,NA,NA
9124,2,realblock,5,4,0,4,24,NA,NA
9124,2,realblock,6,3,1,3,27,NA,NA
9124,2,realblock,7,3,0,2,29,NA,NA
9124,2,realblock,8,5,0,5,34,NA,NA
9124,2,realblock,9,6,0,3,37,NA,NA
9124,2,realblock,10,5,0,5,42,NA,NA
9126,2,realblock,1,3,0,3,3,NA,NA
9126,2,realblock,2,7,1,4,7,NA,NA
9126,2,realblock,3,6,0,6,13,NA,NA
9126,2,realblock,4,4,0,3,16,NA,NA
9126,2,realblock,5,7,0,2,18,NA,NA
9126,2,realblock,6,6,1,4,22,NA,NA
9126,2,realblock,7,5,0,5,27,NA,NA
9126,2,realblock,8,5,0,5,32,NA,NA
9126,2,realblock,9,3,0,3,35,NA,NA
9126,2,realblock,10,4,0,4,39,NA,NA
9127,2,realblock,1,7,1,7,7,NA,NA
9127,2,realblock,2,4,2,4,11,NA,NA
9127,2,realblock,3,5,1,5,16,NA,NA
9127,2,realblock,4,6,2,4,20,NA,NA
9127,2,realblock,5,6,1,6,26,NA,NA
9127,2,realblock,6,4,0,4,30,NA,NA
9127,2,realblock,7,3,1,2,32,NA,NA
9127,2,realblock,8,5,1,5,37,NA,NA
9127,2,realblock,9,3,1,3,40,NA,NA
9127,2,realblock,10,7,1,7,47,NA,NA
9128,2,realblock,1,7,2,3,3,NA,NA
9128,2,realblock,2,3,0,3,6,NA,NA
9128,2,realblock,3,3,0,3,9,NA,NA
9128,2,realblock,4,7,0,2,11,NA,NA
9128,2,realblock,5,5,0,5,16,NA,NA
9128,2,realblock,6,4,0,4,20,NA,NA
9128,2,realblock,7,6,0,4,24,NA,NA
9128,2,realblock,8,5,2,5,29,NA,NA
9128,2,realblock,9,4,0,4,33,NA,NA
9128,2,realblock,10,6,0,4,37,NA,NA
9130,2,realblock,1,6,0,5,5,NA,NA
9130,2,realblock,2,4,0,4,9,NA,NA
9130,2,realblock,3,7,0,6,15,NA,NA
9130,2,realblock,4,5,1,3,18,NA,NA
9130,2,realblock,5,7,1,4,22,NA,NA
9130,2,realblock,6,3,0,0,22,NA,NA
9130,2,realblock,7,6,1,6,28,NA,NA
9130,2,realblock,8,3,0,3,31,NA,NA
9130,2,realblock,9,4,0,4,35,NA,NA
9130,2,realblock,10,5,1,2,37,NA,NA
9132,2,realblock,1,4,0,4,4,NA,NA
9132,2,realblock,2,5,0,5,9,NA,NA
9132,2,realblock,3,4,0,3,12,NA,NA
9132,2,realblock,4,7,0,5,17,NA,NA
9132,2,realblock,5,6,3,6,23,NA,NA
9132,2,realblock,6,7,0,0,23,NA,NA
9132,2,realblock,7,3,0,3,26,NA,NA
9132,2,realblock,8,5,0,5,31,NA,NA
9132,2,realblock,9,6,0,6,37,NA,NA
9132,2,realblock,10,3,0,3,40,NA,NA
9133,2,realblock,1,5,0,5,5,NA,NA
9133,2,realblock,2,4,0,4,9,NA,NA
9133,2,realblock,3,6,2,6,15,NA,NA
9133,2,realblock,4,6,0,4,19,NA,NA
9133,2,realblock,5,4,1,4,23,NA,NA
9133,2,realblock,6,5,1,5,28,NA,NA
9133,2,realblock,7,3,0,3,31,NA,NA
9133,2,realblock,8,7,0,7,38,NA,NA
9133,2,realblock,9,3,1,3,41,NA,NA
9133,2,realblock,10,7,1,6,47,NA,NA
9134,2,realblock,1,7,0,4,4,NA,NA
9134,2,realblock,2,5,0,5,9,NA,NA
9134,2,realblock,3,4,3,4,13,NA,NA
9134,2,realblock,4,4,1,3,16,NA,NA
9134,2,realblock,5,6,1,5,21,NA,NA
9134,2,realblock,6,5,0,5,26,NA,NA
9134,2,realblock,7,3,2,3,29,NA,NA
9134,2,realblock,8,6,1,6,35,NA,NA
9134,2,realblock,9,7,1,7,42,NA,NA
9134,2,realblock,10,3,0,2,44,NA,NA
9135,2,realblock,1,5,0,5,5,NA,NA
9135,2,realblock,2,7,0,7,12,NA,NA
9135,2,realblock,3,7,1,3,15,NA,NA
9135,2,realblock,4,4,2,4,19,NA,NA
9135,2,realblock,5,6,0,4,23,NA,NA
9135,2,realblock,6,5,1,5,28,NA,NA
9135,2,realblock,7,4,0,1,29,NA,NA
9135,2,realblock,8,6,0,6,35,NA,NA
9135,2,realblock,9,3,0,3,38,NA,NA
9135,2,realblock,10,3,0,3,41,NA,NA
9136,2,realblock,1,3,1,3,3,NA,NA
9136,2,realblock,2,5,1,5,8,NA,NA
9136,2,realblock,3,6,0,6,14,NA,NA
9136,2,realblock,4,6,0,6,20,NA,NA
9136,2,realblock,5,7,0,7,27,NA,NA
9136,2,realblock,6,3,0,3,30,NA,NA
9136,2,realblock,7,5,1,5,35,NA,NA
9136,2,realblock,8,4,0,4,39,NA,NA
9136,2,realblock,9,4,0,4,43,NA,NA
9136,2,realblock,10,7,0,3,46,NA,NA
9137,2,realblock,1,4,2,0,0,NA,NA
9137,2,realblock,2,6,2,0,0,NA,NA
9137,2,realblock,3,3,1,3,3,NA,NA
9137,2,realblock,4,5,1,0,3,NA,NA
9137,2,realblock,5,7,3,2,5,NA,NA
9137,2,realblock,6,7,0,5,10,NA,NA
9137,2,realblock,7,6,0,3,13,NA,NA
9137,2,realblock,8,4,0,4,17,NA,NA
9137,2,realblock,9,5,0,5,22,NA,NA
9137,2,realblock,10,3,1,3,25,NA,NA
9138,2,realblock,1,5,1,2,2,NA,NA
9138,2,realblock,2,5,0,5,7,NA,NA
9138,2,realblock,3,6,0,5,12,NA,NA
9138,2,realblock,4,7,1,1,13,NA,NA
9138,2,realblock,5,7,3,3,16,NA,NA
9138,2,realblock,6,6,0,5,21,NA,NA
9138,2,realblock,7,3,0,3,24,NA,NA
9138,2,realblock,8,3,0,3,27,NA,NA
9138,2,realblock,9,4,0,4,31,NA,NA
9138,2,realblock,10,4,0,4,35,NA,NA
9139,2,realblock,1,5,1,5,5,NA,NA
9139,2,realblock,2,3,0,3,8,NA,NA
9139,2,realblock,3,4,1,0,8,NA,NA
9139,2,realblock,4,3,2,3,11,NA,NA
9139,2,realblock,5,5,2,2,13,NA,NA
9139,2,realblock,6,6,2,1,14,NA,NA
9139,2,realblock,7,4,1,4,18,NA,NA
9139,2,realblock,8,7,2,4,22,NA,NA
9139,2,realblock,9,6,4,4,26,NA,NA
9139,2,realblock,10,7,1,2,28,NA,NA
9140,2,realblock,1,3,0,2,2,NA,NA
9140,2,realblock,2,3,0,3,5,NA,NA
9140,2,realblock,3,5,0,3,8,NA,NA
9140,2,realblock,4,6,0,0,8,NA,NA
9140,2,realblock,5,4,1,0,8,NA,NA
9140,2,realblock,6,7,0,0,8,NA,NA
9140,2,realblock,7,6,1,1,9,NA,NA
9140,2,realblock,8,7,3,0,9,NA,NA
9140,2,realblock,9,4,0,1,10,NA,NA
9140,2,realblock,10,5,0,0,10,NA,NA
9141,2,realblock,1,6,1,6,6,NA,NA
9141,2,realblock,2,5,0,5,11,NA,NA
9141,2,realblock,3,3,0,3,14,NA,NA
9141,2,realblock,4,7,1,3,17,NA,NA
9141,2,realblock,5,6,3,6,23,NA,NA
9141,2,realblock,6,3,0,3,26,NA,NA
9141,2,realblock,7,4,1,4,30,NA,NA
9141,2,realblock,8,4,1,4,34,NA,NA
9141,2,realblock,9,7,0,7,41,NA,NA
9141,2,realblock,10,5,1,2,43,NA,NA
9142,2,realblock,1,3,0,3,3,NA,NA
9142,2,realblock,2,4,1,2,5,NA,NA
9142,2,realblock,3,5,1,5,10,NA,NA
9142,2,realblock,4,3,0,3,13,NA,NA
9142,2,realblock,5,6,0,2,15,NA,NA
9142,2,realblock,6,4,0,4,19,NA,NA
9142,2,realblock,7,7,1,0,19,NA,NA
9142,2,realblock,8,6,0,6,25,NA,NA
9142,2,realblock,9,7,0,4,29,NA,NA
9142,2,realblock,10,5,0,5,34,NA,NA
9143,2,realblock,1,4,0,4,4,NA,NA
9143,2,realblock,2,6,0,6,10,NA,NA
9143,2,realblock,3,3,1,3,13,NA,NA
9143,2,realblock,4,3,0,3,16,NA,NA
9143,2,realblock,5,4,0,4,20,NA,NA
9143,2,realblock,6,5,0,5,25,NA,NA
9143,2,realblock,7,6,0,6,31,NA,NA
9143,2,realblock,8,5,0,5,36,NA,NA
9143,2,realblock,9,7,0,7,43,NA,NA
9143,2,realblock,10,7,0,6,49,NA,NA
9144,2,realblock,1,5,0,5,5,NA,NA
9144,2,realblock,2,7,2,5,10,NA,NA
9144,2,realblock,3,6,1,6,16,NA,NA
9144,2,realblock,4,4,0,4,20,NA,NA
9144,2,realblock,5,3,0,0,20,NA,NA
9144,2,realblock,6,3,0,3,23,NA,NA
9144,2,realblock,7,6,0,4,27,NA,NA
9144,2,realblock,8,4,0,4,31,NA,NA
9144,2,realblock,9,7,0,7,38,NA,NA
9144,2,realblock,10,5,0,3,41,NA,NA
9145,2,realblock,1,6,0,6,6,NA,NA
9145,2,realblock,2,5,0,5,11,NA,NA
9145,2,realblock,3,5,1,5,16,NA,NA
9145,2,realblock,4,3,0,3,19,NA,NA
9145,2,realblock,5,7,1,7,26,NA,NA
9145,2,realblock,6,6,1,6,32,NA,NA
9145,2,realblock,7,7,0,5,37,NA,NA
9145,2,realblock,8,4,0,4,41,NA,NA
9145,2,realblock,9,4,0,4,45,NA,NA
9145,2,realblock,10,3,0,3,48,NA,NA
9146,2,realblock,1,3,1,3,3,NA,NA
9146,2,realblock,2,4,1,4,7,NA,NA
9146,2,realblock,3,4,0,4,11,NA,NA
9146,2,realblock,4,5,0,5,16,NA,NA
9146,2,realblock,5,7,1,5,21,NA,NA
9146,2,realblock,6,6,1,4,25,NA,NA
9146,2,realblock,7,7,0,5,30,NA,NA
9146,2,realblock,8,6,1,6,36,NA,NA
9146,2,realblock,9,3,0,3,39,NA,NA
9146,2,realblock,10,5,0,5,44,NA,NA
9147,2,realblock,1,4,0,4,4,NA,NA
9147,2,realblock,2,5,1,5,9,NA,NA
9147,2,realblock,3,6,1,5,14,NA,NA
9147,2,realblock,4,7,0,7,21,NA,NA
9147,2,realblock,5,5,0,5,26,NA,NA
9147,2,realblock,6,6,1,6,32,NA,NA
9147,2,realblock,7,3,0,3,35,NA,NA
9147,2,realblock,8,3,0,3,38,NA,NA
9147,2,realblock,9,7,0,5,43,NA,NA
9147,2,realblock,10,4,0,4,47,NA,NA
9148,2,realblock,1,6,0,4,4,NA,NA
9148,2,realblock,2,3,0,3,7,NA,NA
9148,2,realblock,3,6,1,6,13,NA,NA
9148,2,realblock,4,5,0,5,18,NA,NA
9148,2,realblock,5,7,0,3,21,NA,NA
9148,2,realblock,6,4,0,4,25,NA,NA
9148,2,realblock,7,3,0,3,28,NA,NA
9148,2,realblock,8,4,0,4,32,NA,NA
9148,2,realblock,9,5,0,5,37,NA,NA
9148,2,realblock,10,7,3,3,40,NA,NA
9149,2,realblock,1,7,1,3,3,NA,NA
9149,2,realblock,2,4,2,3,6,NA,NA
9149,2,realblock,3,6,0,0,6,NA,NA
9149,2,realblock,4,3,1,0,6,NA,NA
9149,2,realblock,5,6,0,3,9,NA,NA
9149,2,realblock,6,5,0,0,9,NA,NA
9149,2,realblock,7,4,2,0,9,NA,NA
9149,2,realblock,8,3,1,0,9,NA,NA
9149,2,realblock,9,5,0,0,9,NA,NA
9149,2,realblock,10,7,0,0,9,NA,NA
9150,2,realblock,1,3,0,3,3,NA,NA
9150,2,realblock,2,4,2,4,7,NA,NA
9150,2,realblock,3,6,2,2,9,NA,NA
9150,2,realblock,4,3,0,3,12,NA,NA
9150,2,realblock,5,5,1,5,17,NA,NA
9150,2,realblock,6,4,1,3,20,NA,NA
9150,2,realblock,7,7,1,2,22,NA,NA
9150,2,realblock,8,7,2,5,27,NA,NA
9150,2,realblock,9,5,0,2,29,NA,NA
9150,2,realblock,10,6,2,3,32,NA,NA
9151,2,realblock,1,4,0,4,4,NA,NA
9151,2,realblock,2,7,0,2,6,NA,NA
9151,2,realblock,3,3,1,3,9,NA,NA
9151,2,realblock,4,6,1,3,12,NA,NA
9151,2,realblock,5,4,0,4,16,NA,NA
9151,2,realblock,6,3,1,3,19,NA,NA
9151,2,realblock,7,5,0,3,22,NA,NA
9151,2,realblock,8,5,1,5,27,NA,NA
9151,2,realblock,9,6,0,4,31,NA,NA
9151,2,realblock,10,7,0,2,33,NA,NA
9152,2,realblock,1,7,3,7,7,NA,NA
9152,2,realblock,2,3,0,3,10,NA,NA
9152,2,realblock,3,3,1,2,12,NA,NA
9152,2,realblock,4,6,1,5,17,NA,NA
9152,2,realblock,5,5,0,5,22,NA,NA
9152,2,realblock,6,4,0,4,26,NA,NA
9152,2,realblock,7,5,0,4,30,NA,NA
9152,2,realblock,8,4,0,4,34,NA,NA
9152,2,realblock,9,6,1,1,35,NA,NA
9152,2,realblock,10,7,1,5,40,NA,NA
9153,2,realblock,1,7,3,0,0,NA,NA
9153,2,realblock,2,3,1,3,3,NA,NA
9153,2,realblock,3,6,0,0,3,NA,NA
9153,2,realblock,4,5,0,0,3,NA,NA
9153,2,realblock,5,6,2,5,8,NA,NA
9153,2,realblock,6,7,0,0,8,NA,NA
9153,2,realblock,7,5,0,3,11,NA,NA
9153,2,realblock,8,3,1,3,14,NA,NA
9153,2,realblock,9,4,1,4,18,NA,NA
9153,2,realblock,10,4,1,4,22,NA,NA
9154,2,realblock,1,5,2,5,5,NA,NA
9154,2,realblock,2,4,0,4,9,NA,NA
9154,2,realblock,3,3,0,0,9,NA,NA
9154,2,realblock,4,6,1,4,13,NA,NA
9154,2,realblock,5,3,1,3,16,NA,NA
9154,2,realblock,6,6,1,6,22,NA,NA
9154,2,realblock,7,7,0,2,24,NA,NA
9154,2,realblock,8,5,0,5,29,NA,NA
9154,2,realblock,9,4,0,4,33,NA,NA
9154,2,realblock,10,7,0,4,37,NA,NA
9155,2,realblock,1,4,0,4,4,NA,NA
9155,2,realblock,2,7,2,5,9,NA,NA
9155,2,realblock,3,3,1,3,12,NA,NA
9155,2,realblock,4,4,0,4,16,NA,NA
9155,2,realblock,5,6,0,6,22,NA,NA
9155,2,realblock,6,5,0,5,27,NA,NA
9155,2,realblock,7,3,0,3,30,NA,NA
9155,2,realblock,8,5,1,5,35,NA,NA
9155,2,realblock,9,7,2,4,39,NA,NA
9155,2,realblock,10,6,0,4,43,NA,NA
9156,2,realblock,1,7,0,6,6,NA,NA
9156,2,realblock,2,6,0,6,12,NA,NA
9156,2,realblock,3,3,1,2,14,NA,NA
9156,2,realblock,4,5,1,4,18,NA,NA
9156,2,realblock,5,7,1,5,23,NA,NA
9156,2,realblock,6,5,1,5,28,NA,NA
9156,2,realblock,7,4,1,4,32,NA,NA
9156,2,realblock,8,4,1,4,36,NA,NA
9156,2,realblock,9,3,0,3,39,NA,NA
9156,2,realblock,10,6,0,4,43,NA,NA
9157,2,realblock,1,6,1,2,2,NA,NA
9157,2,realblock,2,6,1,3,5,NA,NA
9157,2,realblock,3,7,1,4,9,NA,NA
9157,2,realblock,4,5,0,4,13,NA,NA
9157,2,realblock,5,4,0,4,17,NA,NA
9157,2,realblock,6,3,1,3,20,NA,NA
9157,2,realblock,7,5,1,4,24,NA,NA
9157,2,realblock,8,3,0,1,25,NA,NA
9157,2,realblock,9,4,1,4,29,NA,NA
9157,2,realblock,10,7,1,5,34,NA,NA
9158,2,realblock,1,6,2,6,6,NA,NA
9158,2,realblock,2,6,1,6,12,NA,NA
9158,2,realblock,3,5,0,4,16,NA,NA
9158,2,realblock,4,4,3,4,20,NA,NA
9158,2,realblock,5,7,1,4,24,NA,NA
9158,2,realblock,6,3,0,3,27,NA,NA
9158,2,realblock,7,4,0,4,31,NA,NA
9158,2,realblock,8,7,0,3,34,NA,NA
9158,2,realblock,9,3,0,3,37,NA,NA
9158,2,realblock,10,5,0,5,42,NA,NA
9159,2,realblock,1,3,0,3,3,NA,NA
9159,2,realblock,2,7,0,1,4,NA,NA
9159,2,realblock,3,5,1,5,9,NA,NA
9159,2,realblock,4,6,0,6,15,NA,NA
9159,2,realblock,5,4,0,4,19,NA,NA
9159,2,realblock,6,4,0,4,23,NA,NA
9159,2,realblock,7,5,1,5,28,NA,NA
9159,2,realblock,8,6,1,6,34,NA,NA
9159,2,realblock,9,7,2,4,38,NA,NA
9159,2,realblock,10,3,0,3,41,NA,NA
9160,2,realblock,1,5,0,5,5,NA,NA
9160,2,realblock,2,4,0,4,9,NA,NA
9160,2,realblock,3,7,1,2,11,NA,NA
9160,2,realblock,4,7,1,7,18,NA,NA
9160,2,realblock,5,3,0,3,21,NA,NA
9160,2,realblock,6,6,0,5,26,NA,NA
9160,2,realblock,7,5,2,1,27,NA,NA
9160,2,realblock,8,3,0,3,30,NA,NA
9160,2,realblock,9,6,0,6,36,NA,NA
9160,2,realblock,10,4,0,4,40,NA,NA
9161,2,realblock,1,4,0,4,4,NA,NA
9161,2,realblock,2,6,0,4,8,NA,NA
9161,2,realblock,3,6,0,6,14,NA,NA
9161,2,realblock,4,7,1,7,21,NA,NA
9161,2,realblock,5,7,2,5,26,NA,NA
9161,2,realblock,6,3,0,3,29,NA,NA
9161,2,realblock,7,5,1,5,34,NA,NA
9161,2,realblock,8,4,0,4,38,NA,NA
9161,2,realblock,9,5,0,5,43,NA,NA
9161,2,realblock,10,3,0,3,46,NA,NA
9163,2,realblock,1,7,1,5,5,NA,NA
9163,2,realblock,2,6,1,5,10,NA,NA
9163,2,realblock,3,3,0,3,13,NA,NA
9163,2,realblock,4,6,2,5,18,NA,NA
9163,2,realblock,5,7,2,4,22,NA,NA
9163,2,realblock,6,4,0,4,26,NA,NA
9163,2,realblock,7,5,2,3,29,NA,NA
9163,2,realblock,8,3,0,3,32,NA,NA
9163,2,realblock,9,4,0,4,36,NA,NA
9163,2,realblock,10,5,0,5,41,NA,NA
9164,2,realblock,1,3,0,3,3,NA,NA
9164,2,realblock,2,6,2,0,3,NA,NA
9164,2,realblock,3,6,2,4,7,NA,NA
9164,2,realblock,4,7,2,4,11,NA,NA
9164,2,realblock,5,4,1,4,15,NA,NA
9164,2,realblock,6,5,1,1,16,NA,NA
9164,2,realblock,7,7,0,1,17,NA,NA
9164,2,realblock,8,3,2,3,20,NA,NA
9164,2,realblock,9,5,1,3,23,NA,NA
9164,2,realblock,10,4,1,3,26,NA,NA
9165,2,realblock,1,5,1,4,4,NA,NA
9165,2,realblock,2,6,0,2,6,NA,NA
9165,2,realblock,3,3,0,2,8,NA,NA
9165,2,realblock,4,4,0,3,11,NA,NA
9165,2,realblock,5,5,0,3,14,NA,NA
9165,2,realblock,6,3,1,1,15,NA,NA
9165,2,realblock,7,7,0,3,18,NA,NA
9165,2,realblock,8,6,0,0,18,NA,NA
9165,2,realblock,9,4,0,4,22,NA,NA
9165,2,realblock,10,7,1,3,25,NA,NA
9166,2,realblock,1,6,0,6,6,NA,NA
9166,2,realblock,2,5,1,5,11,NA,NA
9166,2,realblock,3,4,0,4,15,NA,NA
9166,2,realblock,4,3,0,3,18,NA,NA
9166,2,realblock,5,3,1,3,21,NA,NA
9166,2,realblock,6,4,0,4,25,NA,NA
9166,2,realblock,7,5,0,5,30,NA,NA
9166,2,realblock,8,7,0,2,32,NA,NA
9166,2,realblock,9,6,0,3,35,NA,NA
9166,2,realblock,10,7,0,5,40,NA,NA
9167,2,realblock,1,3,0,3,3,NA,NA
9167,2,realblock,2,4,0,4,7,NA,NA
9167,2,realblock,3,5,0,4,11,NA,NA
9167,2,realblock,4,6,0,6,17,NA,NA
9167,2,realblock,5,7,0,7,24,NA,NA
9167,2,realblock,6,7,0,7,31,NA,NA
9167,2,realblock,7,5,0,3,34,NA,NA
9167,2,realblock,8,4,1,4,38,NA,NA
9167,2,realblock,9,3,0,3,41,NA,NA
9167,2,realblock,10,6,1,6,47,NA,NA
9168,2,realblock,1,7,1,6,6,NA,NA
9168,2,realblock,2,4,1,4,10,NA,NA
9168,2,realblock,3,5,1,3,13,NA,NA
9168,2,realblock,4,5,0,4,17,NA,NA
9168,2,realblock,5,6,3,2,19,NA,NA
9168,2,realblock,6,3,0,3,22,NA,NA
9168,2,realblock,7,6,0,1,23,NA,NA
9168,2,realblock,8,3,1,3,26,NA,NA
9168,2,realblock,9,7,0,4,30,NA,NA
9168,2,realblock,10,4,0,4,34,NA,NA
9169,2,realblock,1,3,0,3,3,NA,NA
9169,2,realblock,2,4,1,4,7,NA,NA
9169,2,realblock,3,7,2,5,12,NA,NA
9169,2,realblock,4,4,0,3,15,NA,NA
9169,2,realblock,5,6,0,2,17,NA,NA
9169,2,realblock,6,5,0,5,22,NA,NA
9169,2,realblock,7,7,2,5,27,NA,NA
9169,2,realblock,8,3,2,2,29,NA,NA
9169,2,realblock,9,6,0,5,34,NA,NA
9169,2,realblock,10,5,1,3,37,NA,NA
9170,2,realblock,1,4,0,4,4,NA,NA
9170,2,realblock,2,5,0,5,9,NA,NA
9170,2,realblock,3,7,0,5,14,NA,NA
9170,2,realblock,4,7,2,3,17,NA,NA
9170,2,realblock,5,3,0,3,20,NA,NA
9170,2,realblock,6,4,0,4,24,NA,NA
9170,2,realblock,7,3,0,3,27,NA,NA
9170,2,realblock,8,5,2,3,30,NA,NA
9170,2,realblock,9,6,0,2,32,NA,NA
9170,2,realblock,10,6,1,3,35,NA,NA
9171,2,realblock,1,7,1,6,6,NA,NA
9171,2,realblock,2,7,2,0,6,NA,NA
9171,2,realblock,3,5,0,3,9,NA,NA
9171,2,realblock,4,4,0,1,10,NA,NA
9171,2,realblock,5,3,0,2,12,NA,NA
9171,2,realblock,6,4,1,3,15,NA,NA
9171,2,realblock,7,5,0,0,15,NA,NA
9171,2,realblock,8,6,0,1,16,NA,NA
9171,2,realblock,9,3,1,1,17,NA,NA
9171,2,realblock,10,6,0,6,23,NA,NA
9172,2,realblock,1,4,0,1,1,NA,NA
9172,2,realblock,2,6,0,1,2,NA,NA
9172,2,realblock,3,7,1,2,4,NA,NA
9172,2,realblock,4,3,0,0,4,NA,NA
9172,2,realblock,5,4,0,2,6,NA,NA
9172,2,realblock,6,5,1,0,6,NA,NA
9172,2,realblock,7,6,0,0,6,NA,NA
9172,2,realblock,8,3,2,1,7,NA,NA
9172,2,realblock,9,5,1,0,7,NA,NA
9172,2,realblock,10,7,1,0,7,NA,NA
9173,2,realblock,1,5,0,5,5,NA,NA
9173,2,realblock,2,3,0,3,8,NA,NA
9173,2,realblock,3,7,0,3,11,NA,NA
9173,2,realblock,4,6,1,2,13,NA,NA
9173,2,realblock,5,7,4,4,17,NA,NA
9173,2,realblock,6,3,1,3,20,NA,NA
9173,2,realblock,7,6,0,5,25,NA,NA
9173,2,realblock,8,4,2,4,29,NA,NA
9173,2,realblock,9,5,0,5,34,NA,NA
9173,2,realblock,10,4,1,1,35,NA,NA
9174,2,realblock,1,6,0,3,3,NA,NA
9174,2,realblock,2,4,0,4,7,NA,NA
9174,2,realblock,3,7,0,3,10,NA,NA
9174,2,realblock,4,3,0,3,13,NA,NA
9174,2,realblock,5,5,1,5,18,NA,NA
9174,2,realblock,6,6,0,2,20,NA,NA
9174,2,realblock,7,4,0,4,24,NA,NA
9174,2,realblock,8,3,1,3,27,NA,NA
9174,2,realblock,9,7,0,6,33,NA,NA
9174,2,realblock,10,5,1,5,38,NA,NA
9175,2,realblock,1,4,1,4,4,NA,NA
9175,2,realblock,2,6,1,1,5,NA,NA
9175,2,realblock,3,6,2,0,5,NA,NA
9175,2,realblock,4,3,0,3,8,NA,NA
9175,2,realblock,5,7,1,7,15,NA,NA
9175,2,realblock,6,3,0,3,18,NA,NA
9175,2,realblock,7,7,0,7,25,NA,NA
9175,2,realblock,8,4,0,3,28,NA,NA
9175,2,realblock,9,5,0,5,33,NA,NA
9175,2,realblock,10,5,1,4,37,NA,NA
9176,2,realblock,1,7,0,7,7,NA,NA
9176,2,realblock,2,4,0,4,11,NA,NA
9176,2,realblock,3,3,2,3,14,NA,NA
9176,2,realblock,4,6,0,5,19,NA,NA
9176,2,realblock,5,5,0,5,24,NA,NA
9176,2,realblock,6,4,0,4,28,NA,NA
9176,2,realblock,7,3,1,3,31,NA,NA
9176,2,realblock,8,5,3,2,33,NA,NA
9176,2,realblock,9,7,2,4,37,NA,NA
9176,2,realblock,10,6,0,5,42,NA,NA
9177,2,realblock,1,4,0,4,4,NA,NA
9177,2,realblock,2,5,0,5,9,NA,NA
9177,2,realblock,3,7,3,0,9,NA,NA
9177,2,realblock,4,7,1,5,14,NA,NA
9177,2,realblock,5,4,0,3,17,NA,NA
9177,2,realblock,6,6,1,4,21,NA,NA
9177,2,realblock,7,6,1,1,22,NA,NA
9177,2,realblock,8,5,1,5,27,NA,NA
9177,2,realblock,9,3,0,3,30,NA,NA
9177,2,realblock,10,3,0,3,33,NA,NA
9179,2,realblock,1,6,0,1,1,NA,NA
9179,2,realblock,2,3,0,2,3,NA,NA
9179,2,realblock,3,5,0,3,6,NA,NA
9179,2,realblock,4,6,0,6,12,NA,NA
9179,2,realblock,5,3,0,3,15,NA,NA
9179,2,realblock,6,7,0,3,18,NA,NA
9179,2,realblock,7,4,1,3,21,NA,NA
9179,2,realblock,8,4,0,2,23,NA,NA
9179,2,realblock,9,5,0,5,28,NA,NA
9179,2,realblock,10,7,1,6,34,NA,NA
9180,2,realblock,1,3,0,3,3,NA,NA
9180,2,realblock,2,4,2,4,7,NA,NA
9180,2,realblock,3,7,1,5,12,NA,NA
9180,2,realblock,4,3,0,3,15,NA,NA
9180,2,realblock,5,5,0,5,20,NA,NA
9180,2,realblock,6,7,1,5,25,NA,NA
9180,2,realblock,7,6,0,5,30,NA,NA
9180,2,realblock,8,6,1,6,36,NA,NA
9180,2,realblock,9,4,0,4,40,NA,NA
9180,2,realblock,10,5,2,5,45,NA,NA
9181,2,realblock,1,4,1,4,4,NA,NA
9181,2,realblock,2,5,0,5,9,NA,NA
9181,2,realblock,3,7,0,7,16,NA,NA
9181,2,realblock,4,3,0,3,19,NA,NA
9181,2,realblock,5,6,0,6,25,NA,NA
9181,2,realblock,6,5,0,5,30,NA,NA
9181,2,realblock,7,4,0,4,34,NA,NA
9181,2,realblock,8,7,0,6,40,NA,NA
9181,2,realblock,9,3,0,3,43,NA,NA
9181,2,realblock,10,6,0,6,49,NA,NA
9182,2,realblock,1,4,0,4,4,NA,NA
9182,2,realblock,2,3,0,3,7,NA,NA
9182,2,realblock,3,7,0,5,12,NA,NA
9182,2,realblock,4,6,1,6,18,NA,NA
9182,2,realblock,5,3,0,3,21,NA,NA
9182,2,realblock,6,6,0,6,27,NA,NA
9182,2,realblock,7,7,2,6,33,NA,NA
9182,2,realblock,8,5,0,5,38,NA,NA
9182,2,realblock,9,5,0,5,43,NA,NA
9182,2,realblock,10,4,0,4,47,NA,NA
9183,2,realblock,1,5,0,5,5,NA,NA
9183,2,realblock,2,4,0,4,9,NA,NA
9183,2,realblock,3,3,0,3,12,NA,NA
9183,2,realblock,4,3,0,3,15,NA,NA
9183,2,realblock,5,7,2,4,19,NA,NA
9183,2,realblock,6,6,2,6,25,NA,NA
9183,2,realblock,7,6,0,4,29,NA,NA
9183,2,realblock,8,4,0,4,33,NA,NA
9183,2,realblock,9,7,0,6,39,NA,NA
9183,2,realblock,10,5,0,5,44,NA,NA
9184,2,realblock,1,3,1,3,3,NA,NA
9184,2,realblock,2,7,4,2,5,NA,NA
9184,2,realblock,3,7,1,5,10,NA,NA
9184,2,realblock,4,5,0,4,14,NA,NA
9184,2,realblock,5,4,0,4,18,NA,NA
9184,2,realblock,6,6,0,2,20,NA,NA
9184,2,realblock,7,5,0,4,24,NA,NA
9184,2,realblock,8,3,0,3,27,NA,NA
9184,2,realblock,9,4,0,4,31,NA,NA
9184,2,realblock,10,6,1,2,33,NA,NA
9185,2,realblock,1,3,0,3,3,NA,NA
9185,2,realblock,2,7,1,6,9,NA,NA
9185,2,realblock,3,7,1,4,13,NA,NA
9185,2,realblock,4,6,2,6,19,NA,NA
9185,2,realblock,5,4,1,2,21,NA,NA
9185,2,realblock,6,5,1,2,23,NA,NA
9185,2,realblock,7,4,0,4,27,NA,NA
9185,2,realblock,8,6,1,4,31,NA,NA
9185,2,realblock,9,3,1,3,34,NA,NA
9185,2,realblock,10,5,0,5,39,NA,NA
9186,2,realblock,1,3,0,3,3,NA,NA
9186,2,realblock,2,5,0,5,8,NA,NA
9186,2,realblock,3,4,0,4,12,NA,NA
9186,2,realblock,4,7,1,7,19,NA,NA
9186,2,realblock,5,7,0,6,25,NA,NA
9186,2,realblock,6,4,1,4,29,NA,NA
9186,2,realblock,7,3,1,3,32,NA,NA
9186,2,realblock,8,6,1,6,38,NA,NA
9186,2,realblock,9,5,0,5,43,NA,NA
9186,2,realblock,10,6,1,6,49,NA,NA
9187,2,realblock,1,6,0,0,0,NA,NA
9187,2,realblock,2,3,0,0,0,NA,NA
9187,2,realblock,3,7,0,0,0,NA,NA
9187,2,realblock,4,4,0,4,4,NA,NA
9187,2,realblock,5,6,1,5,9,NA,NA
9187,2,realblock,6,5,2,0,9,NA,NA
9187,2,realblock,7,3,0,3,12,NA,NA
9187,2,realblock,8,7,0,3,15,NA,NA
9187,2,realblock,9,4,1,1,16,NA,NA
9187,2,realblock,10,5,0,0,16,NA,NA
9188,2,realblock,1,3,0,3,3,NA,NA
9188,2,realblock,2,5,0,2,5,NA,NA
9188,2,realblock,3,7,2,5,10,NA,NA
9188,2,realblock,4,4,2,4,14,NA,NA
9188,2,realblock,5,6,3,6,20,NA,NA
9188,2,realblock,6,3,0,3,23,NA,NA
9188,2,realblock,7,5,1,5,28,NA,NA
9188,2,realblock,8,4,0,4,32,NA,NA
9188,2,realblock,9,6,0,6,38,NA,NA
9188,2,realblock,10,7,1,1,39,NA,NA
9189,2,realblock,1,3,1,3,3,NA,NA
9189,2,realblock,2,5,0,5,8,NA,NA
9189,2,realblock,3,4,0,4,12,NA,NA
9189,2,realblock,4,4,0,1,13,NA,NA
9189,2,realblock,5,3,0,3,16,NA,NA
9189,2,realblock,6,5,0,5,21,NA,NA
9189,2,realblock,7,6,1,6,27,NA,NA
9189,2,realblock,8,7,0,2,29,NA,NA
9189,2,realblock,9,7,0,3,32,NA,NA
9189,2,realblock,10,6,0,4,36,NA,NA
9190,2,realblock,1,3,1,3,3,NA,NA
9190,2,realblock,2,5,0,3,6,NA,NA
9190,2,realblock,3,3,0,3,9,NA,NA
9190,2,realblock,4,6,1,2,11,NA,NA
9190,2,realblock,5,6,0,3,14,NA,NA
9190,2,realblock,6,4,0,2,16,NA,NA
9190,2,realblock,7,5,0,5,21,NA,NA
9190,2,realblock,8,7,2,2,23,NA,NA
9190,2,realblock,9,4,1,4,27,NA,NA
9190,2,realblock,10,7,0,4,31,NA,NA
9191,2,realblock,1,7,0,7,7,NA,NA
9191,2,realblock,2,4,0,4,11,NA,NA
9191,2,realblock,3,3,0,3,14,NA,NA
9191,2,realblock,4,3,1,3,17,NA,NA
9191,2,realblock,5,6,0,6,23,NA,NA
9191,2,realblock,6,5,0,5,28,NA,NA
9191,2,realblock,7,4,0,4,32,NA,NA
9191,2,realblock,8,6,1,5,37,NA,NA
9191,2,realblock,9,5,0,5,42,NA,NA
9191,2,realblock,10,7,2,5,47,NA,NA
9192,2,realblock,1,5,0,5,5,NA,NA
9192,2,realblock,2,6,1,6,11,NA,NA
9192,2,realblock,3,3,2,3,14,NA,NA
9192,2,realblock,4,3,0,3,17,NA,NA
9192,2,realblock,5,7,0,4,21,NA,NA
9192,2,realblock,6,7,0,6,27,NA,NA
9192,2,realblock,7,4,0,3,30,NA,NA
9192,2,realblock,8,4,0,0,30,NA,NA
9192,2,realblock,9,6,0,4,34,NA,NA
9192,2,realblock,10,5,0,5,39,NA,NA
9193,2,realblock,1,7,2,6,6,NA,NA
9193,2,realblock,2,4,0,4,10,NA,NA
9193,2,realblock,3,4,1,4,14,NA,NA
9193,2,realblock,4,5,0,0,14,NA,NA
9193,2,realblock,5,7,0,3,17,NA,NA
9193,2,realblock,6,3,1,3,20,NA,NA
9193,2,realblock,7,5,3,5,25,NA,NA
9193,2,realblock,8,6,1,5,30,NA,NA
9193,2,realblock,9,3,0,3,33,NA,NA
9193,2,realblock,10,6,0,4,37,NA,NA
9194,2,realblock,1,7,1,7,7,NA,NA
9194,2,realblock,2,5,0,0,7,NA,NA
9194,2,realblock,3,6,3,0,7,NA,NA
9194,2,realblock,4,7,1,3,10,NA,NA
9194,2,realblock,5,3,0,3,13,NA,NA
9194,2,realblock,6,6,1,3,16,NA,NA
9194,2,realblock,7,5,0,5,21,NA,NA
9194,2,realblock,8,4,0,3,24,NA,NA
9194,2,realblock,9,4,1,2,26,NA,NA
9194,2,realblock,10,3,0,3,29,NA,NA
9195,2,realblock,1,5,1,2,2,NA,NA
9195,2,realblock,2,4,0,4,6,NA,NA
9195,2,realblock,3,7,1,6,12,NA,NA
9195,2,realblock,4,7,0,7,19,NA,NA
9195,2,realblock,5,4,0,4,23,NA,NA
9195,2,realblock,6,3,0,3,26,NA,NA
9195,2,realblock,7,6,0,6,32,NA,NA
9195,2,realblock,8,6,0,6,38,NA,NA
9195,2,realblock,9,5,1,5,43,NA,NA
9195,2,realblock,10,3,0,3,46,NA,NA
9196,2,realblock,1,4,0,4,4,NA,NA
9196,2,realblock,2,6,0,6,10,NA,NA
9196,2,realblock,3,7,2,5,15,NA,NA
9196,2,realblock,4,7,0,3,18,NA,NA
9196,2,realblock,5,3,1,3,21,NA,NA
9196,2,realblock,6,3,0,2,23,NA,NA
9196,2,realblock,7,6,0,6,29,NA,NA
9196,2,realblock,8,4,1,3,32,NA,NA
9196,2,realblock,9,5,1,5,37,NA,NA
9196,2,realblock,10,5,0,5,42,NA,NA
9197,2,realblock,1,7,1,4,4,NA,NA
9197,2,realblock,2,3,0,3,7,NA,NA
9197,2,realblock,3,4,1,2,9,NA,NA
9197,2,realblock,4,4,2,2,11,NA,NA
9197,2,realblock,5,6,2,0,11,NA,NA
9197,2,realblock,6,5,1,0,11,NA,NA
9197,2,realblock,7,6,2,0,11,NA,NA
9197,2,realblock,8,7,1,0,11,NA,NA
9197,2,realblock,9,3,1,1,12,NA,NA
9197,2,realblock,10,5,2,1,13,NA,NA
9198,2,realblock,1,3,1,0,0,NA,NA
9198,2,realblock,2,7,3,0,0,NA,NA
9198,2,realblock,3,6,3,0,0,NA,NA
9198,2,realblock,4,4,1,0,0,NA,NA
9198,2,realblock,5,5,2,0,0,NA,NA
9198,2,realblock,6,6,4,0,0,NA,NA
9198,2,realblock,7,3,0,0,0,NA,NA
9198,2,realblock,8,7,3,1,1,NA,NA
9198,2,realblock,9,4,4,0,1,NA,NA
9198,2,realblock,10,5,1,0,1,NA,NA
9199,2,realblock,1,3,0,3,3,NA,NA
9199,2,realblock,2,4,0,4,7,NA,NA
9199,2,realblock,3,3,0,3,10,NA,NA
9199,2,realblock,4,7,2,5,15,NA,NA
9199,2,realblock,5,5,2,4,19,NA,NA
9199,2,realblock,6,6,0,5,24,NA,NA
9199,2,realblock,7,6,1,4,28,NA,NA
9199,2,realblock,8,4,0,4,32,NA,NA
9199,2,realblock,9,5,0,0,32,NA,NA
9199,2,realblock,10,7,0,5,37,NA,NA
9200,2,realblock,1,4,0,4,4,NA,NA
9200,2,realblock,2,6,0,6,10,NA,NA
9200,2,realblock,3,5,0,5,15,NA,NA
9200,2,realblock,4,7,1,7,22,NA,NA
9200,2,realblock,5,5,0,5,27,NA,NA
9200,2,realblock,6,4,0,4,31,NA,NA
9200,2,realblock,7,6,1,6,37,NA,NA
9200,2,realblock,8,7,0,7,44,NA,NA
9200,2,realblock,9,3,0,3,47,NA,NA
9200,2,realblock,10,3,1,3,50,NA,NA
9201,2,realblock,1,6,1,6,6,NA,NA
9201,2,realblock,2,3,0,3,9,NA,NA
9201,2,realblock,3,3,0,3,12,NA,NA
9201,2,realblock,4,5,0,5,17,NA,NA
9201,2,realblock,5,4,0,4,21,NA,NA
9201,2,realblock,6,7,2,5,26,NA,NA
9201,2,realblock,7,5,0,3,29,NA,NA
9201,2,realblock,8,6,1,4,33,NA,NA
9201,2,realblock,9,7,2,2,35,NA,NA
9201,2,realblock,10,4,0,2,37,NA,NA
9202,2,realblock,1,5,1,4,4,NA,NA
9202,2,realblock,2,5,2,4,8,NA,NA
9202,2,realblock,3,3,0,3,11,NA,NA
9202,2,realblock,4,6,0,4,15,NA,NA
9202,2,realblock,5,4,1,4,19,NA,NA
9202,2,realblock,6,7,0,3,22,NA,NA
9202,2,realblock,7,4,0,3,25,NA,NA
9202,2,realblock,8,7,0,5,30,NA,NA
9202,2,realblock,9,3,0,3,33,NA,NA
9202,2,realblock,10,6,3,4,37,NA,NA
9203,2,realblock,1,6,2,5,5,NA,NA
9203,2,realblock,2,4,0,4,9,NA,NA
9203,2,realblock,3,3,0,3,12,NA,NA
9203,2,realblock,4,4,0,4,16,NA,NA
9203,2,realblock,5,7,1,6,22,NA,NA
9203,2,realblock,6,3,1,3,25,NA,NA
9203,2,realblock,7,7,0,5,30,NA,NA
9203,2,realblock,8,6,0,6,36,NA,NA
9203,2,realblock,9,5,0,5,41,NA,NA
9203,2,realblock,10,5,0,5,46,NA,NA
9204,2,realblock,1,5,0,5,5,NA,NA
9204,2,realblock,2,4,1,4,9,NA,NA
9204,2,realblock,3,7,2,5,14,NA,NA
9204,2,realblock,4,4,0,4,18,NA,NA
9204,2,realblock,5,3,1,3,21,NA,NA
9204,2,realblock,6,6,0,6,27,NA,NA
9204,2,realblock,7,3,0,3,30,NA,NA
9204,2,realblock,8,7,1,1,31,NA,NA
9204,2,realblock,9,6,0,6,37,NA,NA
9204,2,realblock,10,5,0,5,42,NA,NA
9205,2,realblock,1,3,0,3,3,NA,NA
9205,2,realblock,2,6,1,6,9,NA,NA
9205,2,realblock,3,4,1,4,13,NA,NA
9205,2,realblock,4,3,0,3,16,NA,NA
9205,2,realblock,5,4,0,4,20,NA,NA
9205,2,realblock,6,7,2,5,25,NA,NA
9205,2,realblock,7,5,0,5,30,NA,NA
9205,2,realblock,8,7,0,1,31,NA,NA
9205,2,realblock,9,5,2,2,33,NA,NA
9205,2,realblock,10,6,0,3,36,NA,NA
9207,2,realblock,1,3,1,3,3,NA,NA
9207,2,realblock,2,3,0,3,6,NA,NA
9207,2,realblock,3,4,0,4,10,NA,NA
9207,2,realblock,4,6,1,4,14,NA,NA
9207,2,realblock,5,5,1,5,19,NA,NA
9207,2,realblock,6,5,0,2,21,NA,NA
9207,2,realblock,7,6,1,2,23,NA,NA
9207,2,realblock,8,4,0,1,24,NA,NA
9207,2,realblock,9,7,0,2,26,NA,NA
9207,2,realblock,10,7,0,1,27,NA,NA
9209,2,realblock,1,3,0,3,3,NA,NA
9209,2,realblock,2,6,0,6,9,NA,NA
9209,2,realblock,3,6,0,6,15,NA,NA
9209,2,realblock,4,7,1,6,21,NA,NA
9209,2,realblock,5,4,0,2,23,NA,NA
9209,2,realblock,6,4,1,4,27,NA,NA
9209,2,realblock,7,5,0,5,32,NA,NA
9209,2,realblock,8,7,2,0,32,NA,NA
9209,2,realblock,9,3,0,3,35,NA,NA
9209,2,realblock,10,5,1,5,40,NA,NA
9210,2,realblock,1,3,2,3,3,NA,NA
9210,2,realblock,2,7,1,7,10,NA,NA
9210,2,realblock,3,4,1,4,14,NA,NA
9210,2,realblock,4,6,3,6,20,NA,NA
9210,2,realblock,5,4,0,4,24,NA,NA
9210,2,realblock,6,3,0,3,27,NA,NA
9210,2,realblock,7,7,2,7,34,NA,NA
9210,2,realblock,8,5,0,5,39,NA,NA
9210,2,realblock,9,6,1,3,42,NA,NA
9210,2,realblock,10,5,0,0,42,NA,NA
9211,2,realblock,1,6,0,6,6,NA,NA
9211,2,realblock,2,3,0,3,9,NA,NA
9211,2,realblock,3,5,0,4,13,NA,NA
9211,2,realblock,4,7,0,7,20,NA,NA
9211,2,realblock,5,3,0,3,23,NA,NA
9211,2,realblock,6,5,0,4,27,NA,NA
9211,2,realblock,7,7,0,7,34,NA,NA
9211,2,realblock,8,4,0,4,38,NA,NA
9211,2,realblock,9,6,0,6,44,NA,NA
9211,2,realblock,10,4,0,4,48,NA,NA
9212,2,realblock,1,7,1,7,7,NA,NA
9212,2,realblock,2,6,0,6,13,NA,NA
9212,2,realblock,3,4,0,4,17,NA,NA
9212,2,realblock,4,3,0,3,20,NA,NA
9212,2,realblock,5,4,0,4,24,NA,NA
9212,2,realblock,6,6,0,6,30,NA,NA
9212,2,realblock,7,5,0,5,35,NA,NA
9212,2,realblock,8,5,1,5,40,NA,NA
9212,2,realblock,9,7,1,7,47,NA,NA
9212,2,realblock,10,3,0,3,50,NA,NA
9213,2,realblock,1,4,0,3,3,NA,NA
9213,2,realblock,2,4,0,4,7,NA,NA
9213,2,realblock,3,6,0,6,13,NA,NA
9213,2,realblock,4,5,0,3,16,NA,NA
9213,2,realblock,5,3,0,3,19,NA,NA
9213,2,realblock,6,5,1,5,24,NA,NA
9213,2,realblock,7,3,0,3,27,NA,NA
9213,2,realblock,8,7,0,7,34,NA,NA
9213,2,realblock,9,7,1,7,41,NA,NA
9213,2,realblock,10,6,1,1,42,NA,NA
9214,2,realblock,1,7,0,5,5,NA,NA
9214,2,realblock,2,5,0,5,10,NA,NA
9214,2,realblock,3,5,0,5,15,NA,NA
9214,2,realblock,4,6,2,6,21,NA,NA
9214,2,realblock,5,3,0,3,24,NA,NA
9214,2,realblock,6,6,0,6,30,NA,NA
9214,2,realblock,7,4,0,4,34,NA,NA
9214,2,realblock,8,4,0,4,38,NA,NA
9214,2,realblock,9,3,0,3,41,NA,NA
9214,2,realblock,10,7,1,4,45,NA,NA
9215,2,realblock,1,3,0,3,3,NA,NA
9215,2,realblock,2,4,0,4,7,NA,NA
9215,2,realblock,3,6,0,6,13,NA,NA
9215,2,realblock,4,5,1,2,15,NA,NA
9215,2,realblock,5,5,2,5,20,NA,NA
9215,2,realblock,6,4,1,4,24,NA,NA
9215,2,realblock,7,6,0,6,30,NA,NA
9215,2,realblock,8,3,0,3,33,NA,NA
9215,2,realblock,9,7,0,7,40,NA,NA
9215,2,realblock,10,7,1,6,46,NA,NA
9216,2,realblock,1,5,0,5,5,NA,NA
9216,2,realblock,2,4,0,4,9,NA,NA
9216,2,realblock,3,3,0,3,12,NA,NA
9216,2,realblock,4,6,1,6,18,NA,NA
9216,2,realblock,5,3,0,3,21,NA,NA
9216,2,realblock,6,7,0,2,23,NA,NA
9216,2,realblock,7,5,0,5,28,NA,NA
9216,2,realblock,8,4,0,2,30,NA,NA
9216,2,realblock,9,7,0,3,33,NA,NA
9216,2,realblock,10,6,2,5,38,NA,NA
9217,2,realblock,1,4,0,4,4,NA,NA
9217,2,realblock,2,7,1,7,11,NA,NA
9217,2,realblock,3,5,0,5,16,NA,NA
9217,2,realblock,4,6,1,6,22,NA,NA
9217,2,realblock,5,7,0,7,29,NA,NA
9217,2,realblock,6,3,0,3,32,NA,NA
9217,2,realblock,7,4,1,4,36,NA,NA
9217,2,realblock,8,5,0,5,41,NA,NA
9217,2,realblock,9,3,0,3,44,NA,NA
9217,2,realblock,10,6,0,6,50,NA,NA
9218,2,realblock,1,7,1,6,6,NA,NA
9218,2,realblock,2,6,0,2,8,NA,NA
9218,2,realblock,3,4,0,4,12,NA,NA
9218,2,realblock,4,5,0,3,15,NA,NA
9218,2,realblock,5,4,0,4,19,NA,NA
9218,2,realblock,6,3,0,3,22,NA,NA
9218,2,realblock,7,3,1,3,25,NA,NA
9218,2,realblock,8,5,0,5,30,NA,NA
9218,2,realblock,9,7,2,5,35,NA,NA
9218,2,realblock,10,6,2,6,41,NA,NA
9219,2,realblock,1,3,0,3,3,NA,NA
9219,2,realblock,2,6,1,3,6,NA,NA
9219,2,realblock,3,7,2,1,7,NA,NA
9219,2,realblock,4,5,1,5,12,NA,NA
9219,2,realblock,5,4,2,2,14,NA,NA
9219,2,realblock,6,4,1,2,16,NA,NA
9219,2,realblock,7,5,0,2,18,NA,NA
9219,2,realblock,8,3,0,3,21,NA,NA
9219,2,realblock,9,6,0,1,22,NA,NA
9219,2,realblock,10,7,1,2,24,NA,NA
9220,2,realblock,1,4,0,4,4,NA,NA
9220,2,realblock,2,5,0,4,8,NA,NA
9220,2,realblock,3,7,1,4,12,NA,NA
9220,2,realblock,4,5,1,3,15,NA,NA
9220,2,realblock,5,4,0,3,18,NA,NA
9220,2,realblock,6,6,0,1,19,NA,NA
9220,2,realblock,7,7,2,4,23,NA,NA
9220,2,realblock,8,6,1,6,29,NA,NA
9220,2,realblock,9,3,1,3,32,NA,NA
9220,2,realblock,10,3,0,0,32,NA,NA
9221,2,realblock,1,3,0,3,3,NA,NA
9221,2,realblock,2,6,0,6,9,NA,NA
9221,2,realblock,3,7,0,5,14,NA,NA
9221,2,realblock,4,4,0,4,18,NA,NA
9221,2,realblock,5,5,1,5,23,NA,NA
9221,2,realblock,6,3,1,3,26,NA,NA
9221,2,realblock,7,7,1,0,26,NA,NA
9221,2,realblock,8,4,1,4,30,NA,NA
9221,2,realblock,9,6,0,6,36,NA,NA
9221,2,realblock,10,5,1,5,41,NA,NA
9222,2,realblock,1,4,2,0,0,NA,NA
9222,2,realblock,2,7,0,7,7,NA,NA
9222,2,realblock,3,4,0,4,11,NA,NA
9222,2,realblock,4,7,1,7,18,NA,NA
9222,2,realblock,5,6,1,6,24,NA,NA
9222,2,realblock,6,5,1,5,29,NA,NA
9222,2,realblock,7,3,0,3,32,NA,NA
9222,2,realblock,8,5,0,5,37,NA,NA
9222,2,realblock,9,6,0,6,43,NA,NA
9222,2,realblock,10,3,1,3,46,NA,NA
9223,2,realblock,1,3,0,3,3,NA,NA
9223,2,realblock,2,6,0,6,9,NA,NA
9223,2,realblock,3,3,0,3,12,NA,NA
9223,2,realblock,4,4,0,4,16,NA,NA
9223,2,realblock,5,5,1,5,21,NA,NA
9223,2,realblock,6,7,1,2,23,NA,NA
9223,2,realblock,7,6,0,2,25,NA,NA
9223,2,realblock,8,4,2,0,25,NA,NA
9223,2,realblock,9,5,0,0,25,NA,NA
9223,2,realblock,10,7,0,6,31,NA,NA
9225,2,realblock,1,6,2,5,5,NA,NA
9225,2,realblock,2,3,0,3,8,NA,NA
9225,2,realblock,3,7,1,6,14,NA,NA
9225,2,realblock,4,3,0,3,17,NA,NA
9225,2,realblock,5,4,0,4,21,NA,NA
9225,2,realblock,6,5,0,5,26,NA,NA
9225,2,realblock,7,6,0,6,32,NA,NA
9225,2,realblock,8,7,1,4,36,NA,NA
9225,2,realblock,9,5,0,5,41,NA,NA
9225,2,realblock,10,4,1,4,45,NA,NA
9226,2,realblock,1,6,0,6,6,NA,NA
9226,2,realblock,2,6,1,6,12,NA,NA
9226,2,realblock,3,5,1,5,17,NA,NA
9226,2,realblock,4,3,0,3,20,NA,NA
9226,2,realblock,5,3,0,3,23,NA,NA
9226,2,realblock,6,4,0,4,27,NA,NA
9226,2,realblock,7,5,1,5,32,NA,NA
9226,2,realblock,8,7,0,7,39,NA,NA
9226,2,realblock,9,4,0,4,43,NA,NA
9226,2,realblock,10,7,0,7,50,NA,NA
9228,2,realblock,1,4,0,4,4,NA,NA
9228,2,realblock,2,7,2,2,6,NA,NA
9228,2,realblock,3,5,0,5,11,NA,NA
9228,2,realblock,4,3,0,3,14,NA,NA
9228,2,realblock,5,5,1,3,17,NA,NA
9228,2,realblock,6,3,0,3,20,NA,NA
9228,2,realblock,7,7,1,4,24,NA,NA
9228,2,realblock,8,4,0,4,28,NA,NA
9228,2,realblock,9,6,2,6,34,NA,NA
9228,2,realblock,10,6,0,2,36,NA,NA
9229,2,realblock,1,6,3,0,0,NA,NA
9229,2,realblock,2,4,0,4,4,NA,NA
9229,2,realblock,3,6,1,2,6,NA,NA
9229,2,realblock,4,4,2,2,8,NA,NA
9229,2,realblock,5,7,3,0,8,NA,NA
9229,2,realblock,6,7,2,1,9,NA,NA
9229,2,realblock,7,5,0,3,12,NA,NA
9229,2,realblock,8,5,1,3,15,NA,NA
9229,2,realblock,9,3,2,0,15,NA,NA
9229,2,realblock,10,3,1,3,18,NA,NA
9230,2,realblock,1,6,0,6,6,NA,NA
9230,2,realblock,2,5,0,5,11,NA,NA
9230,2,realblock,3,6,0,6,17,NA,NA
9230,2,realblock,4,7,0,7,24,NA,NA
9230,2,realblock,5,4,0,4,28,NA,NA
9230,2,realblock,6,4,0,4,32,NA,NA
9230,2,realblock,7,5,0,5,37,NA,NA
9230,2,realblock,8,7,1,2,39,NA,NA
9230,2,realblock,9,3,0,3,42,NA,NA
9230,2,realblock,10,3,0,3,45,NA,NA
9231,2,realblock,1,4,0,4,4,NA,NA
9231,2,realblock,2,7,0,0,4,NA,NA
9231,2,realblock,3,5,0,2,6,NA,NA
9231,2,realblock,4,3,0,2,8,NA,NA
9231,2,realblock,5,7,1,4,12,NA,NA
9231,2,realblock,6,6,1,3,15,NA,NA
9231,2,realblock,7,6,0,0,15,NA,NA
9231,2,realblock,8,5,0,2,17,NA,NA
9231,2,realblock,9,3,1,2,19,NA,NA
9231,2,realblock,10,4,0,4,23,NA,NA
9232,2,realblock,1,6,1,6,6,NA,NA
9232,2,realblock,2,6,1,6,12,NA,NA
9232,2,realblock,3,3,0,3,15,NA,NA
9232,2,realblock,4,7,0,7,22,NA,NA
9232,2,realblock,5,7,1,6,28,NA,NA
9232,2,realblock,6,5,1,5,33,NA,NA
9232,2,realblock,7,4,0,4,37,NA,NA
9232,2,realblock,8,4,0,4,41,NA,NA
9232,2,realblock,9,3,0,3,44,NA,NA
9232,2,realblock,10,5,0,5,49,NA,NA
9233,2,realblock,1,4,1,4,4,NA,NA
9233,2,realblock,2,7,0,7,11,NA,NA
9233,2,realblock,3,3,1,3,14,NA,NA
9233,2,realblock,4,6,3,4,18,NA,NA
9233,2,realblock,5,7,1,6,24,NA,NA
9233,2,realblock,6,4,1,4,28,NA,NA
9233,2,realblock,7,6,0,6,34,NA,NA
9233,2,realblock,8,5,0,5,39,NA,NA
9233,2,realblock,9,3,0,3,42,NA,NA
9233,2,realblock,10,5,0,5,47,NA,NA
9234,2,realblock,1,4,0,4,4,NA,NA
9234,2,realblock,2,4,0,4,8,NA,NA
9234,2,realblock,3,3,0,3,11,NA,NA
9234,2,realblock,4,7,0,7,18,NA,NA
9234,2,realblock,5,5,2,1,19,NA,NA
9234,2,realblock,6,5,0,4,23,NA,NA
9234,2,realblock,7,3,0,3,26,NA,NA
9234,2,realblock,8,6,0,3,29,NA,NA
9234,2,realblock,9,7,0,3,32,NA,NA
9234,2,realblock,10,6,0,4,36,NA,NA
9235,2,realblock,1,3,0,3,3,NA,NA
9235,2,realblock,2,5,0,5,8,NA,NA
9235,2,realblock,3,7,1,7,15,NA,NA
9235,2,realblock,4,6,1,6,21,NA,NA
9235,2,realblock,5,7,1,7,28,NA,NA
9235,2,realblock,6,3,0,3,31,NA,NA
9235,2,realblock,7,5,0,5,36,NA,NA
9235,2,realblock,8,4,0,4,40,NA,NA
9235,2,realblock,9,6,0,6,46,NA,NA
9235,2,realblock,10,4,0,4,50,NA,NA
9236,2,realblock,1,5,0,5,5,NA,NA
9236,2,realblock,2,7,0,7,12,NA,NA
9236,2,realblock,3,6,1,3,15,NA,NA
9236,2,realblock,4,3,1,3,18,NA,NA
9236,2,realblock,5,5,2,5,23,NA,NA
9236,2,realblock,6,6,0,2,25,NA,NA
9236,2,realblock,7,7,1,4,29,NA,NA
9236,2,realblock,8,4,0,4,33,NA,NA
9236,2,realblock,9,4,0,4,37,NA,NA
9236,2,realblock,10,3,0,3,40,NA,NA
9237,2,realblock,1,4,1,4,4,NA,NA
9237,2,realblock,2,6,0,6,10,NA,NA
9237,2,realblock,3,4,2,4,14,NA,NA
9237,2,realblock,4,3,0,3,17,NA,NA
9237,2,realblock,5,3,0,3,20,NA,NA
9237,2,realblock,6,7,0,5,25,NA,NA
9237,2,realblock,7,5,0,5,30,NA,NA
9237,2,realblock,8,7,0,4,34,NA,NA
9237,2,realblock,9,5,1,5,39,NA,NA
9237,2,realblock,10,6,1,4,43,NA,NA
9238,2,realblock,1,6,1,6,6,NA,NA
9238,2,realblock,2,3,0,3,9,NA,NA
9238,2,realblock,3,7,2,0,9,NA,NA
9238,2,realblock,4,4,1,4,13,NA,NA
9238,2,realblock,5,3,0,3,16,NA,NA
9238,2,realblock,6,6,0,6,22,NA,NA
9238,2,realblock,7,5,1,3,25,NA,NA
9238,2,realblock,8,7,0,3,28,NA,NA
9238,2,realblock,9,5,0,5,33,NA,NA
9238,2,realblock,10,4,0,4,37,NA,NA
9239,2,realblock,1,6,0,6,6,NA,NA
9239,2,realblock,2,4,0,4,10,NA,NA
9239,2,realblock,3,5,0,5,15,NA,NA
9239,2,realblock,4,6,0,6,21,NA,NA
9239,2,realblock,5,7,0,2,23,NA,NA
9239,2,realblock,6,3,0,3,26,NA,NA
9239,2,realblock,7,4,0,4,30,NA,NA
9239,2,realblock,8,5,1,5,35,NA,NA
9239,2,realblock,9,7,1,7,42,NA,NA
9239,2,realblock,10,3,0,3,45,NA,NA
9240,2,realblock,1,5,0,5,5,NA,NA
9240,2,realblock,2,7,1,7,12,NA,NA
9240,2,realblock,3,5,0,5,17,NA,NA
9240,2,realblock,4,6,1,3,20,NA,NA
9240,2,realblock,5,6,0,5,25,NA,NA
9240,2,realblock,6,3,1,3,28,NA,NA
9240,2,realblock,7,7,3,7,35,NA,NA
9240,2,realblock,8,4,0,4,39,NA,NA
9240,2,realblock,9,3,0,3,42,NA,NA
9240,2,realblock,10,4,0,4,46,NA,NA
9241,2,realblock,1,5,1,4,4,NA,NA
9241,2,realblock,2,4,0,2,6,NA,NA
9241,2,realblock,3,3,0,0,6,NA,NA
9241,2,realblock,4,7,2,1,7,NA,NA
9241,2,realblock,5,6,1,4,11,NA,NA
9241,2,realblock,6,3,0,3,14,NA,NA
9241,2,realblock,7,6,0,2,16,NA,NA
9241,2,realblock,8,4,2,1,17,NA,NA
9241,2,realblock,9,5,1,5,22,NA,NA
9241,2,realblock,10,7,1,1,23,NA,NA
9242,2,realblock,1,5,2,3,3,NA,NA
9242,2,realblock,2,6,5,5,8,NA,NA
9242,2,realblock,3,4,2,1,9,NA,NA
9242,2,realblock,4,7,2,1,10,NA,NA
9242,2,realblock,5,4,1,0,10,NA,NA
9242,2,realblock,6,3,2,2,12,NA,NA
9242,2,realblock,7,5,0,3,15,NA,NA
9242,2,realblock,8,7,3,1,16,NA,NA
9242,2,realblock,9,6,3,0,16,NA,NA
9242,2,realblock,10,3,1,2,18,NA,NA
9243,2,realblock,1,5,0,5,5,NA,NA
9243,2,realblock,2,6,0,6,11,NA,NA
9243,2,realblock,3,5,0,5,16,NA,NA
9243,2,realblock,4,4,0,4,20,NA,NA
9243,2,realblock,5,3,0,2,22,NA,NA
9243,2,realblock,6,7,0,7,29,NA,NA
9243,2,realblock,7,6,0,6,35,NA,NA
9243,2,realblock,8,4,1,0,35,NA,NA
9243,2,realblock,9,7,5,0,35,NA,NA
9243,2,realblock,10,3,1,3,38,NA,NA
9244,2,realblock,1,7,4,3,3,NA,NA
9244,2,realblock,2,7,2,0,3,NA,NA
9244,2,realblock,3,3,0,3,6,NA,NA
9244,2,realblock,4,4,0,4,10,NA,NA
9244,2,realblock,5,6,0,6,16,NA,NA
9244,2,realblock,6,6,0,4,20,NA,NA
9244,2,realblock,7,4,0,4,24,NA,NA
9244,2,realblock,8,5,0,2,26,NA,NA
9244,2,realblock,9,5,1,5,31,NA,NA
9244,2,realblock,10,3,1,1,32,NA,NA
9245,2,realblock,1,6,0,0,0,NA,NA
9245,2,realblock,2,5,1,0,0,NA,NA
9245,2,realblock,3,4,0,0,0,NA,NA
9245,2,realblock,4,5,2,0,0,NA,NA
9245,2,realblock,5,3,0,0,0,NA,NA
9245,2,realblock,6,7,0,0,0,NA,NA
9245,2,realblock,7,6,0,0,0,NA,NA
9245,2,realblock,8,7,0,0,0,NA,NA
9245,2,realblock,9,4,0,0,0,NA,NA
9245,2,realblock,10,3,0,0,0,NA,NA
9246,2,realblock,1,5,0,5,5,NA,NA
9246,2,realblock,2,3,1,3,8,NA,NA
9246,2,realblock,3,7,0,1,9,NA,NA
9246,2,realblock,4,6,0,5,14,NA,NA
9246,2,realblock,5,4,1,4,18,NA,NA
9246,2,realblock,6,7,0,7,25,NA,NA
9246,2,realblock,7,5,0,4,29,NA,NA
9246,2,realblock,8,3,0,3,32,NA,NA
9246,2,realblock,9,4,0,4,36,NA,NA
9246,2,realblock,10,6,0,6,42,NA,NA
9247,2,realblock,1,7,3,0,0,NA,NA
9247,2,realblock,2,4,1,4,4,NA,NA
9247,2,realblock,3,6,1,2,6,NA,NA
9247,2,realblock,4,5,0,0,6,NA,NA
9247,2,realblock,5,6,2,3,9,NA,NA
9247,2,realblock,6,3,1,1,10,NA,NA
9247,2,realblock,7,7,1,4,14,NA,NA
9247,2,realblock,8,4,0,2,16,NA,NA
9247,2,realblock,9,5,1,1,17,NA,NA
9247,2,realblock,10,3,1,0,17,NA,NA
9249,2,realblock,1,5,0,5,5,NA,NA
9249,2,realblock,2,3,0,3,8,NA,NA
9249,2,realblock,3,7,1,7,15,NA,NA
9249,2,realblock,4,6,0,6,21,NA,NA
9249,2,realblock,5,4,0,4,25,NA,NA
9249,2,realblock,6,5,1,0,25,NA,NA
9249,2,realblock,7,4,2,4,29,NA,NA
9249,2,realblock,8,3,0,3,32,NA,NA
9249,2,realblock,9,6,0,6,38,NA,NA
9249,2,realblock,10,7,1,7,45,NA,NA
9251,2,realblock,1,3,0,3,3,NA,NA
9251,2,realblock,2,4,0,4,7,NA,NA
9251,2,realblock,3,5,0,5,12,NA,NA
9251,2,realblock,4,3,0,3,15,NA,NA
9251,2,realblock,5,6,0,3,18,NA,NA
9251,2,realblock,6,7,1,5,23,NA,NA
9251,2,realblock,7,4,0,4,27,NA,NA
9251,2,realblock,8,6,0,6,33,NA,NA
9251,2,realblock,9,5,0,5,38,NA,NA
9251,2,realblock,10,7,0,2,40,NA,NA
9252,2,realblock,1,6,1,6,6,NA,NA
9252,2,realblock,2,4,2,4,10,NA,NA
9252,2,realblock,3,6,0,5,15,NA,NA
9252,2,realblock,4,7,1,2,17,NA,NA
9252,2,realblock,5,3,2,2,19,NA,NA
9252,2,realblock,6,5,1,0,19,NA,NA
9252,2,realblock,7,4,0,3,22,NA,NA
9252,2,realblock,8,3,1,2,24,NA,NA
9252,2,realblock,9,5,1,5,29,NA,NA
9252,2,realblock,10,7,2,3,32,NA,NA
9253,2,realblock,1,4,2,4,4,NA,NA
9253,2,realblock,2,6,1,6,10,NA,NA
9253,2,realblock,3,3,0,3,13,NA,NA
9253,2,realblock,4,5,0,4,17,NA,NA
9253,2,realblock,5,4,1,3,20,NA,NA
9253,2,realblock,6,7,1,2,22,NA,NA
9253,2,realblock,7,5,2,2,24,NA,NA
9253,2,realblock,8,3,0,3,27,NA,NA
9253,2,realblock,9,6,1,5,32,NA,NA
9253,2,realblock,10,7,1,5,37,NA,NA
9254,2,realblock,1,4,1,4,4,NA,NA
9254,2,realblock,2,6,1,4,8,NA,NA
9254,2,realblock,3,7,0,0,8,NA,NA
9254,2,realblock,4,3,1,3,11,NA,NA
9254,2,realblock,5,6,0,1,12,NA,NA
9254,2,realblock,6,7,0,0,12,NA,NA
9254,2,realblock,7,5,1,5,17,NA,NA
9254,2,realblock,8,4,0,0,17,NA,NA
9254,2,realblock,9,3,0,3,20,NA,NA
9254,2,realblock,10,5,0,1,21,NA,NA
9255,2,realblock,1,3,1,3,3,NA,NA
9255,2,realblock,2,7,2,3,6,NA,NA
9255,2,realblock,3,5,1,5,11,NA,NA
9255,2,realblock,4,4,0,4,15,NA,NA
9255,2,realblock,5,5,0,5,20,NA,NA
9255,2,realblock,6,4,0,4,24,NA,NA
9255,2,realblock,7,3,0,3,27,NA,NA
9255,2,realblock,8,7,0,5,32,NA,NA
9255,2,realblock,9,6,0,5,37,NA,NA
9255,2,realblock,10,6,0,3,40,NA,NA
9256,2,realblock,1,6,0,6,6,NA,NA
9256,2,realblock,2,7,1,7,13,NA,NA
9256,2,realblock,3,5,0,5,18,NA,NA
9256,2,realblock,4,4,0,4,22,NA,NA
9256,2,realblock,5,6,1,6,28,NA,NA
9256,2,realblock,6,3,0,3,31,NA,NA
9256,2,realblock,7,4,0,4,35,NA,NA
9256,2,realblock,8,5,0,5,40,NA,NA
9256,2,realblock,9,3,1,3,43,NA,NA
9256,2,realblock,10,7,3,7,50,NA,NA
9257,2,realblock,1,6,0,6,6,NA,NA
9257,2,realblock,2,3,0,3,9,NA,NA
9257,2,realblock,3,6,1,3,12,NA,NA
9257,2,realblock,4,5,0,5,17,NA,NA
9257,2,realblock,5,3,1,3,20,NA,NA
9257,2,realblock,6,5,0,5,25,NA,NA
9257,2,realblock,7,4,0,1,26,NA,NA
9257,2,realblock,8,7,1,7,33,NA,NA
9257,2,realblock,9,7,0,6,39,NA,NA
9257,2,realblock,10,4,2,2,41,NA,NA
9258,2,realblock,1,6,1,4,4,NA,NA
9258,2,realblock,2,7,0,4,8,NA,NA
9258,2,realblock,3,7,0,1,9,NA,NA
9258,2,realblock,4,4,0,2,11,NA,NA
9258,2,realblock,5,4,0,4,15,NA,NA
9258,2,realblock,6,3,1,2,17,NA,NA
9258,2,realblock,7,5,0,3,20,NA,NA
9258,2,realblock,8,3,0,3,23,NA,NA
9258,2,realblock,9,6,1,3,26,NA,NA
9258,2,realblock,10,5,1,4,30,NA,NA
9259,2,realblock,1,4,0,4,4,NA,NA
9259,2,realblock,2,5,1,4,8,NA,NA
9259,2,realblock,3,7,1,3,11,NA,NA
9259,2,realblock,4,5,0,5,16,NA,NA
9259,2,realblock,5,3,0,3,19,NA,NA
9259,2,realblock,6,6,0,3,22,NA,NA
9259,2,realblock,7,3,0,3,25,NA,NA
9259,2,realblock,8,4,0,4,29,NA,NA
9259,2,realblock,9,6,3,4,33,NA,NA
9259,2,realblock,10,7,0,5,38,NA,NA
9260,2,realblock,1,6,0,6,6,NA,NA
9260,2,realblock,2,7,0,6,12,NA,NA
9260,2,realblock,3,6,0,4,16,NA,NA
9260,2,realblock,4,5,0,4,20,NA,NA
9260,2,realblock,5,4,0,4,24,NA,NA
9260,2,realblock,6,7,0,5,29,NA,NA
9260,2,realblock,7,3,0,3,32,NA,NA
9260,2,realblock,8,5,0,5,37,NA,NA
9260,2,realblock,9,3,0,3,40,NA,NA
9260,2,realblock,10,4,2,4,44,NA,NA
9261,2,realblock,1,5,0,1,1,NA,NA
9261,2,realblock,2,6,0,6,7,NA,NA
9261,2,realblock,3,4,0,4,11,NA,NA
9261,2,realblock,4,7,0,2,13,NA,NA
9261,2,realblock,5,3,0,3,16,NA,NA
9261,2,realblock,6,4,0,2,18,NA,NA
9261,2,realblock,7,7,1,3,21,NA,NA
9261,2,realblock,8,3,0,3,24,NA,NA
9261,2,realblock,9,6,1,3,27,NA,NA
9261,2,realblock,10,5,1,5,32,NA,NA
9262,2,realblock,1,4,1,4,4,NA,NA
9262,2,realblock,2,7,2,4,8,NA,NA
9262,2,realblock,3,6,1,3,11,NA,NA
9262,2,realblock,4,3,2,0,11,NA,NA
9262,2,realblock,5,5,1,1,12,NA,NA
9262,2,realblock,6,6,5,3,15,NA,NA
9262,2,realblock,7,4,1,4,19,NA,NA
9262,2,realblock,8,3,3,0,19,NA,NA
9262,2,realblock,9,5,2,0,19,NA,NA
9262,2,realblock,10,7,3,2,21,NA,NA
9263,2,realblock,1,6,1,6,6,NA,NA
9263,2,realblock,2,5,0,5,11,NA,NA
9263,2,realblock,3,5,0,4,15,NA,NA
9263,2,realblock,4,4,0,4,19,NA,NA
9263,2,realblock,5,6,1,6,25,NA,NA
9263,2,realblock,6,3,0,3,28,NA,NA
9263,2,realblock,7,7,0,6,34,NA,NA
9263,2,realblock,8,4,1,4,38,NA,NA
9263,2,realblock,9,7,1,4,42,NA,NA
9263,2,realblock,10,3,0,3,45,NA,NA
9264,2,realblock,1,4,0,4,4,NA,NA
9264,2,realblock,2,5,0,5,9,NA,NA
9264,2,realblock,3,6,1,6,15,NA,NA
9264,2,realblock,4,7,2,5,20,NA,NA
9264,2,realblock,5,3,0,3,23,NA,NA
9264,2,realblock,6,4,1,2,25,NA,NA
9264,2,realblock,7,6,1,6,31,NA,NA
9264,2,realblock,8,3,0,3,34,NA,NA
9264,2,realblock,9,7,0,7,41,NA,NA
9264,2,realblock,10,5,0,1,42,NA,NA
9265,2,realblock,1,7,3,4,4,NA,NA
9265,2,realblock,2,4,0,4,8,NA,NA
9265,2,realblock,3,4,0,3,11,NA,NA
9265,2,realblock,4,6,3,0,11,NA,NA
9265,2,realblock,5,7,2,0,11,NA,NA
9265,2,realblock,6,6,4,4,15,NA,NA
9265,2,realblock,7,5,0,4,19,NA,NA
9265,2,realblock,8,3,2,3,22,NA,NA
9265,2,realblock,9,3,0,3,25,NA,NA
9265,2,realblock,10,5,0,2,27,NA,NA
9266,2,realblock,1,7,1,5,5,NA,NA
9266,2,realblock,2,6,0,6,11,NA,NA
9266,2,realblock,3,3,0,3,14,NA,NA
9266,2,realblock,4,7,0,4,18,NA,NA
9266,2,realblock,5,5,0,5,23,NA,NA
9266,2,realblock,6,3,0,3,26,NA,NA
9266,2,realblock,7,4,0,4,30,NA,NA
9266,2,realblock,8,4,0,4,34,NA,NA
9266,2,realblock,9,5,0,5,39,NA,NA
9266,2,realblock,10,6,1,4,43,NA,NA
9267,2,realblock,1,3,0,3,3,NA,NA
9267,2,realblock,2,4,0,4,7,NA,NA
9267,2,realblock,3,6,0,6,13,NA,NA
9267,2,realblock,4,4,0,4,17,NA,NA
9267,2,realblock,5,3,0,3,20,NA,NA
9267,2,realblock,6,5,1,5,25,NA,NA
9267,2,realblock,7,7,0,3,28,NA,NA
9267,2,realblock,8,5,0,5,33,NA,NA
9267,2,realblock,9,6,2,6,39,NA,NA
9267,2,realblock,10,7,0,7,46,NA,NA
9268,2,realblock,1,7,0,1,1,NA,NA
9268,2,realblock,2,6,1,4,5,NA,NA
9268,2,realblock,3,5,0,4,9,NA,NA
9268,2,realblock,4,7,1,6,15,NA,NA
9268,2,realblock,5,5,0,2,17,NA,NA
9268,2,realblock,6,3,0,3,20,NA,NA
9268,2,realblock,7,6,1,2,22,NA,NA
9268,2,realblock,8,4,0,4,26,NA,NA
9268,2,realblock,9,4,2,0,26,NA,NA
9268,2,realblock,10,3,0,3,29,NA,NA
9269,2,realblock,1,6,2,5,5,NA,NA
9269,2,realblock,2,4,1,4,9,NA,NA
9269,2,realblock,3,5,0,4,13,NA,NA
9269,2,realblock,4,5,0,4,17,NA,NA
9269,2,realblock,5,4,0,4,21,NA,NA
9269,2,realblock,6,3,0,3,24,NA,NA
9269,2,realblock,7,6,0,6,30,NA,NA
9269,2,realblock,8,3,1,3,33,NA,NA
9269,2,realblock,9,7,0,6,39,NA,NA
9269,2,realblock,10,7,0,6,45,NA,NA
9270,2,realblock,1,5,2,2,2,NA,NA
9270,2,realblock,2,4,1,4,6,NA,NA
9270,2,realblock,3,6,1,3,9,NA,NA
9270,2,realblock,4,7,2,3,12,NA,NA
9270,2,realblock,5,6,0,1,13,NA,NA
9270,2,realblock,6,7,1,0,13,NA,NA
9270,2,realblock,7,3,0,0,13,NA,NA
9270,2,realblock,8,4,0,0,13,NA,NA
9270,2,realblock,9,5,0,0,13,NA,NA
9270,2,realblock,10,3,2,3,16,NA,NA
9271,2,realblock,1,6,0,3,3,NA,NA
9271,2,realblock,2,6,2,5,8,NA,NA
9271,2,realblock,3,7,1,1,9,NA,NA
9271,2,realblock,4,4,0,4,13,NA,NA
9271,2,realblock,5,7,1,2,15,NA,NA
9271,2,realblock,6,3,0,3,18,NA,NA
9271,2,realblock,7,3,0,3,21,NA,NA
9271,2,realblock,8,5,0,3,24,NA,NA
9271,2,realblock,9,4,0,4,28,NA,NA
9271,2,realblock,10,5,2,5,33,NA,NA
