subject,session,list,setsize,senterrors,lettertotal,rspantotal
9001,1,1,7,0,3,3
9001,1,2,7,0,2,5
9001,1,3,4,0,4,9
9001,1,4,5,0,5,14
9001,1,5,4,0,4,18
9001,1,6,5,0,4,22
9001,1,7,3,0,3,25
9001,1,8,3,0,3,28
9001,1,9,6,1,6,34
9001,1,10,6,0,4,38
9003,1,1,6,0,6,6
9003,1,2,3,1,3,9
9003,1,3,7,1,1,10
9003,1,4,5,0,5,15
9003,1,5,3,0,3,18
9003,1,6,4,0,4,22
9003,1,7,7,0,1,23
9003,1,8,4,0,4,27
9003,1,9,6,0,6,33
9003,1,10,5,0,5,38
9004,1,1,3,1,2,2
9004,1,2,3,1,0,2
9004,1,3,4,1,4,6
9004,1,4,7,0,3,9
9004,1,5,6,1,4,13
9004,1,6,6,1,6,19
9004,1,7,7,1,4,23
9004,1,8,4,1,4,27
9004,1,9,5,1,4,31
9004,1,10,5,1,4,35
9005,1,1,7,0,3,3
9005,1,2,5,0,5,8
9005,1,3,3,0,1,9
9005,1,4,5,1,5,14
9005,1,5,3,0,3,17
9005,1,6,4,1,4,21
9005,1,7,6,0,3,24
9005,1,8,7,0,3,27
9005,1,9,6,1,3,30
9005,1,10,4,0,3,33
9006,1,1,3,0,3,3
9006,1,2,6,2,5,8
9006,1,3,7,1,7,15
9006,1,4,6,1,4,19
9006,1,5,5,0,3,22
9006,1,6,4,2,1,23
9006,1,7,4,0,4,27
9006,1,8,7,1,4,31
9006,1,9,3,1,2,33
9006,1,10,5,0,2,35
9007,1,1,7,0,7,7
9007,1,2,3,0,3,10
9007,1,3,6,0,6,16
9007,1,4,4,0,4,20
9007,1,5,4,1,4,24
9007,1,6,5,1,4,28
9007,1,7,5,0,5,33
9007,1,8,6,1,6,39
9007,1,9,3,0,3,42
9007,1,10,7,1,7,49
9008,1,1,4,0,1,1
9008,1,2,5,2,0,1
9008,1,3,3,0,0,1
9008,1,4,6,2,4,5
9008,1,5,7,0,2,7
9008,1,6,5,1,0,7
9008,1,7,4,1,1,8
9008,1,8,3,0,3,11
9008,1,9,6,0,5,16
9008,1,10,7,0,0,16
9009,1,1,5,1,5,5
9009,1,2,6,0,6,11
9009,1,3,7,1,5,16
9009,1,4,7,1,5,21
9009,1,5,4,1,4,25
9009,1,6,6,0,6,31
9009,1,7,3,0,3,34
9009,1,8,4,0,4,38
9009,1,9,3,0,3,41
9009,1,10,5,0,5,46
9010,1,1,6,0,2,2
9010,1,2,7,0,7,9
9010,1,3,3,0,3,12
9010,1,4,5,0,5,17
9010,1,5,4,1,3,20
9010,1,6,6,0,5,25
9010,1,7,4,0,4,29
9010,1,8,7,0,7,36
9010,1,9,5,0,4,40
9010,1,10,3,0,0,40
9011,1,1,5,1,5,5
9011,1,2,6,1,6,11
9011,1,3,6,1,3,14
9011,1,4,3,0,3,17
9011,1,5,5,0,5,22
9011,1,6,4,1,4,26
9011,1,7,7,1,6,32
9011,1,8,4,0,4,36
9011,1,9,7,0,5,41
9011,1,10,3,0,3,44
9012,1,1,6,0,3,3
9012,1,2,3,0,3,6
9012,1,3,4,0,1,7
9012,1,4,3,0,3,10
9012,1,5,5,0,3,13
9012,1,6,5,0,5,18
9012,1,7,7,0,5,23
9012,1,8,4,0,2,25
9012,1,9,7,0,2,27
9012,1,10,6,0,1,28
9013,1,1,7,0,7,7
9013,1,2,6,1,0,7
9013,1,3,5,1,4,11
9013,1,4,6,1,6,17
9013,1,5,3,0,3,20
9013,1,6,7,2,7,27
9013,1,7,4,0,1,28
9013,1,8,4,0,4,32
9013,1,9,3,0,3,35
9013,1,10,5,1,5,40
9014,1,1,7,1,7,7
9014,1,2,7,0,5,12
9014,1,3,6,0,2,14
9014,1,4,5,0,0,14
9014,1,5,6,1,1,15
9014,1,6,4,0,4,19
9014,1,7,5,0,5,24
9014,1,8,4,1,4,28
9014,1,9,3,0,3,31
9014,1,10,3,0,3,34
9015,1,1,4,0,4,4
9015,1,2,3,0,3,7
9015,1,3,7,1,6,13
9015,1,4,5,0,5,18
9015,1,5,5,0,5,23
9015,1,6,6,2,6,29
9015,1,7,4,0,4,33
9015,1,8,6,1,6,39
9015,1,9,3,0,3,42
9015,1,10,7,3,4,46
9016,1,1,5,1,3,3
9016,1,2,4,0,2,5
9016,1,3,7,0,1,6
9016,1,4,6,1,0,6
9016,1,5,3,0,3,9
9016,1,6,6,1,4,13
9016,1,7,3,0,3,16
9016,1,8,4,0,3,19
9016,1,9,7,1,4,23
9016,1,10,5,0,3,26
9017,1,1,6,0,6,6
9017,1,2,5,0,4,10
9017,1,3,5,0,5,15
9017,1,4,3,0,3,18
9017,1,5,4,0,4,22
9017,1,6,7,3,5,27
9017,1,7,3,0,3,30
9017,1,8,4,1,4,34
9017,1,9,6,0,4,38
9017,1,10,7,2,7,45
9018,1,1,4,0,4,4
9018,1,2,4,0,4,8
9018,1,3,5,1,5,13
9018,1,4,7,0,7,20
9018,1,5,7,0,7,27
9018,1,6,3,0,3,30
9018,1,7,6,0,2,32
9018,1,8,5,2,4,36
9018,1,9,6,0,6,42
9018,1,10,3,0,3,45
9019,1,1,3,1,1,1
9019,1,2,4,0,3,4
9019,1,3,6,0,1,5
9019,1,4,4,0,1,6
9019,1,5,5,1,4,10
9019,1,6,6,0,4,14
9019,1,7,7,1,6,20
9019,1,8,5,1,1,21
9019,1,9,3,0,3,24
9019,1,10,7,1,4,28
9020,1,1,5,2,0,0
9020,1,2,6,0,3,3
9020,1,3,6,0,2,5
9020,1,4,4,2,2,7
9020,1,5,4,1,2,9
9020,1,6,7,0,1,10
9020,1,7,3,0,0,10
9020,1,8,3,0,1,11
9020,1,9,5,0,0,11
9020,1,10,7,2,0,11
9021,1,1,3,0,3,3
9021,1,2,7,1,3,6
9021,1,3,4,0,4,10
9021,1,4,4,0,4,14
9021,1,5,3,0,3,17
9021,1,6,5,0,5,22
9021,1,7,7,1,4,26
9021,1,8,6,0,6,32
9021,1,9,6,0,6,38
9021,1,10,5,1,1,39
9022,1,1,7,0,7,7
9022,1,2,3,0,3,10
9022,1,3,5,1,3,13
9022,1,4,4,2,4,17
9022,1,5,6,1,4,21
9022,1,6,7,1,2,23
9022,1,7,4,0,4,27
9022,1,8,6,0,3,30
9022,1,9,3,0,3,33
9022,1,10,5,1,5,38
9023,1,1,5,0,5,5
9023,1,2,3,0,2,7
9023,1,3,6,0,6,13
9023,1,4,3,0,3,16
9023,1,5,4,0,4,20
9023,1,6,4,0,4,24
9023,1,7,7,1,4,28
9023,1,8,5,0,5,33
9023,1,9,7,0,7,40
9023,1,10,6,1,4,44
9024,1,1,7,2,6,6
9024,1,2,4,1,1,7
9024,1,3,6,2,5,12
9024,1,4,6,4,0,12
9024,1,5,5,1,5,17
9024,1,6,3,0,3,20
9024,1,7,4,1,2,22
9024,1,8,7,1,0,22
9024,1,9,5,0,0,22
9024,1,10,3,1,3,25
9025,1,1,5,0,5,5
9025,1,2,4,0,4,9
9025,1,3,5,2,5,14
9025,1,4,3,0,3,17
9025,1,5,6,0,6,23
9025,1,6,3,0,3,26
9025,1,7,4,0,4,30
9025,1,8,7,0,2,32
9025,1,9,6,0,5,37
9025,1,10,7,2,4,41
9026,1,1,4,0,4,4
9026,1,2,5,1,4,8
9026,1,3,6,1,3,11
9026,1,4,7,2,6,17
9026,1,5,3,0,2,19
9026,1,6,5,0,5,24
9026,1,7,7,1,6,30
9026,1,8,6,0,6,36
9026,1,9,4,0,4,40
9026,1,10,3,0,3,43
9027,1,1,3,0,3,3
9027,1,2,6,0,3,6
9027,1,3,4,0,4,10
9027,1,4,7,0,7,17
9027,1,5,5,0,3,20
9027,1,6,7,1,4,24
9027,1,7,6,1,3,27
9027,1,8,5,0,5,32
9027,1,9,3,0,3,35
9027,1,10,4,0,4,39
9028,1,1,3,0,3,3
9028,1,2,5,1,5,8
9028,1,3,4,1,4,12
9028,1,4,7,2,2,14
9028,1,5,7,1,3,17
9028,1,6,4,0,4,21
9028,1,7,6,1,6,27
9028,1,8,3,0,3,30
9028,1,9,6,2,4,34
9028,1,10,5,2,2,36
9029,1,1,4,1,4,4
9029,1,2,4,1,2,6
9029,1,3,5,1,1,7
9029,1,4,7,1,5,12
9029,1,5,3,0,3,15
9029,1,6,7,0,1,16
9029,1,7,5,0,3,19
9029,1,8,6,1,5,24
9029,1,9,3,0,3,27
9029,1,10,6,0,5,32
9030,1,1,7,2,6,6
9030,1,2,5,1,3,9
9030,1,3,6,0,3,12
9030,1,4,4,1,3,15
9030,1,5,5,0,3,18
9030,1,6,3,1,0,18
9030,1,7,3,0,2,20
9030,1,8,7,0,3,23
9030,1,9,4,0,4,27
9030,1,10,6,1,4,31
9031,1,1,5,0,2,2
9031,1,2,3,0,3,5
9031,1,3,3,0,3,8
9031,1,4,7,0,5,13
9031,1,5,6,0,4,17
9031,1,6,6,0,0,17
9031,1,7,4,0,4,21
9031,1,8,7,0,5,26
9031,1,9,5,0,5,31
9031,1,10,4,0,4,35
9032,1,1,7,1,7,7
9032,1,2,4,1,4,11
9032,1,3,7,0,3,14
9032,1,4,5,0,3,17
9032,1,5,3,0,3,20
9032,1,6,4,1,4,24
9032,1,7,6,0,6,30
9032,1,8,3,0,3,33
9032,1,9,6,0,2,35
9032,1,10,5,0,2,37
9033,1,1,4,0,4,4
9033,1,2,5,0,3,7
9033,1,3,6,1,6,13
9033,1,4,6,0,6,19
9033,1,5,3,0,3,22
9033,1,6,4,0,4,26
9033,1,7,7,0,7,33
9033,1,8,5,0,5,38
9033,1,9,7,2,5,43
9033,1,10,3,0,3,46
9034,1,1,5,1,2,2
9034,1,2,6,1,3,5
9034,1,3,6,1,1,6
9034,1,4,7,1,2,8
9034,1,5,4,0,2,10
9034,1,6,3,0,3,13
9034,1,7,3,0,3,16
9034,1,8,5,0,4,20
9034,1,9,7,0,0,20
9034,1,10,4,0,4,24
9035,1,1,4,0,4,4
9035,1,2,6,1,3,7
9035,1,3,3,1,2,9
9035,1,4,3,0,3,12
9035,1,5,7,2,4,16
9035,1,6,7,2,0,16
9035,1,7,4,0,1,17
9035,1,8,6,2,5,22
9035,1,9,5,0,5,27
9035,1,10,5,1,5,32
9036,1,1,6,2,5,5
9036,1,2,3,0,3,8
9036,1,3,5,0,5,13
9036,1,4,4,0,4,17
9036,1,5,7,0,7,24
9036,1,6,4,0,3,27
9036,1,7,3,0,3,30
9036,1,8,7,2,3,33
9036,1,9,6,1,5,38
9036,1,10,5,0,5,43
9037,1,1,6,0,6,6
9037,1,2,7,0,7,13
9037,1,3,6,0,6,19
9037,1,4,5,0,5,24
9037,1,5,7,0,7,31
9037,1,6,5,1,5,36
9037,1,7,4,0,4,40
9037,1,8,3,1,2,42
9037,1,9,3,0,1,43
9037,1,10,4,0,3,46
9038,1,1,3,1,2,2
9038,1,2,5,2,2,4
9038,1,3,4,0,0,4
9038,1,4,7,3,4,8
9038,1,5,6,3,6,14
9038,1,6,4,1,3,17
9038,1,7,6,1,6,23
9038,1,8,3,0,3,26
9038,1,9,5,2,4,30
9038,1,10,7,6,2,32
9039,1,1,3,0,3,3
9039,1,2,7,1,4,7
9039,1,3,5,1,5,12
9039,1,4,4,1,2,14
9039,1,5,6,1,2,16
9039,1,6,7,2,4,20
9039,1,7,6,0,2,22
9039,1,8,5,1,1,23
9039,1,9,3,0,3,26
9039,1,10,4,0,4,30
9041,1,1,6,1,6,6
9041,1,2,4,0,3,9
9041,1,3,5,0,5,14
9041,1,4,5,0,1,15
9041,1,5,3,0,3,18
9041,1,6,7,0,5,23
9041,1,7,3,0,2,25
9041,1,8,7,1,2,27
9041,1,9,4,0,4,31
9041,1,10,6,0,5,36
9042,1,1,3,0,3,3
9042,1,2,4,1,4,7
9042,1,3,7,2,3,10
9042,1,4,7,1,6,16
9042,1,5,6,3,2,18
9042,1,6,6,2,4,22
9042,1,7,4,1,3,25
9042,1,8,5,0,2,27
9042,1,9,3,0,3,30
9042,1,10,5,0,5,35
9043,1,1,5,0,5,5
9043,1,2,7,3,1,6
9043,1,3,4,1,4,10
9043,1,4,5,1,5,15
9043,1,5,3,0,3,18
9043,1,6,4,0,0,18
9043,1,7,6,0,4,22
9043,1,8,6,2,1,23
9043,1,9,7,1,0,23
9043,1,10,3,1,3,26
9044,1,1,5,0,1,1
9044,1,2,7,3,5,6
9044,1,3,6,4,2,8
9044,1,4,4,1,2,10
9044,1,5,6,2,0,10
9044,1,6,7,0,1,11
9044,1,7,3,0,1,12
9044,1,8,5,0,3,15
9044,1,9,3,1,1,16
9044,1,10,4,0,1,17
9045,1,1,7,0,1,1
9045,1,2,3,0,3,4
9045,1,3,4,0,4,8
9045,1,4,6,0,2,10
9045,1,5,5,0,1,11
9045,1,6,6,1,1,12
9045,1,7,4,0,3,15
9045,1,8,5,0,1,16
9045,1,9,7,1,3,19
9045,1,10,3,0,3,22
9046,1,1,7,2,2,2
9046,1,2,5,1,1,3
9046,1,3,7,0,1,4
9046,1,4,3,1,0,4
9046,1,5,5,0,5,9
9046,1,6,4,0,2,11
9046,1,7,4,2,3,14
9046,1,8,3,0,3,17
9046,1,9,6,1,0,17
9046,1,10,6,0,4,21
9047,1,1,7,1,7,7
9047,1,2,5,1,5,12
9047,1,3,4,3,4,16
9047,1,4,7,3,5,21
9047,1,5,3,0,2,23
9047,1,6,3,1,3,26
9047,1,7,6,1,6,32
9047,1,8,6,0,6,38
9047,1,9,4,0,3,41
9047,1,10,5,1,5,46
9048,1,1,3,0,3,3
9048,1,2,6,0,4,7
9048,1,3,5,2,4,11
9048,1,4,6,1,3,14
9048,1,5,7,2,2,16
9048,1,6,5,1,5,21
9048,1,7,7,0,7,28
9048,1,8,4,0,4,32
9048,1,9,4,1,4,36
9048,1,10,3,1,3,39
9049,1,1,3,0,2,2
9049,1,2,7,0,4,6
9049,1,3,4,0,2,8
9049,1,4,7,1,3,11
9049,1,5,6,1,0,11
9049,1,6,6,0,3,14
9049,1,7,5,0,5,19
9049,1,8,4,0,4,23
9049,1,9,5,0,4,27
9049,1,10,3,0,3,30
9050,1,1,5,0,5,5
9050,1,2,3,0,3,8
9050,1,3,3,0,3,11
9050,1,4,4,0,4,15
9050,1,5,4,0,4,19
9050,1,6,5,0,4,23
9050,1,7,6,0,6,29
9050,1,8,6,0,6,35
9050,1,9,7,1,7,42
9050,1,10,7,1,7,49
9051,1,1,5,0,5,5
9051,1,2,7,1,5,10
9051,1,3,5,1,5,15
9051,1,4,6,1,6,21
9051,1,5,7,2,7,28
9051,1,6,3,1,3,31
9051,1,7,4,0,3,34
9051,1,8,4,1,3,37
9051,1,9,3,1,2,39
9051,1,10,6,3,0,39
9052,1,1,6,1,4,4
9052,1,2,7,2,3,7
9052,1,3,7,1,4,11
9052,1,4,4,1,4,15
9052,1,5,4,1,4,19
9052,1,6,5,1,5,24
9052,1,7,3,0,2,26
9052,1,8,5,1,4,30
9052,1,9,6,0,6,36
9052,1,10,3,0,3,39
9053,1,1,4,0,4,4
9053,1,2,6,0,2,6
9053,1,3,4,0,3,9
9053,1,4,5,0,2,11
9053,1,5,6,1,3,14
9053,1,6,7,0,3,17
9053,1,7,5,0,4,21
9053,1,8,3,1,1,22
9053,1,9,3,0,3,25
9053,1,10,7,0,2,27
9054,1,1,7,1,5,5
9054,1,2,4,1,4,9
9054,1,3,5,1,3,12
9054,1,4,4,0,4,16
9054,1,5,3,0,3,19
9054,1,6,5,2,3,22
9054,1,7,3,0,3,25
9054,1,8,7,0,5,30
9054,1,9,6,1,6,36
9054,1,10,6,2,5,41
9055,1,1,3,0,3,3
9055,1,2,6,0,5,8
9055,1,3,5,1,2,10
9055,1,4,4,0,2,12
9055,1,5,7,2,5,17
9055,1,6,4,0,4,21
9055,1,7,6,1,3,24
9055,1,8,7,1,3,27
9055,1,9,3,0,3,30
9055,1,10,5,0,5,35
9056,1,1,3,0,3,3
9056,1,2,3,0,3,6
9056,1,3,6,0,3,9
9056,1,4,5,0,5,14
9056,1,5,5,1,5,19
9056,1,6,7,0,6,25
9056,1,7,6,1,3,28
9056,1,8,4,0,3,31
9056,1,9,7,2,7,38
9056,1,10,4,0,4,42
9057,1,1,6,0,4,4
9057,1,2,5,0,5,9
9057,1,3,7,0,3,12
9057,1,4,5,0,5,17
9057,1,5,4,0,3,20
9057,1,6,3,0,3,23
9057,1,7,6,0,5,28
9057,1,8,7,0,1,29
9057,1,9,4,1,4,33
9057,1,10,3,0,3,36
9058,1,1,3,0,2,2
9058,1,2,6,1,6,8
9058,1,3,5,0,5,13
9058,1,4,7,1,2,15
9058,1,5,5,0,3,18
9058,1,6,3,1,3,21
9058,1,7,4,0,4,25
9058,1,8,6,0,6,31
9058,1,9,7,0,4,35
9058,1,10,4,1,4,39
9059,1,1,4,0,4,4
9059,1,2,5,1,5,9
9059,1,3,6,0,3,12
9059,1,4,3,0,3,15
9059,1,5,4,0,2,17
9059,1,6,5,2,1,18
9059,1,7,7,2,4,22
9059,1,8,6,0,5,27
9059,1,9,3,0,3,30
9059,1,10,7,2,6,36
9060,1,1,5,0,5,5
9060,1,2,4,0,4,9
9060,1,3,5,1,3,12
9060,1,4,3,0,3,15
9060,1,5,3,0,3,18
9060,1,6,7,0,1,19
9060,1,7,6,0,6,25
9060,1,8,6,0,6,31
9060,1,9,7,0,5,36
9060,1,10,4,1,4,40
9061,1,1,3,0,3,3
9061,1,2,4,0,2,5
9061,1,3,4,0,4,9
9061,1,4,5,0,5,14
9061,1,5,5,0,5,19
9061,1,6,3,0,3,22
9061,1,7,6,0,4,26
9061,1,8,7,0,7,33
9061,1,9,6,0,5,38
9061,1,10,7,2,6,44
9062,1,1,3,0,3,3
9062,1,2,7,1,2,5
9062,1,3,6,1,6,11
9062,1,4,6,0,6,17
9062,1,5,4,0,4,21
9062,1,6,3,0,3,24
9062,1,7,5,2,2,26
9062,1,8,5,1,5,31
9062,1,9,7,0,3,34
9062,1,10,4,0,3,37
9063,1,1,6,0,2,2
9063,1,2,4,1,0,2
9063,1,3,3,0,3,5
9063,1,4,5,0,5,10
9063,1,5,3,2,2,12
9063,1,6,7,1,2,14
9063,1,7,4,1,2,16
9063,1,8,7,0,0,16
9063,1,9,5,0,2,18
9063,1,10,6,0,6,24
9066,1,1,4,0,4,4
9066,1,2,3,0,3,7
9066,1,3,6,0,4,11
9066,1,4,5,0,2,13
9066,1,5,4,0,4,17
9066,1,6,7,0,4,21
9066,1,7,3,0,1,22
9066,1,8,5,0,2,24
9066,1,9,6,0,4,28
9066,1,10,7,0,5,33
9067,1,1,6,0,6,6
9067,1,2,5,0,5,11
9067,1,3,4,1,4,15
9067,1,4,6,0,6,21
9067,1,5,3,0,3,24
9067,1,6,4,0,4,28
9067,1,7,7,0,7,35
9067,1,8,7,0,7,42
9067,1,9,5,0,5,47
9067,1,10,3,0,3,50
9068,1,1,7,0,2,2
9068,1,2,4,0,4,6
9068,1,3,5,0,5,11
9068,1,4,6,0,2,13
9068,1,5,3,0,3,16
9068,1,6,4,0,4,20
9068,1,7,3,0,3,23
9068,1,8,5,0,1,24
9068,1,9,7,1,4,28
9068,1,10,6,0,2,30
9069,1,1,5,0,5,5
9069,1,2,7,1,7,12
9069,1,3,6,0,4,16
9069,1,4,4,1,4,20
9069,1,5,3,0,3,23
9069,1,6,5,1,5,28
9069,1,7,6,1,6,34
9069,1,8,4,0,4,38
9069,1,9,3,0,3,41
9069,1,10,7,1,3,44
9070,1,1,3,0,3,3
9070,1,2,6,3,3,6
9070,1,3,5,1,1,7
9070,1,4,6,0,4,11
9070,1,5,4,0,4,15
9070,1,6,4,0,2,17
9070,1,7,5,3,5,22
9070,1,8,3,2,2,24
9070,1,9,7,1,7,31
9070,1,10,7,0,3,34
9071,1,1,7,1,3,3
9071,1,2,3,1,3,6
9071,1,3,6,0,3,9
9071,1,4,3,0,2,11
9071,1,5,4,1,4,15
9071,1,6,7,3,1,16
9071,1,7,5,0,5,21
9071,1,8,4,0,4,25
9071,1,9,6,0,6,31
9071,1,10,5,1,4,35
9072,1,1,7,1,4,4
9072,1,2,4,0,4,8
9072,1,3,5,0,4,12
9072,1,4,6,0,3,15
9072,1,5,7,0,2,17
9072,1,6,4,0,4,21
9072,1,7,3,1,3,24
9072,1,8,3,0,3,27
9072,1,9,5,2,5,32
9072,1,10,6,0,3,35
9073,1,1,6,0,2,2
9073,1,2,5,1,0,2
9073,1,3,7,0,0,2
9073,1,4,4,1,0,2
9073,1,5,3,0,0,2
9073,1,6,3,0,1,3
9073,1,7,5,1,0,3
9073,1,8,7,0,0,3
9073,1,9,4,1,0,3
9073,1,10,6,0,0,3
9074,1,1,3,0,3,3
9074,1,2,7,0,5,8
9074,1,3,5,1,2,10
9074,1,4,4,0,4,14
9074,1,5,6,0,6,20
9074,1,6,6,0,6,26
9074,1,7,4,0,4,30
9074,1,8,5,0,5,35
9074,1,9,3,0,3,38
9074,1,10,7,0,7,45
9077,1,1,4,0,4,4
9077,1,2,6,0,6,10
9077,1,3,3,1,3,13
9077,1,4,5,1,3,16
9077,1,5,4,0,4,20
9077,1,6,7,0,6,26
9077,1,7,5,0,5,31
9077,1,8,7,0,7,38
9077,1,9,6,2,6,44
9077,1,10,3,0,3,47
9078,1,1,3,1,3,3
9078,1,2,4,1,4,7
9078,1,3,3,1,3,10
9078,1,4,7,1,0,10
9078,1,5,5,0,3,13
9078,1,6,7,2,2,15
9078,1,7,5,0,0,15
9078,1,8,6,2,4,19
9078,1,9,6,1,0,19
9078,1,10,4,0,4,23
9079,1,1,7,0,5,5
9079,1,2,5,0,5,10
9079,1,3,6,1,5,15
9079,1,4,5,1,5,20
9079,1,5,3,1,2,22
9079,1,6,3,0,3,25
9079,1,7,6,0,4,29
9079,1,8,4,1,4,33
9079,1,9,7,0,7,40
9079,1,10,4,0,4,44
9080,1,1,7,1,3,3
9080,1,2,7,1,1,4
9080,1,3,5,0,5,9
9080,1,4,3,2,2,11
9080,1,5,6,0,2,13
9080,1,6,4,1,4,17
9080,1,7,4,0,4,21
9080,1,8,5,1,3,24
9080,1,9,6,1,3,27
9080,1,10,3,1,3,30
9081,1,1,5,0,5,5
9081,1,2,3,2,3,8
9081,1,3,5,1,5,13
9081,1,4,7,1,3,16
9081,1,5,7,1,7,23
9081,1,6,6,0,3,26
9081,1,7,6,1,6,32
9081,1,8,4,2,4,36
9081,1,9,3,0,2,38
9081,1,10,4,0,4,42
9082,1,1,3,0,3,3
9082,1,2,6,0,2,5
9082,1,3,4,0,4,9
9082,1,4,5,0,1,10
9082,1,5,4,0,4,14
9082,1,6,7,2,0,14
9082,1,7,5,0,4,18
9082,1,8,6,0,3,21
9082,1,9,3,0,3,24
9082,1,10,7,2,2,26
9083,1,1,4,0,4,4
9083,1,2,7,2,6,10
9083,1,3,3,0,3,13
9083,1,4,6,1,3,16
9083,1,5,4,0,4,20
9083,1,6,5,1,5,25
9083,1,7,5,2,2,27
9083,1,8,6,1,3,30
9083,1,9,7,2,7,37
9083,1,10,3,0,1,38
9084,1,1,6,0,3,3
9084,1,2,6,2,4,7
9084,1,3,4,0,0,7
9084,1,4,7,1,3,10
9084,1,5,3,0,3,13
9084,1,6,7,1,6,19
9084,1,7,5,1,3,22
9084,1,8,3,1,3,25
9084,1,9,4,0,4,29
9084,1,10,5,0,5,34
9085,1,1,7,0,4,4
9085,1,2,5,0,2,6
9085,1,3,6,1,3,9
9085,1,4,3,2,3,12
9085,1,5,4,1,3,15
9085,1,6,3,1,1,16
9085,1,7,5,1,4,20
9085,1,8,4,1,3,23
9085,1,9,6,0,0,23
9085,1,10,7,2,5,28
9086,1,1,3,0,3,3
9086,1,2,5,1,5,8
9086,1,3,6,0,6,14
9086,1,4,4,0,4,18
9086,1,5,7,0,5,23
9086,1,6,4,0,4,27
9086,1,7,6,0,6,33
9086,1,8,5,0,5,38
9086,1,9,7,1,7,45
9086,1,10,3,0,3,48
9087,1,1,6,2,1,1
9087,1,2,3,0,3,4
9087,1,3,5,0,5,9
9087,1,4,3,2,3,12
9087,1,5,6,0,6,18
9087,1,6,4,1,4,22
9087,1,7,7,1,4,26
9087,1,8,4,1,4,30
9087,1,9,5,1,5,35
9087,1,10,7,0,6,41
9088,1,1,5,1,2,2
9088,1,2,6,0,0,2
9088,1,3,6,0,0,2
9088,1,4,7,2,0,2
9088,1,5,3,0,3,5
9088,1,6,5,0,3,8
9088,1,7,4,0,4,12
9088,1,8,7,0,4,16
9088,1,9,4,1,4,20
9088,1,10,3,0,2,22
9089,1,1,7,0,7,7
9089,1,2,4,0,4,11
9089,1,3,3,0,3,14
9089,1,4,7,0,0,14
9089,1,5,3,0,3,17
9089,1,6,5,1,1,18
9089,1,7,4,1,1,19
9089,1,8,6,0,0,19
9089,1,9,6,1,0,19
9089,1,10,5,0,0,19
9090,1,1,6,0,5,5
9090,1,2,5,0,5,10
9090,1,3,3,0,3,13
9090,1,4,5,2,3,16
9090,1,5,4,0,4,20
9090,1,6,7,0,5,25
9090,1,7,4,0,4,29
9090,1,8,6,1,2,31
9090,1,9,7,0,5,36
9090,1,10,3,0,3,39
9091,1,1,3,1,1,1
9091,1,2,6,0,6,7
9091,1,3,7,1,4,11
9091,1,4,5,0,5,16
9091,1,5,7,1,7,23
9091,1,6,4,1,4,27
9091,1,7,6,1,6,33
9091,1,8,4,0,4,37
9091,1,9,3,0,1,38
9091,1,10,5,1,4,42
9092,1,1,7,1,2,2
9092,1,2,3,0,2,4
9092,1,3,4,0,2,6
9092,1,4,6,2,1,7
9092,1,5,6,0,2,9
9092,1,6,5,0,2,11
9092,1,7,5,0,1,12
9092,1,8,7,2,2,14
9092,1,9,3,0,2,16
9092,1,10,4,0,4,20
9093,1,1,4,2,4,4
9093,1,2,5,1,5,9
9093,1,3,6,1,5,14
9093,1,4,3,1,3,17
9093,1,5,6,2,4,21
9093,1,6,7,1,5,26
9093,1,7,5,0,5,31
9093,1,8,7,2,6,37
9093,1,9,4,0,4,41
9093,1,10,3,1,3,44
9094,1,1,4,1,4,4
9094,1,2,6,2,2,6
9094,1,3,6,1,6,12
9094,1,4,3,0,3,15
9094,1,5,5,0,5,20
9094,1,6,4,2,4,24
9094,1,7,5,1,4,28
9094,1,8,7,0,2,30
9094,1,9,7,0,0,30
9094,1,10,3,0,3,33
9095,1,1,7,1,3,3
9095,1,2,7,2,4,7
9095,1,3,4,0,4,11
9095,1,4,5,1,5,16
9095,1,5,4,0,2,18
9095,1,6,6,1,1,19
9095,1,7,5,1,3,22
9095,1,8,3,1,0,22
9095,1,9,6,3,0,22
9095,1,10,3,3,3,25
9096,1,1,6,1,6,6
9096,1,2,3,0,3,9
9096,1,3,4,1,3,12
9096,1,4,7,4,1,13
9096,1,5,3,0,3,16
9096,1,6,4,1,0,16
9096,1,7,5,1,5,21
9096,1,8,5,1,2,23
9096,1,9,6,1,0,23
9096,1,10,7,1,5,28
9097,1,1,3,2,3,3
9097,1,2,3,1,1,4
9097,1,3,5,0,5,9
9097,1,4,4,0,4,13
9097,1,5,7,2,3,16
9097,1,6,6,1,1,17
9097,1,7,5,1,3,20
9097,1,8,6,0,4,24
9097,1,9,4,1,2,26
9097,1,10,7,2,2,28
9099,1,1,3,0,3,3
9099,1,2,3,0,3,6
9099,1,3,6,0,4,10
9099,1,4,4,0,4,14
9099,1,5,7,0,6,20
9099,1,6,6,0,6,26
9099,1,7,5,0,5,31
9099,1,8,7,0,4,35
9099,1,9,5,0,5,40
9099,1,10,4,0,4,44
9100,1,1,3,0,2,2
9100,1,2,7,0,4,6
9100,1,3,4,0,4,10
9100,1,4,7,0,0,10
9100,1,5,6,0,2,12
9100,1,6,4,0,4,16
9100,1,7,5,0,1,17
9100,1,8,3,0,1,18
9100,1,9,6,0,4,22
9100,1,10,5,1,4,26
9101,1,1,7,1,1,1
9101,1,2,5,0,1,2
9101,1,3,4,1,2,4
9101,1,4,3,0,1,5
9101,1,5,5,0,2,7
9101,1,6,4,0,4,11
9101,1,7,6,0,1,12
9101,1,8,6,0,2,14
9101,1,9,3,0,1,15
9101,1,10,7,1,0,15
9102,1,1,6,2,6,6
9102,1,2,3,0,3,9
9102,1,3,6,2,6,15
9102,1,4,7,0,1,16
9102,1,5,4,0,4,20
9102,1,6,3,0,3,23
9102,1,7,5,0,5,28
9102,1,8,7,2,6,34
9102,1,9,4,1,4,38
9102,1,10,5,0,5,43
9103,1,1,3,1,3,3
9103,1,2,5,2,5,8
9103,1,3,7,2,3,11
9103,1,4,6,3,2,13
9103,1,5,7,0,1,14
9103,1,6,4,0,4,18
9103,1,7,5,0,5,23
9103,1,8,3,0,2,25
9103,1,9,6,0,5,30
9103,1,10,4,0,4,34
9104,1,1,4,1,0,0
9104,1,2,5,0,1,1
9104,1,3,3,1,0,1
9104,1,4,7,5,6,7
9104,1,5,4,2,0,7
9104,1,6,5,2,0,7
9104,1,7,6,1,0,7
9104,1,8,7,2,0,7
9104,1,9,3,0,0,7
9104,1,10,6,2,6,13
9105,1,1,4,0,4,4
9105,1,2,7,2,3,7
9105,1,3,5,0,3,10
9105,1,4,6,1,6,16
9105,1,5,4,0,4,20
9105,1,6,5,2,0,20
9105,1,7,3,2,3,23
9105,1,8,3,0,3,26
9105,1,9,6,1,1,27
9105,1,10,7,0,2,29
9106,1,1,5,0,5,5
9106,1,2,6,0,6,11
9106,1,3,7,0,5,16
9106,1,4,3,0,3,19
9106,1,5,7,2,7,26
9106,1,6,4,1,4,30
9106,1,7,4,0,4,34
9106,1,8,5,0,5,39
9106,1,9,3,0,3,42
9106,1,10,6,0,6,48
9107,1,1,4,0,2,2
9107,1,2,3,1,2,4
9107,1,3,3,0,3,7
9107,1,4,5,0,5,12
9107,1,5,6,0,1,13
9107,1,6,5,2,5,18
9107,1,7,4,0,4,22
9107,1,8,7,1,4,26
9107,1,9,6,3,1,27
9107,1,10,7,1,3,30
9108,1,1,5,0,5,5
9108,1,2,6,2,1,6
9108,1,3,3,0,3,9
9108,1,4,4,0,2,11
9108,1,5,6,2,3,14
9108,1,6,5,0,5,19
9108,1,7,3,1,3,22
9108,1,8,7,0,1,23
9108,1,9,7,1,4,27
9108,1,10,4,2,3,30
9109,1,1,7,1,3,3
9109,1,2,4,3,0,3
9109,1,3,5,2,0,3
9109,1,4,4,0,0,3
9109,1,5,6,2,0,3
9109,1,6,3,1,0,3
9109,1,7,3,1,0,3
9109,1,8,5,2,1,4
9109,1,9,7,4,0,4
9109,1,10,6,2,0,4
9110,1,1,5,0,3,3
9110,1,2,4,0,1,4
9110,1,3,4,1,0,4
9110,1,4,6,2,1,5
9110,1,5,7,0,0,5
9110,1,6,6,1,0,5
9110,1,7,3,0,0,5
9110,1,8,7,1,0,5
9110,1,9,3,1,0,5
9110,1,10,5,2,0,5
9112,1,1,5,0,5,5
9112,1,2,5,0,3,8
9112,1,3,3,0,3,11
9112,1,4,4,0,0,11
9112,1,5,7,2,0,11
9112,1,6,6,2,3,14
9112,1,7,7,1,4,18
9112,1,8,3,0,3,21
9112,1,9,6,1,0,21
9112,1,10,4,1,1,22
9114,1,1,3,0,3,3
9114,1,2,6,0,6,9
9114,1,3,4,0,4,13
9114,1,4,7,1,3,16
9114,1,5,6,0,1,17
9114,1,6,3,1,3,20
9114,1,7,4,0,4,24
9114,1,8,5,0,5,29
9114,1,9,5,0,2,31
9114,1,10,7,0,0,31
9115,1,1,5,0,5,5
9115,1,2,3,0,3,8
9115,1,3,4,0,4,12
9115,1,4,6,1,3,15
9115,1,5,5,0,5,20
9115,1,6,4,0,4,24
9115,1,7,6,0,6,30
9115,1,8,7,1,5,35
9115,1,9,3,1,2,37
9115,1,10,7,3,6,43
9116,1,1,3,2,3,3
9116,1,2,4,0,4,7
9116,1,3,7,2,6,13
9116,1,4,3,1,3,16
9116,1,5,5,1,5,21
9116,1,6,4,0,4,25
9116,1,7,6,1,6,31
9116,1,8,7,0,7,38
9116,1,9,5,1,5,43
9116,1,10,6,0,6,49
9117,1,1,5,0,5,5
9117,1,2,7,0,5,10
9117,1,3,3,0,3,13
9117,1,4,6,0,5,18
9117,1,5,4,0,4,22
9117,1,6,5,0,0,22
9117,1,7,6,0,4,26
9117,1,8,7,0,2,28
9117,1,9,3,1,3,31
9117,1,10,4,0,4,35
9118,1,1,3,0,1,1
9118,1,2,3,0,2,3
9118,1,3,6,2,0,3
9118,1,4,7,1,0,3
9118,1,5,4,0,0,3
9118,1,6,5,0,0,3
9118,1,7,6,1,1,4
9118,1,8,4,1,1,5
9118,1,9,7,1,1,6
9118,1,10,5,0,0,6
9121,1,1,6,0,5,5
9121,1,2,3,0,1,6
9121,1,3,5,0,5,11
9121,1,4,6,0,6,17
9121,1,5,4,1,1,18
9121,1,6,7,0,3,21
9121,1,7,7,1,0,21
9121,1,8,4,0,3,24
9121,1,9,5,0,2,26
9121,1,10,3,0,3,29
9122,1,1,6,1,1,1
9122,1,2,4,1,2,3
9122,1,3,3,2,3,6
9122,1,4,5,0,5,11
9122,1,5,5,2,1,12
9122,1,6,3,0,3,15
9122,1,7,7,1,5,20
9122,1,8,6,1,1,21
9122,1,9,7,1,4,25
9122,1,10,4,0,3,28
9123,1,1,5,0,5,5
9123,1,2,3,0,3,8
9123,1,3,6,1,4,12
9123,1,4,5,0,5,17
9123,1,5,7,0,3,20
9123,1,6,6,1,3,23
9123,1,7,3,0,3,26
9123,1,8,4,1,4,30
9123,1,9,7,1,3,33
9123,1,10,4,0,1,34
9124,1,1,4,1,4,4
9124,1,2,3,0,3,7
9124,1,3,7,1,5,12
9124,1,4,6,2,6,18
9124,1,5,5,0,5,23
9124,1,6,5,1,4,27
9124,1,7,3,0,2,29
9124,1,8,6,0,5,34
9124,1,9,7,2,4,38
9124,1,10,4,0,3,41
9125,1,1,3,0,3,3
9125,1,2,4,2,1,4
9125,1,3,7,3,4,8
9125,1,4,6,1,1,9
9125,1,5,5,1,5,14
9125,1,6,3,1,1,15
9125,1,7,6,2,0,15
9125,1,8,4,1,4,19
9125,1,9,5,0,3,22
9125,1,10,7,3,2,24
9126,1,1,3,0,3,3
9126,1,2,6,1,4,7
9126,1,3,5,0,4,11
9126,1,4,3,0,3,14
9126,1,5,7,0,4,18
9126,1,6,4,1,0,18
9126,1,7,5,0,5,23
9126,1,8,6,0,6,29
9126,1,9,4,0,4,33
9126,1,10,7,1,6,39
9127,1,1,4,1,4,4
9127,1,2,6,0,6,10
9127,1,3,5,0,5,15
9127,1,4,4,0,4,19
9127,1,5,5,0,5,24
9127,1,6,7,2,7,31
9127,1,7,6,0,6,37
9127,1,8,3,2,3,40
9127,1,9,3,1,3,43
9127,1,10,7,1,5,48
9128,1,1,7,1,5,5
9128,1,2,5,0,5,10
9128,1,3,7,1,4,14
9128,1,4,4,0,3,17
9128,1,5,6,0,6,23
9128,1,6,3,0,3,26
9128,1,7,6,1,4,30
9128,1,8,4,0,4,34
9128,1,9,5,0,3,37
9128,1,10,3,0,3,40
9130,1,1,7,2,1,1
9130,1,2,3,1,3,4
9130,1,3,6,0,3,7
9130,1,4,4,0,4,11
9130,1,5,3,0,3,14
9130,1,6,4,0,4,18
9130,1,7,6,1,0,18
9130,1,8,7,1,7,25
9130,1,9,5,2,5,30
9130,1,10,5,0,2,32
9131,1,1,5,0,5,5
9131,1,2,3,0,3,8
9131,1,3,4,0,4,12
9131,1,4,6,0,6,18
9131,1,5,7,1,7,25
9131,1,6,5,0,5,30
9131,1,7,4,0,4,34
9131,1,8,6,0,2,36
9131,1,9,3,1,3,39
9131,1,10,7,0,7,46
9132,1,1,6,1,2,2
9132,1,2,7,1,3,5
9132,1,3,3,3,1,6
9132,1,4,3,0,1,7
9132,1,5,6,0,3,10
9132,1,6,4,0,4,14
9132,1,7,7,0,3,17
9132,1,8,5,0,5,22
9132,1,9,4,0,4,26
9132,1,10,5,1,2,28
9133,1,1,6,0,3,3
9133,1,2,6,1,5,8
9133,1,3,7,0,7,15
9133,1,4,3,1,3,18
9133,1,5,5,0,5,23
9133,1,6,4,0,2,25
9133,1,7,7,0,7,32
9133,1,8,3,0,3,35
9133,1,9,5,0,5,40
9133,1,10,4,0,3,43
9134,1,1,5,1,5,5
9134,1,2,4,0,4,9
9134,1,3,6,0,2,11
9134,1,4,6,0,3,14
9134,1,5,3,0,3,17
9134,1,6,4,2,3,20
9134,1,7,5,2,1,21
9134,1,8,3,3,3,24
9134,1,9,7,2,7,31
9134,1,10,7,3,6,37
9135,1,1,6,0,2,2
9135,1,2,5,0,5,7
9135,1,3,7,0,0,7
9135,1,4,4,0,2,9
9135,1,5,6,0,1,10
9135,1,6,5,1,5,15
9135,1,7,3,0,2,17
9135,1,8,4,0,4,21
9135,1,9,3,1,3,24
9135,1,10,7,0,3,27
9136,1,1,5,0,5,5
9136,1,2,4,2,4,9
9136,1,3,7,3,2,11
9136,1,4,6,1,0,11
9136,1,5,4,0,4,15
9136,1,6,7,0,1,16
9136,1,7,3,0,3,19
9136,1,8,6,1,0,19
9136,1,9,3,0,3,22
9136,1,10,5,1,0,22
9137,1,1,7,1,2,2
9137,1,2,4,0,3,5
9137,1,3,5,0,0,5
9137,1,4,3,1,3,8
9137,1,5,4,0,4,12
9137,1,6,5,2,2,14
9137,1,7,7,3,3,17
9137,1,8,6,2,4,21
9137,1,9,6,1,2,23
9137,1,10,3,1,2,25
9138,1,1,6,2,6,6
9138,1,2,3,0,3,9
9138,1,3,3,1,3,12
9138,1,4,6,0,3,15
9138,1,5,7,0,7,22
9138,1,6,7,2,1,23
9138,1,7,4,0,4,27
9138,1,8,5,0,5,32
9138,1,9,5,0,5,37
9138,1,10,4,1,4,41
9139,1,1,5,3,3,3
9139,1,2,7,3,2,5
9139,1,3,7,4,2,7
9139,1,4,3,0,1,8
9139,1,5,5,1,3,11
9139,1,6,4,1,4,15
9139,1,7,6,3,1,16
9139,1,8,4,0,1,17
9139,1,9,6,0,1,18
9139,1,10,3,2,3,21
9140,1,1,3,0,3,3
9140,1,2,5,0,2,5
9140,1,3,6,0,0,5
9140,1,4,4,0,3,8
9140,1,5,3,0,3,11
9140,1,6,7,2,1,12
9140,1,7,4,0,3,15
9140,1,8,5,0,2,17
9140,1,9,7,0,1,18
9140,1,10,6,0,3,21
9141,1,1,6,2,3,3
9141,1,2,4,1,2,5
9141,1,3,3,0,3,8
9141,1,4,5,1,3,11
9141,1,5,6,0,0,11
9141,1,6,3,0,2,13
9141,1,7,7,1,0,13
9141,1,8,5,1,5,18
9141,1,9,7,1,1,19
9141,1,10,4,0,4,23
9142,1,1,3,0,3,3
9142,1,2,5,0,5,8
9142,1,3,4,0,4,12
9142,1,4,7,0,0,12
9142,1,5,6,0,4,16
9142,1,6,5,1,1,17
9142,1,7,3,0,3,20
9142,1,8,4,0,4,24
9142,1,9,7,0,1,25
9142,1,10,6,1,4,29
9143,1,1,7,2,6,6
9143,1,2,5,0,5,11
9143,1,3,4,0,4,15
9143,1,4,3,0,3,18
9143,1,5,7,3,3,21
9143,1,6,4,0,4,25
9143,1,7,6,0,6,31
9143,1,8,6,0,6,37
9143,1,9,5,1,5,42
9143,1,10,3,0,3,45
9144,1,1,7,1,5,5
9144,1,2,3,0,3,8
9144,1,3,6,1,3,11
9144,1,4,3,0,3,14
9144,1,5,5,0,4,18
9144,1,6,4,0,4,22
9144,1,7,6,1,3,25
9144,1,8,4,0,4,29
9144,1,9,5,0,5,34
9144,1,10,7,0,7,41
9145,1,1,6,0,5,5
9145,1,2,7,0,2,7
9145,1,3,5,0,5,12
9145,1,4,3,0,3,15
9145,1,5,7,1,7,22
9145,1,6,4,0,4,26
9145,1,7,6,0,6,32
9145,1,8,3,0,3,35
9145,1,9,4,1,4,39
9145,1,10,5,0,3,42
9146,1,1,3,0,3,3
9146,1,2,4,0,4,7
9146,1,3,5,0,5,12
9146,1,4,7,2,3,15
9146,1,5,3,0,3,18
9146,1,6,6,1,2,20
9146,1,7,4,0,4,24
9146,1,8,5,0,5,29
9146,1,9,6,0,6,35
9146,1,10,7,1,4,39
9148,1,1,7,2,4,4
9148,1,2,3,1,2,6
9148,1,3,5,0,2,8
9148,1,4,6,1,0,8
9148,1,5,6,1,0,8
9148,1,6,4,0,0,8
9148,1,7,3,0,1,9
9148,1,8,5,1,1,10
9148,1,9,7,0,1,11
9148,1,10,4,0,2,13
9149,1,1,5,0,1,1
9149,1,2,6,1,4,5
9149,1,3,7,0,4,9
9149,1,4,6,1,0,9
9149,1,5,7,0,2,11
9149,1,6,4,0,1,12
9149,1,7,5,0,0,12
9149,1,8,3,0,3,15
9149,1,9,4,1,3,18
9149,1,10,3,0,3,21
9150,1,1,7,2,4,4
9150,1,2,7,0,3,7
9150,1,3,5,2,5,12
9150,1,4,3,1,3,15
9150,1,5,3,2,3,18
9150,1,6,4,2,3,21
9150,1,7,4,2,2,23
9150,1,8,6,4,1,24
9150,1,9,6,3,4,28
9150,1,10,5,0,5,33
9151,1,1,6,0,4,4
9151,1,2,5,0,2,6
9151,1,3,6,1,1,7
9151,1,4,3,1,3,10
9151,1,5,4,0,4,14
9151,1,6,7,1,4,18
9151,1,7,7,1,4,22
9151,1,8,4,0,4,26
9151,1,9,5,0,3,29
9151,1,10,3,0,3,32
9152,1,1,4,0,4,4
9152,1,2,6,0,6,10
9152,1,3,3,0,2,12
9152,1,4,7,1,5,17
9152,1,5,6,0,1,18
9152,1,6,5,0,5,23
9152,1,7,5,0,5,28
9152,1,8,7,1,6,34
9152,1,9,3,0,2,36
9152,1,10,4,1,4,40
9153,1,1,3,0,2,2
9153,1,2,7,1,1,3
9153,1,3,6,1,3,6
9153,1,4,4,1,0,6
9153,1,5,7,2,1,7
9153,1,6,5,0,2,9
9153,1,7,4,1,0,9
9153,1,8,5,1,1,10
9153,1,9,6,1,0,10
9153,1,10,3,1,2,12
9154,1,1,4,0,3,3
9154,1,2,6,0,2,5
9154,1,3,7,1,0,5
9154,1,4,3,1,3,8
9154,1,5,5,0,1,9
9154,1,6,4,0,4,13
9154,1,7,7,1,1,14
9154,1,8,3,0,3,17
9154,1,9,5,1,4,21
9154,1,10,6,1,0,21
9155,1,1,6,0,5,5
9155,1,2,3,0,3,8
9155,1,3,4,0,3,11
9155,1,4,3,0,3,14
9155,1,5,5,0,2,16
9155,1,6,4,1,2,18
9155,1,7,7,0,5,23
9155,1,8,5,2,1,24
9155,1,9,7,0,2,26
9155,1,10,6,0,6,32
9156,1,1,3,1,3,3
9156,1,2,6,0,6,9
9156,1,3,3,0,3,12
9156,1,4,4,1,2,14
9156,1,5,7,1,0,14
9156,1,6,7,0,7,21
9156,1,7,5,1,3,24
9156,1,8,6,1,0,24
9156,1,9,4,0,4,28
9156,1,10,5,0,5,33
9157,1,1,4,0,2,2
9157,1,2,6,1,4,6
9157,1,3,4,0,2,8
9157,1,4,3,0,3,11
9157,1,5,5,0,2,13
9157,1,6,5,1,2,15
9157,1,7,7,1,1,16
9157,1,8,3,0,2,18
9157,1,9,6,1,0,18
9157,1,10,7,0,6,24
9158,1,1,7,0,2,2
9158,1,2,7,0,4,6
9158,1,3,6,0,6,12
9158,1,4,3,0,3,15
9158,1,5,6,1,5,20
9158,1,6,4,0,4,24
9158,1,7,5,1,3,27
9158,1,8,4,0,4,31
9158,1,9,3,0,2,33
9158,1,10,5,0,1,34
9159,1,1,5,0,4,4
9159,1,2,4,0,3,7
9159,1,3,7,1,2,9
9159,1,4,4,0,4,13
9159,1,5,3,0,2,15
9159,1,6,6,0,4,19
9159,1,7,7,0,7,26
9159,1,8,6,1,4,30
9159,1,9,3,0,3,33
9159,1,10,5,1,5,38
9160,1,1,7,0,4,4
9160,1,2,3,0,3,7
9160,1,3,6,0,6,13
9160,1,4,5,0,5,18
9160,1,5,4,0,4,22
9160,1,6,3,0,3,25
9160,1,7,4,0,4,29
9160,1,8,7,0,7,36
9160,1,9,5,1,5,41
9160,1,10,6,0,4,45
9161,1,1,5,1,1,1
9161,1,2,7,1,0,1
9161,1,3,4,0,2,3
9161,1,4,6,1,3,6
9161,1,5,4,1,4,10
9161,1,6,5,1,0,10
9161,1,7,3,0,1,11
9161,1,8,3,0,3,14
9161,1,9,6,2,0,14
9161,1,10,7,1,0,14
9162,1,1,5,1,5,5
9162,1,2,7,0,5,10
9162,1,3,4,0,4,14
9162,1,4,6,0,6,20
9162,1,5,3,2,0,20
9162,1,6,5,0,5,25
9162,1,7,7,2,2,27
9162,1,8,6,0,6,33
9162,1,9,4,0,4,37
9162,1,10,3,0,3,40
9163,1,1,3,0,3,3
9163,1,2,3,0,1,4
9163,1,3,7,0,2,6
9163,1,4,6,1,4,10
9163,1,5,4,0,4,14
9163,1,6,5,1,5,19
9163,1,7,5,0,5,24
9163,1,8,6,0,6,30
9163,1,9,7,3,4,34
9163,1,10,4,2,4,38
9164,1,1,3,0,2,2
9164,1,2,6,2,0,2
9164,1,3,7,1,5,7
9164,1,4,4,2,2,9
9164,1,5,6,3,2,11
9164,1,6,5,2,2,13
9164,1,7,4,1,2,15
9164,1,8,3,1,0,15
9164,1,9,7,0,1,16
9164,1,10,5,2,1,17
9165,1,1,5,0,2,2
9165,1,2,4,1,3,5
9165,1,3,6,0,2,7
9165,1,4,3,0,3,10
9165,1,5,6,0,1,11
9165,1,6,3,0,3,14
9165,1,7,5,0,3,17
9165,1,8,7,0,0,17
9165,1,9,4,0,3,20
9165,1,10,7,1,7,27
9166,1,1,7,0,3,3
9166,1,2,6,1,0,3
9166,1,3,4,0,4,7
9166,1,4,6,0,2,9
9166,1,5,3,1,1,10
9166,1,6,5,1,0,10
9166,1,7,7,0,2,12
9166,1,8,5,0,4,16
9166,1,9,4,0,4,20
9166,1,10,3,0,2,22
9167,1,1,4,0,4,4
9167,1,2,7,0,3,7
9167,1,3,3,2,2,9
9167,1,4,3,0,2,11
9167,1,5,5,0,1,12
9167,1,6,4,2,4,16
9167,1,7,6,1,0,16
9167,1,8,6,0,2,18
9167,1,9,7,2,0,18
9167,1,10,5,0,0,18
9168,1,1,7,1,2,2
9168,1,2,5,1,2,4
9168,1,3,6,0,5,9
9168,1,4,6,0,4,13
9168,1,5,4,0,4,17
9168,1,6,3,0,2,19
9168,1,7,7,1,3,22
9168,1,8,4,1,4,26
9168,1,9,3,0,2,28
9168,1,10,5,0,1,29
9169,1,1,6,1,6,6
9169,1,2,4,1,4,10
9169,1,3,4,0,4,14
9169,1,4,6,1,2,16
9169,1,5,3,0,1,17
9169,1,6,5,0,0,17
9169,1,7,5,0,3,20
9169,1,8,7,1,1,21
9169,1,9,7,1,0,21
9169,1,10,3,0,3,24
9170,1,1,5,0,5,5
9170,1,2,4,0,3,8
9170,1,3,6,1,6,14
9170,1,4,6,0,6,20
9170,1,5,4,1,4,24
9170,1,6,7,0,2,26
9170,1,7,7,0,3,29
9170,1,8,3,1,3,32
9170,1,9,5,1,5,37
9170,1,10,3,0,3,40
9171,1,1,3,0,2,2
9171,1,2,5,1,0,2
9171,1,3,3,0,0,2
9171,1,4,5,0,5,7
9171,1,5,4,0,4,11
9171,1,6,4,2,4,15
9171,1,7,6,5,0,15
9171,1,8,7,2,0,15
9171,1,9,6,0,0,15
9171,1,10,7,1,0,15
9172,1,1,6,0,1,1
9172,1,2,7,1,1,2
9172,1,3,5,0,3,5
9172,1,4,6,2,0,5
9172,1,5,4,1,1,6
9172,1,6,4,0,1,7
9172,1,7,7,0,0,7
9172,1,8,3,0,0,7
9172,1,9,3,1,1,8
9172,1,10,5,1,0,8
9173,1,1,5,1,3,3
9173,1,2,7,2,7,10
9173,1,3,4,0,4,14
9173,1,4,6,1,5,19
9173,1,5,3,0,2,21
9173,1,6,6,1,1,22
9173,1,7,5,0,5,27
9173,1,8,4,0,4,31
9173,1,9,7,2,7,38
9173,1,10,3,0,3,41
9174,1,1,3,0,2,2
9174,1,2,5,0,1,3
9174,1,3,3,0,3,6
9174,1,4,6,0,2,8
9174,1,5,4,0,4,12
9174,1,6,4,0,4,16
9174,1,7,7,0,1,17
9174,1,8,5,2,4,21
9174,1,9,6,0,3,24
9174,1,10,7,1,3,27
9175,1,1,4,0,3,3
9175,1,2,5,0,0,3
9175,1,3,3,0,3,6
9175,1,4,7,0,3,9
9175,1,5,7,0,5,14
9175,1,6,5,1,3,17
9175,1,7,6,1,2,19
9175,1,8,3,0,2,21
9175,1,9,4,0,4,25
9175,1,10,6,1,4,29
9176,1,1,7,0,2,2
9176,1,2,7,1,5,7
9176,1,3,3,0,3,10
9176,1,4,6,0,4,14
9176,1,5,4,1,3,17
9176,1,6,4,0,4,21
9176,1,7,6,0,6,27
9176,1,8,5,0,5,32
9176,1,9,3,0,3,35
9176,1,10,5,0,5,40
9177,1,1,7,1,2,2
9177,1,2,4,0,3,5
9177,1,3,3,0,2,7
9177,1,4,5,2,4,11
9177,1,5,6,0,2,13
9177,1,6,4,1,4,17
9177,1,7,6,1,2,19
9177,1,8,5,2,3,22
9177,1,9,7,2,6,28
9177,1,10,3,0,3,31
9179,1,1,4,1,4,4
9179,1,2,3,0,3,7
9179,1,3,5,1,3,10
9179,1,4,6,0,3,13
9179,1,5,7,1,5,18
9179,1,6,3,1,2,20
9179,1,7,7,1,6,26
9179,1,8,5,0,3,29
9179,1,9,4,0,4,33
9179,1,10,6,0,4,37
9180,1,1,7,1,6,6
9180,1,2,3,0,3,9
9180,1,3,7,0,5,14
9180,1,4,3,0,3,17
9180,1,5,5,2,2,19
9180,1,6,6,0,4,23
9180,1,7,6,0,6,29
9180,1,8,4,0,4,33
9180,1,9,5,0,5,38
9180,1,10,4,0,4,42
9181,1,1,5,0,5,5
9181,1,2,4,0,4,9
9181,1,3,5,0,3,12
9181,1,4,7,0,6,18
9181,1,5,7,3,2,20
9181,1,6,6,0,5,25
9181,1,7,4,0,3,28
9181,1,8,3,0,3,31
9181,1,9,6,0,6,37
9181,1,10,3,0,0,37
9182,1,1,5,1,5,5
9182,1,2,4,0,4,9
9182,1,3,6,0,5,14
9182,1,4,6,1,2,16
9182,1,5,4,0,4,20
9182,1,6,7,1,7,27
9182,1,7,3,0,3,30
9182,1,8,7,1,7,37
9182,1,9,3,1,3,40
9182,1,10,5,0,5,45
9183,1,1,5,0,5,5
9183,1,2,6,0,4,9
9183,1,3,3,0,3,12
9183,1,4,5,0,3,15
9183,1,5,3,1,3,18
9183,1,6,7,2,6,24
9183,1,7,6,1,5,29
9183,1,8,4,1,4,33
9183,1,9,4,0,4,37
9183,1,10,7,0,4,41
9184,1,1,6,1,3,3
9184,1,2,6,1,4,7
9184,1,3,3,0,3,10
9184,1,4,7,0,2,12
9184,1,5,5,0,4,16
9184,1,6,7,0,5,21
9184,1,7,3,0,2,23
9184,1,8,4,0,4,27
9184,1,9,5,0,2,29
9184,1,10,4,2,3,32
9185,1,1,7,1,3,3
9185,1,2,3,0,3,6
9185,1,3,7,1,6,12
9185,1,4,5,0,3,15
9185,1,5,6,1,3,18
9185,1,6,6,1,5,23
9185,1,7,4,0,4,27
9185,1,8,5,1,4,31
9185,1,9,4,2,4,35
9185,1,10,3,0,3,38
9186,1,1,7,0,2,2
9186,1,2,6,1,6,8
9186,1,3,6,0,4,12
9186,1,4,5,0,5,17
9186,1,5,3,0,3,20
9186,1,6,3,0,3,23
9186,1,7,7,0,7,30
9186,1,8,4,0,4,34
9186,1,9,4,1,4,38
9186,1,10,5,0,5,43
9187,1,1,3,0,2,2
9187,1,2,5,1,4,6
9187,1,3,3,0,2,8
9187,1,4,4,0,4,12
9187,1,5,7,0,2,14
9187,1,6,6,0,6,20
9187,1,7,5,0,5,25
9187,1,8,6,1,4,29
9187,1,9,4,0,1,30
9187,1,10,7,0,0,30
9188,1,1,5,1,5,5
9188,1,2,7,1,7,12
9188,1,3,6,1,3,15
9188,1,4,4,1,4,19
9188,1,5,3,0,3,22
9188,1,6,7,2,5,27
9188,1,7,6,2,1,28
9188,1,8,3,1,3,31
9188,1,9,4,0,4,35
9188,1,10,5,2,5,40
9189,1,1,6,0,6,6
9189,1,2,7,0,4,10
9189,1,3,3,0,3,13
9189,1,4,4,0,4,17
9189,1,5,5,0,5,22
9189,1,6,5,0,5,27
9189,1,7,6,0,6,33
9189,1,8,4,0,4,37
9189,1,9,3,0,3,40
9189,1,10,7,0,3,43
9190,1,1,3,1,2,2
9190,1,2,3,0,1,3
9190,1,3,4,2,0,3
9190,1,4,4,0,0,3
9190,1,5,6,0,0,3
9190,1,6,6,1,3,6
9190,1,7,5,0,0,6
9190,1,8,5,0,4,10
9190,1,9,7,0,4,14
9190,1,10,7,0,0,14
9191,1,1,7,0,2,2
9191,1,2,7,1,7,9
9191,1,3,3,0,3,12
9191,1,4,4,0,4,16
9191,1,5,3,0,3,19
9191,1,6,5,0,5,24
9191,1,7,5,0,2,26
9191,1,8,6,0,6,32
9191,1,9,6,0,4,36
9191,1,10,4,0,2,38
9192,1,1,3,0,3,3
9192,1,2,6,0,4,7
9192,1,3,4,0,4,11
9192,1,4,5,0,5,16
9192,1,5,7,0,6,22
9192,1,6,4,0,4,26
9192,1,7,5,2,5,31
9192,1,8,3,0,3,34
9192,1,9,7,1,3,37
9192,1,10,6,0,2,39
9194,1,1,6,3,3,3
9194,1,2,4,3,3,6
9194,1,3,7,2,0,6
9194,1,4,4,1,4,10
9194,1,5,5,0,5,15
9194,1,6,6,2,0,15
9194,1,7,7,1,3,18
9194,1,8,3,0,0,18
9194,1,9,5,2,1,19
9194,1,10,3,0,3,22
9195,1,1,3,0,3,3
9195,1,2,6,1,3,6
9195,1,3,4,0,1,7
9195,1,4,7,0,6,13
9195,1,5,5,0,5,18
9195,1,6,4,0,4,22
9195,1,7,5,0,5,27
9195,1,8,7,0,4,31
9195,1,9,3,1,3,34
9195,1,10,6,0,6,40
9196,1,1,5,2,4,4
9196,1,2,5,0,5,9
9196,1,3,3,0,3,12
9196,1,4,6,0,6,18
9196,1,5,3,0,3,21
9196,1,6,7,0,6,27
9196,1,7,6,0,6,33
9196,1,8,7,2,3,36
9196,1,9,4,0,3,39
9196,1,10,4,0,4,43
9197,1,1,4,1,2,2
9197,1,2,5,1,2,4
9197,1,3,3,2,2,6
9197,1,4,6,2,0,6
9197,1,5,6,1,0,6
9197,1,6,7,0,1,7
9197,1,7,4,1,4,11
9197,1,8,3,2,1,12
9197,1,9,5,2,0,12
9197,1,10,7,3,1,13
9198,1,1,3,0,3,3
9198,1,2,7,0,2,5
9198,1,3,6,2,0,5
9198,1,4,3,1,0,5
9198,1,5,5,2,2,7
9198,1,6,5,4,0,7
9198,1,7,4,2,3,10
9198,1,8,7,0,1,11
9198,1,9,4,0,4,15
9198,1,10,6,1,3,18
9199,1,1,7,0,4,4
9199,1,2,7,1,2,6
9199,1,3,6,2,2,8
9199,1,4,6,2,0,8
9199,1,5,5,2,5,13
9199,1,6,4,1,4,17
9199,1,7,4,1,4,21
9199,1,8,3,1,3,24
9199,1,9,5,1,5,29
9199,1,10,3,0,3,32
9200,1,1,5,0,5,5
9200,1,2,6,0,6,11
9200,1,3,5,0,5,16
9200,1,4,7,1,7,23
9200,1,5,7,0,7,30
9200,1,6,3,0,1,31
9200,1,7,4,0,4,35
9200,1,8,3,0,3,38
9200,1,9,4,1,4,42
9200,1,10,6,0,1,43
9201,1,1,7,0,6,6
9201,1,2,4,0,4,10
9201,1,3,5,1,5,15
9201,1,4,7,1,3,18
9201,1,5,4,1,4,22
9201,1,6,5,1,4,26
9201,1,7,6,0,6,32
9201,1,8,3,0,3,35
9201,1,9,6,2,2,37
9201,1,10,3,0,3,40
9202,1,1,5,0,5,5
9202,1,2,6,0,5,10
9202,1,3,6,0,2,12
9202,1,4,3,0,3,15
9202,1,5,4,0,4,19
9202,1,6,7,1,4,23
9202,1,7,5,1,1,24
9202,1,8,7,0,0,24
9202,1,9,3,0,3,27
9202,1,10,4,0,4,31
9203,1,1,3,0,3,3
9203,1,2,6,2,0,3
9203,1,3,7,1,5,8
9203,1,4,5,2,4,12
9203,1,5,3,0,3,15
9203,1,6,7,0,3,18
9203,1,7,4,0,4,22
9203,1,8,4,2,4,26
9203,1,9,6,0,6,32
9203,1,10,5,2,5,37
9204,1,1,4,0,4,4
9204,1,2,5,1,5,9
9204,1,3,4,0,4,13
9204,1,4,3,1,3,16
9204,1,5,6,0,6,22
9204,1,6,6,0,6,28
9204,1,7,7,2,0,28
9204,1,8,7,1,2,30
9204,1,9,3,0,3,33
9204,1,10,5,0,5,38
9205,1,1,7,1,2,2
9205,1,2,4,0,4,6
9205,1,3,4,0,4,10
9205,1,4,5,2,2,12
9205,1,5,5,1,1,13
9205,1,6,3,0,3,16
9205,1,7,7,1,3,19
9205,1,8,6,1,2,21
9205,1,9,3,0,2,23
9205,1,10,6,0,1,24
9206,1,1,3,1,2,2
9206,1,2,4,1,4,6
9206,1,3,4,1,1,7
9206,1,4,5,0,4,11
9206,1,5,7,4,0,11
9206,1,6,5,1,0,11
9206,1,7,6,0,0,11
9206,1,8,7,2,0,11
9206,1,9,3,1,3,14
9206,1,10,6,0,0,14
9207,1,1,7,2,3,3
9207,1,2,3,1,0,3
9207,1,3,5,0,3,6
9207,1,4,6,0,1,7
9207,1,5,5,0,4,11
9207,1,6,6,0,3,14
9207,1,7,4,0,4,18
9207,1,8,3,0,3,21
9207,1,9,7,0,2,23
9207,1,10,4,0,4,27
9208,1,1,5,0,5,5
9208,1,2,6,0,6,11
9208,1,3,4,0,4,15
9208,1,4,7,1,4,19
9208,1,5,7,3,0,19
9208,1,6,3,0,3,22
9208,1,7,4,0,4,26
9208,1,8,6,0,4,30
9208,1,9,3,0,1,31
9208,1,10,5,0,3,34
9209,1,1,7,0,3,3
9209,1,2,5,1,5,8
9209,1,3,7,2,6,14
9209,1,4,3,0,1,15
9209,1,5,5,0,0,15
9209,1,6,3,0,3,18
9209,1,7,6,0,6,24
9209,1,8,4,0,4,28
9209,1,9,4,0,4,32
9209,1,10,6,0,6,38
9210,1,1,7,1,7,7
9210,1,2,4,0,3,10
9210,1,3,5,0,5,15
9210,1,4,3,0,3,18
9210,1,5,7,1,4,22
9210,1,6,6,0,1,23
9210,1,7,4,0,4,27
9210,1,8,3,0,2,29
9210,1,9,5,0,5,34
9210,1,10,6,0,6,40
9211,1,1,5,1,5,5
9211,1,2,3,0,3,8
9211,1,3,6,3,2,10
9211,1,4,3,1,3,13
9211,1,5,4,0,4,17
9211,1,6,7,0,3,20
9211,1,7,7,1,0,20
9211,1,8,4,0,4,24
9211,1,9,6,0,6,30
9211,1,10,5,0,4,34
9212,1,1,5,0,5,5
9212,1,2,7,0,5,10
9212,1,3,6,0,6,16
9212,1,4,5,0,5,21
9212,1,5,4,1,4,25
9212,1,6,3,0,3,28
9212,1,7,6,1,6,34
9212,1,8,4,0,2,36
9212,1,9,7,1,7,43
9212,1,10,3,0,3,46
9213,1,1,6,0,6,6
9213,1,2,7,0,5,11
9213,1,3,3,0,3,14
9213,1,4,4,0,4,18
9213,1,5,6,1,6,24
9213,1,6,4,1,4,28
9213,1,7,5,0,3,31
9213,1,8,3,0,3,34
9213,1,9,7,1,6,40
9213,1,10,5,0,5,45
9214,1,1,7,0,2,2
9214,1,2,3,1,3,5
9214,1,3,5,1,2,7
9214,1,4,4,1,2,9
9214,1,5,3,0,3,12
9214,1,6,4,0,4,16
9214,1,7,6,0,2,18
9214,1,8,6,1,0,18
9214,1,9,7,1,3,21
9214,1,10,5,0,5,26
9215,1,1,5,0,5,5
9215,1,2,7,0,7,12
9215,1,3,4,0,4,16
9215,1,4,6,1,6,22
9215,1,5,3,0,3,25
9215,1,6,3,0,3,28
9215,1,7,7,2,7,35
9215,1,8,6,0,5,40
9215,1,9,4,0,4,44
9215,1,10,5,2,4,48
9216,1,1,5,0,5,5
9216,1,2,7,0,7,12
9216,1,3,6,0,2,14
9216,1,4,4,1,4,18
9216,1,5,6,1,6,24
9216,1,6,3,0,3,27
9216,1,7,7,1,4,31
9216,1,8,4,0,4,35
9216,1,9,3,0,3,38
9216,1,10,5,1,5,43
9217,1,1,5,0,1,1
9217,1,2,5,0,5,6
9217,1,3,6,1,3,9
9217,1,4,6,0,3,12
9217,1,5,7,2,1,13
9217,1,6,7,3,3,16
9217,1,7,3,0,3,19
9217,1,8,3,1,3,22
9217,1,9,4,0,2,24
9217,1,10,4,0,4,28
9218,1,1,6,0,6,6
9218,1,2,6,0,6,12
9218,1,3,4,0,4,16
9218,1,4,7,0,1,17
9218,1,5,3,0,3,20
9218,1,6,4,0,4,24
9218,1,7,5,0,5,29
9218,1,8,7,0,6,35
9218,1,9,5,0,5,40
9218,1,10,3,0,3,43
9219,1,1,4,1,2,2
9219,1,2,3,0,3,5
9219,1,3,7,1,4,9
9219,1,4,6,1,3,12
9219,1,5,3,0,3,15
9219,1,6,7,1,5,20
9219,1,7,4,2,0,20
9219,1,8,5,0,3,23
9219,1,9,5,2,3,26
9219,1,10,6,1,0,26
9220,1,1,3,0,2,2
9220,1,2,6,0,4,6
9220,1,3,7,1,0,6
9220,1,4,6,1,6,12
9220,1,5,3,1,2,14
9220,1,6,5,0,5,19
9220,1,7,7,1,3,22
9220,1,8,5,0,4,26
9220,1,9,4,0,3,29
9220,1,10,4,1,2,31
9221,1,1,7,0,2,2
9221,1,2,4,0,3,5
9221,1,3,5,1,5,10
9221,1,4,6,0,0,10
9221,1,5,7,1,1,11
9221,1,6,3,1,0,11
9221,1,7,4,0,0,11
9221,1,8,3,1,0,11
9221,1,9,5,1,0,11
9221,1,10,6,1,0,11
9222,1,1,4,0,4,4
9222,1,2,5,0,5,9
9222,1,3,6,0,0,9
9222,1,4,6,0,6,15
9222,1,5,7,2,7,22
9222,1,6,4,0,4,26
9222,1,7,5,1,5,31
9222,1,8,3,0,3,34
9222,1,9,3,0,3,37
9222,1,10,7,1,4,41
9223,1,1,6,1,3,3
9223,1,2,7,1,0,3
9223,1,3,4,0,2,5
9223,1,4,5,0,0,5
9223,1,5,3,0,2,7
9223,1,6,5,0,1,8
9223,1,7,4,1,0,8
9223,1,8,7,1,0,8
9223,1,9,3,0,0,8
9223,1,10,6,0,1,9
9224,1,1,4,0,4,4
9224,1,2,5,1,5,9
9224,1,3,3,0,3,12
9224,1,4,7,1,5,17
9224,1,5,4,0,4,21
9224,1,6,3,0,3,24
9224,1,7,7,0,2,26
9224,1,8,5,1,5,31
9224,1,9,6,0,5,36
9224,1,10,6,0,5,41
9225,1,1,7,1,7,7
9225,1,2,3,0,3,10
9225,1,3,4,1,3,13
9225,1,4,5,0,5,18
9225,1,5,6,0,6,24
9225,1,6,3,0,3,27
9225,1,7,5,0,5,32
9225,1,8,6,0,6,38
9225,1,9,4,0,4,42
9225,1,10,7,2,1,43
9226,1,1,7,0,2,2
9226,1,2,7,1,7,9
9226,1,3,5,1,5,14
9226,1,4,4,0,4,18
9226,1,5,5,0,5,23
9226,1,6,6,0,6,29
9226,1,7,6,1,6,35
9226,1,8,4,1,4,39
9226,1,9,3,2,3,42
9226,1,10,3,0,3,45
9227,1,1,5,0,0,0
9227,1,2,6,1,6,6
9227,1,3,6,0,6,12
9227,1,4,3,0,3,15
9227,1,5,3,0,3,18
9227,1,6,4,1,1,19
9227,1,7,4,0,1,20
9227,1,8,7,2,0,20
9227,1,9,7,1,4,24
9227,1,10,5,0,5,29
9229,1,1,6,1,0,0
9229,1,2,3,2,3,3
9229,1,3,4,3,4,7
9229,1,4,3,1,0,7
9229,1,5,7,4,3,10
9229,1,6,5,2,2,12
9229,1,7,4,1,1,13
9229,1,8,7,4,0,13
9229,1,9,5,1,3,16
9229,1,10,6,3,0,16
9230,1,1,4,0,4,4
9230,1,2,4,0,4,8
9230,1,3,3,0,3,11
9230,1,4,5,0,5,16
9230,1,5,6,0,6,22
9230,1,6,7,0,7,29
9230,1,7,7,0,5,34
9230,1,8,3,0,3,37
9230,1,9,5,0,5,42
9230,1,10,6,0,6,48
9232,1,1,5,0,5,5
9232,1,2,3,0,3,8
9232,1,3,7,0,2,10
9232,1,4,3,0,3,13
9232,1,5,6,0,6,19
9232,1,6,5,1,5,24
9232,1,7,7,0,7,31
9232,1,8,6,1,5,36
9232,1,9,4,0,4,40
9232,1,10,4,0,4,44
9233,1,1,4,1,1,1
9233,1,2,5,2,2,3
9233,1,3,6,1,1,4
9233,1,4,6,2,4,8
9233,1,5,7,0,1,9
9233,1,6,3,0,1,10
9233,1,7,7,1,1,11
9233,1,8,3,0,3,14
9233,1,9,5,1,2,16
9233,1,10,4,0,4,20
9234,1,1,4,0,4,4
9234,1,2,3,0,3,7
9234,1,3,6,0,3,10
9234,1,4,3,0,3,13
9234,1,5,7,1,4,17
9234,1,6,7,0,2,19
9234,1,7,6,0,5,24
9234,1,8,5,1,5,29
9234,1,9,4,0,4,33
9234,1,10,5,0,2,35
9235,1,1,4,0,4,4
9235,1,2,6,1,4,8
9235,1,3,7,1,7,15
9235,1,4,6,1,4,19
9235,1,5,4,0,3,22
9235,1,6,5,0,4,26
9235,1,7,3,0,3,29
9235,1,8,5,1,2,31
9235,1,9,3,0,3,34
9235,1,10,7,0,7,41
9236,1,1,4,0,4,4
9236,1,2,5,0,5,9
9236,1,3,4,1,4,13
9236,1,4,7,1,4,17
9236,1,5,7,1,5,22
9236,1,6,3,0,3,25
9236,1,7,6,0,6,31
9236,1,8,6,0,6,37
9236,1,9,5,0,5,42
9236,1,10,3,0,3,45
9237,1,1,4,0,4,4
9237,1,2,3,0,3,7
9237,1,3,7,1,3,10
9237,1,4,6,0,6,16
9237,1,5,5,0,5,21
9237,1,6,4,0,4,25
9237,1,7,7,0,5,30
9237,1,8,3,0,3,33
9237,1,9,5,1,1,34
9237,1,10,6,2,6,40
9238,1,1,7,0,2,2
9238,1,2,6,1,4,6
9238,1,3,4,0,4,10
9238,1,4,5,0,3,13
9238,1,5,4,1,4,17
9238,1,6,7,1,4,21
9238,1,7,3,1,3,24
9238,1,8,5,0,1,25
9238,1,9,6,1,3,28
9238,1,10,3,0,3,31
9239,1,1,7,1,4,4
9239,1,2,5,0,5,9
9239,1,3,3,1,3,12
9239,1,4,6,0,5,17
9239,1,5,5,1,3,20
9239,1,6,6,0,6,26
9239,1,7,4,0,4,30
9239,1,8,3,1,3,33
9239,1,9,4,0,4,37
9239,1,10,7,0,5,42
9240,1,1,6,0,6,6
9240,1,2,7,0,4,10
9240,1,3,3,0,3,13
9240,1,4,4,1,4,17
9240,1,5,7,0,3,20
9240,1,6,3,0,3,23
9240,1,7,6,1,6,29
9240,1,8,5,0,2,31
9240,1,9,5,1,5,36
9240,1,10,4,1,4,40
9241,1,1,5,0,3,3
9241,1,2,3,0,3,6
9241,1,3,4,1,4,10
9241,1,4,6,0,2,12
9241,1,5,6,1,4,16
9241,1,6,7,2,1,17
9241,1,7,5,0,1,18
9241,1,8,3,1,3,21
9241,1,9,7,1,4,25
9241,1,10,4,0,2,27
9242,1,1,6,1,4,4
9242,1,2,4,0,4,8
9242,1,3,4,2,3,11
9242,1,4,5,1,0,11
9242,1,5,5,0,3,14
9242,1,6,3,1,2,16
9242,1,7,7,2,0,16
9242,1,8,6,1,3,19
9242,1,9,7,0,0,19
9242,1,10,3,1,1,20
9243,1,1,7,0,7,7
9243,1,2,4,1,4,11
9243,1,3,5,2,3,14
9243,1,4,7,0,7,21
9243,1,5,6,2,6,27
9243,1,6,6,2,6,33
9243,1,7,5,2,0,33
9243,1,8,3,1,3,36
9243,1,9,3,0,3,39
9243,1,10,4,0,3,42
9244,1,1,6,1,5,5
9244,1,2,6,0,5,10
9244,1,3,3,0,3,13
9244,1,4,4,0,4,17
9244,1,5,3,0,3,20
9244,1,6,7,1,5,25
9244,1,7,5,0,1,26
9244,1,8,7,0,7,33
9244,1,9,4,1,4,37
9244,1,10,5,0,4,41
9245,1,1,3,0,3,3
9245,1,2,5,0,0,3
9245,1,3,6,2,4,7
9245,1,4,3,1,2,9
9245,1,5,5,0,3,12
9245,1,6,7,1,2,14
9245,1,7,4,1,4,18
9245,1,8,4,0,4,22
9245,1,9,7,3,5,27
9245,1,10,6,1,6,33
9246,1,1,7,0,2,2
9246,1,2,3,0,3,5
9246,1,3,4,0,4,9
9246,1,4,5,0,2,11
9246,1,5,3,1,2,13
9246,1,6,6,0,0,13
9246,1,7,6,0,1,14
9246,1,8,5,0,3,17
9246,1,9,7,2,0,17
9246,1,10,4,1,4,21
9247,1,1,5,2,5,5
9247,1,2,3,0,2,7
9247,1,3,3,1,0,7
9247,1,4,6,0,0,7
9247,1,5,6,0,3,10
9247,1,6,7,1,1,11
9247,1,7,4,1,0,11
9247,1,8,7,1,1,12
9247,1,9,5,0,1,13
9247,1,10,4,0,0,13
9248,1,1,6,0,6,6
9248,1,2,3,1,2,8
9248,1,3,3,2,3,11
9248,1,4,4,0,4,15
9248,1,5,5,1,5,20
9248,1,6,4,0,4,24
9248,1,7,6,1,4,28
9248,1,8,7,1,2,30
9248,1,9,5,0,1,31
9248,1,10,7,1,4,35
9249,1,1,5,0,5,5
9249,1,2,3,0,3,8
9249,1,3,7,1,7,15
9249,1,4,7,0,0,15
9249,1,5,4,1,4,19
9249,1,6,3,0,3,22
9249,1,7,5,0,5,27
9249,1,8,6,0,5,32
9249,1,9,4,0,4,36
9249,1,10,6,0,6,42
9251,1,1,5,2,5,5
9251,1,2,6,0,6,11
9251,1,3,3,1,3,14
9251,1,4,3,0,3,17
9251,1,5,4,1,1,18
9251,1,6,4,0,4,22
9251,1,7,6,0,4,26
9251,1,8,7,0,5,31
9251,1,9,7,0,1,32
9251,1,10,5,0,5,37
9252,1,1,5,0,5,5
9252,1,2,3,0,3,8
9252,1,3,4,0,4,12
9252,1,4,7,2,1,13
9252,1,5,4,1,4,17
9252,1,6,3,0,3,20
9252,1,7,5,0,5,25
9252,1,8,6,2,3,28
9252,1,9,6,0,3,31
9252,1,10,7,1,2,33
9253,1,1,7,2,3,3
9253,1,2,5,0,5,8
9253,1,3,5,3,4,12
9253,1,4,4,0,4,16
9253,1,5,4,2,1,17
9253,1,6,7,1,5,22
9253,1,7,3,0,3,25
9253,1,8,6,2,2,27
9253,1,9,3,0,3,30
9253,1,10,6,2,3,33
9254,1,1,6,0,1,1
9254,1,2,5,0,5,6
9254,1,3,7,0,2,8
9254,1,4,6,1,0,8
9254,1,5,5,0,1,9
9254,1,6,3,0,3,12
9254,1,7,3,0,2,14
9254,1,8,4,0,4,18
9254,1,9,4,0,1,19
9254,1,10,7,0,1,20
9255,1,1,3,0,3,3
9255,1,2,4,1,3,6
9255,1,3,7,1,1,7
9255,1,4,5,2,0,7
9255,1,5,4,0,4,11
9255,1,6,3,0,3,14
9255,1,7,5,0,2,16
9255,1,8,6,1,3,19
9255,1,9,6,1,1,20
9255,1,10,7,1,3,23
9256,1,1,4,0,4,4
9256,1,2,7,0,7,11
9256,1,3,6,1,6,17
9256,1,4,3,0,3,20
9256,1,5,5,1,5,25
9256,1,6,4,0,4,29
9256,1,7,5,1,5,34
9256,1,8,6,0,3,37
9256,1,9,3,1,1,38
9256,1,10,7,0,6,44
9257,1,1,3,0,1,1
9257,1,2,4,2,4,5
9257,1,3,4,1,3,8
9257,1,4,3,2,2,10
9257,1,5,6,0,3,13
9257,1,6,5,0,5,18
9257,1,7,7,0,3,21
9257,1,8,6,0,2,23
9257,1,9,5,0,3,26
9257,1,10,7,0,5,31
9258,1,1,3,1,2,2
9258,1,2,7,0,6,8
9258,1,3,4,0,4,12
9258,1,4,5,0,1,13
9258,1,5,4,0,4,17
9258,1,6,3,0,3,20
9258,1,7,6,1,3,23
9258,1,8,5,0,5,28
9258,1,9,6,0,5,33
9258,1,10,7,0,3,36
9259,1,1,7,0,3,3
9259,1,2,6,0,4,7
9259,1,3,3,0,2,9
9259,1,4,5,0,3,12
9259,1,5,4,0,2,14
9259,1,6,5,0,4,18
9259,1,7,4,0,4,22
9259,1,8,7,0,3,25
9259,1,9,6,0,4,29
9259,1,10,3,0,3,32
9260,1,1,4,0,4,4
9260,1,2,4,0,4,8
9260,1,3,5,0,2,10
9260,1,4,7,2,1,11
9260,1,5,7,3,1,12
9260,1,6,3,0,3,15
9260,1,7,6,0,4,19
9260,1,8,3,1,1,20
9260,1,9,6,0,5,25
9260,1,10,5,0,2,27
9261,1,1,4,0,4,4
9261,1,2,6,1,5,9
9261,1,3,5,0,5,14
9261,1,4,7,0,2,16
9261,1,5,5,0,5,21
9261,1,6,7,0,5,26
9261,1,7,6,0,3,29
9261,1,8,3,0,2,31
9261,1,9,3,1,3,34
9261,1,10,4,0,3,37
9262,1,1,6,1,5,5
9262,1,2,7,2,1,6
9262,1,3,4,1,4,10
9262,1,4,4,4,4,14
9262,1,5,5,2,1,15
9262,1,6,3,0,2,17
9262,1,7,3,0,0,17
9262,1,8,6,1,0,17
9262,1,9,5,0,5,22
9262,1,10,7,2,3,25
9263,1,1,6,1,6,6
9263,1,2,4,1,4,10
9263,1,3,4,0,4,14
9263,1,4,5,1,5,19
9263,1,5,3,1,2,21
9263,1,6,7,0,3,24
9263,1,7,6,0,3,27
9263,1,8,7,4,1,28
9263,1,9,5,1,5,33
9263,1,10,3,0,3,36
9265,1,1,5,2,5,5
9265,1,2,5,3,1,6
9265,1,3,3,0,3,9
9265,1,4,4,1,4,13
9265,1,5,7,2,5,18
9265,1,6,7,1,2,20
9265,1,7,6,3,5,25
9265,1,8,4,1,4,29
9265,1,9,6,2,6,35
9265,1,10,3,0,3,38
9266,1,1,6,0,5,5
9266,1,2,7,0,5,10
9266,1,3,5,1,5,15
9266,1,4,3,0,3,18
9266,1,5,4,0,4,22
9266,1,6,4,1,4,26
9266,1,7,7,1,7,33
9266,1,8,5,0,5,38
9266,1,9,6,0,6,44
9266,1,10,3,1,3,47
9267,1,1,6,1,4,4
9267,1,2,7,1,5,9
9267,1,3,3,0,3,12
9267,1,4,6,0,4,16
9267,1,5,3,0,3,19
9267,1,6,7,0,6,25
9267,1,7,4,0,4,29
9267,1,8,5,0,5,34
9267,1,9,4,0,4,38
9267,1,10,5,0,5,43
9268,1,1,7,0,3,3
9268,1,2,3,1,3,6
9268,1,3,5,0,5,11
9268,1,4,5,0,5,16
9268,1,5,4,0,4,20
9268,1,6,6,0,6,26
9268,1,7,7,1,3,29
9268,1,8,4,0,4,33
9268,1,9,6,1,6,39
9268,1,10,3,0,3,42
9269,1,1,5,0,4,4
9269,1,2,7,0,4,8
9269,1,3,5,1,4,12
9269,1,4,3,0,1,13
9269,1,5,4,0,4,17
9269,1,6,3,0,3,20
9269,1,7,7,0,3,23
9269,1,8,4,0,4,27
9269,1,9,6,0,4,31
9269,1,10,6,2,1,32
9270,1,1,6,0,4,4
9270,1,2,4,1,3,7
9270,1,3,4,2,4,11
9270,1,4,7,0,2,13
9270,1,5,3,0,3,16
9270,1,6,5,0,5,21
9270,1,7,6,1,0,21
9270,1,8,5,0,2,23
9270,1,9,7,0,2,25
9270,1,10,3,0,2,27
9271,1,1,5,0,4,4
9271,1,2,6,0,4,8
9271,1,3,6,3,2,10
9271,1,4,7,0,2,12
9271,1,5,3,0,3,15
9271,1,6,5,0,2,17
9271,1,7,4,0,3,20
9271,1,8,4,0,3,23
9271,1,9,7,0,4,27
9271,1,10,3,0,3,30
