subject,session,date,time,block,list,setsize,symmetryerrors,spantotal,symspantotal
9001,2,10/17/22,09:44,realblock,1,4,0,4,4
9001,2,10/17/22,09:44,realblock,2,3,0,3,7
9001,2,10/17/22,09:44,realblock,3,5,2,1,8
9001,2,10/17/22,09:44,realblock,4,3,0,3,11
9001,2,10/17/22,09:44,realblock,5,5,0,5,16
9001,2,10/17/22,09:44,realblock,6,4,0,4,20
9001,2,10/17/22,09:44,realblock,7,2,0,2,22
9001,2,10/17/22,09:44,realblock,8,2,0,2,24
9002,2,10/17/22,10:20,realblock,1,2,0,2,2
9002,2,10/17/22,10:20,realblock,2,5,0,3,5
9002,2,10/17/22,10:20,realblock,3,4,0,3,8
9002,2,10/17/22,10:20,realblock,4,5,0,4,12
9002,2,10/17/22,10:20,realblock,5,2,0,2,14
9002,2,10/17/22,10:20,realblock,6,4,0,4,18
9002,2,10/17/22,10:20,realblock,7,3,0,3,21
9002,2,10/17/22,10:20,realblock,8,3,0,3,24
9004,2,10/17/22,13:49,realblock,1,2,2,2,2
9004,2,10/17/22,13:49,realblock,2,4,1,4,6
9004,2,10/17/22,13:49,realblock,3,2,1,2,8
9004,2,10/17/22,13:49,realblock,4,4,3,0,8
9004,2,10/17/22,13:49,realblock,5,3,0,3,11
9004,2,10/17/22,13:49,realblock,6,5,0,2,13
9004,2,10/17/22,13:49,realblock,7,3,2,1,14
9004,2,10/17/22,13:49,realblock,8,5,2,0,14
9005,2,10/17/22,12:37,realblock,1,5,0,4,4
9005,2,10/17/22,12:37,realblock,2,2,0,2,6
9005,2,10/17/22,12:37,realblock,3,2,0,2,8
9005,2,10/17/22,12:37,realblock,4,3,0,3,11
9005,2,10/17/22,12:37,realblock,5,5,0,4,15
9005,2,10/17/22,12:37,realblock,6,3,0,3,18
9005,2,10/17/22,12:37,realblock,7,4,0,4,22
9005,2,10/17/22,12:37,realblock,8,4,0,0,22
9006,2,10/18/22,09:45,realblock,1,3,0,3,3
9006,2,10/18/22,09:45,realblock,2,2,0,2,5
9006,2,10/18/22,09:45,realblock,3,2,0,2,7
9006,2,10/18/22,09:45,realblock,4,5,1,4,11
9006,2,10/18/22,09:45,realblock,5,4,1,4,15
9006,2,10/18/22,09:45,realblock,6,3,0,3,18
9006,2,10/18/22,09:45,realblock,7,5,0,5,23
9006,2,10/18/22,09:45,realblock,8,4,0,0,23
9007,2,10/18/22,09:42,realblock,1,5,0,5,5
9007,2,10/18/22,09:42,realblock,2,4,0,4,9
9007,2,10/18/22,09:42,realblock,3,2,0,2,11
9007,2,10/18/22,09:42,realblock,4,5,0,5,16
9007,2,10/18/22,09:42,realblock,5,4,0,4,20
9007,2,10/18/22,09:42,realblock,6,2,0,2,22
9007,2,10/18/22,09:42,realblock,7,3,0,3,25
9007,2,10/18/22,09:42,realblock,8,3,0,3,28
9009,2,10/18/22,12:40,realblock,1,5,0,5,5
9009,2,10/18/22,12:40,realblock,2,2,0,2,7
9009,2,10/18/22,12:40,realblock,3,3,0,3,10
9009,2,10/18/22,12:40,realblock,4,3,0,3,13
9009,2,10/18/22,12:40,realblock,5,4,0,4,17
9009,2,10/18/22,12:40,realblock,6,5,0,5,22
9009,2,10/18/22,12:40,realblock,7,2,0,2,24
9009,2,10/18/22,12:40,realblock,8,4,0,4,28
9010,2,10/18/22,15:35,realblock,1,3,0,3,3
9010,2,10/18/22,15:35,realblock,2,3,0,3,6
9010,2,10/18/22,15:35,realblock,3,5,0,5,11
9010,2,10/18/22,15:35,realblock,4,4,0,4,15
9010,2,10/18/22,15:35,realblock,5,2,0,2,17
9010,2,10/18/22,15:35,realblock,6,4,1,4,21
9010,2,10/18/22,15:35,realblock,7,2,1,2,23
9010,2,10/18/22,15:35,realblock,8,5,0,5,28
9011,2,10/18/22,15:34,realblock,1,3,0,3,3
9011,2,10/18/22,15:34,realblock,2,2,0,2,5
9011,2,10/18/22,15:34,realblock,3,2,0,2,7
9011,2,10/18/22,15:34,realblock,4,4,0,3,10
9011,2,10/18/22,15:34,realblock,5,3,1,1,11
9011,2,10/18/22,15:34,realblock,6,5,0,5,16
9011,2,10/18/22,15:34,realblock,7,4,0,4,20
9011,2,10/18/22,15:34,realblock,8,5,1,5,25
9012,2,10/18/22,15:43,realblock,1,3,0,2,2
9012,2,10/18/22,15:43,realblock,2,3,0,3,5
9012,2,10/18/22,15:43,realblock,3,4,0,2,7
9012,2,10/18/22,15:43,realblock,4,5,1,4,11
9012,2,10/18/22,15:43,realblock,5,2,0,2,13
9012,2,10/18/22,15:43,realblock,6,2,1,2,15
9012,2,10/18/22,15:43,realblock,7,5,1,2,17
9012,2,10/18/22,15:43,realblock,8,4,1,3,20
9013,2,10/19/22,09:49,realblock,1,4,0,4,4
9013,2,10/19/22,09:49,realblock,2,4,2,3,7
9013,2,10/19/22,09:49,realblock,3,5,2,4,11
9013,2,10/19/22,09:49,realblock,4,5,0,4,15
9013,2,10/19/22,09:49,realblock,5,2,0,2,17
9013,2,10/19/22,09:49,realblock,6,3,0,2,19
9013,2,10/19/22,09:49,realblock,7,2,0,1,20
9013,2,10/19/22,09:49,realblock,8,3,2,3,23
9014,2,10/19/22,10:12,realblock,1,5,0,2,2
9014,2,10/19/22,10:12,realblock,2,3,2,1,3
9014,2,10/19/22,10:12,realblock,3,5,2,1,4
9014,2,10/19/22,10:12,realblock,4,2,0,2,6
9014,2,10/19/22,10:12,realblock,5,2,0,2,8
9014,2,10/19/22,10:12,realblock,6,4,0,3,11
9014,2,10/19/22,10:12,realblock,7,4,1,2,13
9014,2,10/19/22,10:12,realblock,8,3,0,2,15
9015,2,10/19/22,12:37,realblock,1,2,0,2,2
9015,2,10/19/22,12:37,realblock,2,4,0,4,6
9015,2,10/19/22,12:37,realblock,3,5,0,4,10
9015,2,10/19/22,12:37,realblock,4,2,0,2,12
9015,2,10/19/22,12:37,realblock,5,3,0,3,15
9015,2,10/19/22,12:37,realblock,6,3,0,3,18
9015,2,10/19/22,12:37,realblock,7,5,0,5,23
9015,2,10/19/22,12:37,realblock,8,4,0,4,27
9016,2,10/19/22,12:31,realblock,1,4,1,4,4
9016,2,10/19/22,12:31,realblock,2,3,0,3,7
9016,2,10/19/22,12:31,realblock,3,2,1,2,9
9016,2,10/19/22,12:31,realblock,4,5,0,5,14
9016,2,10/19/22,12:31,realblock,5,5,0,5,19
9016,2,10/19/22,12:31,realblock,6,2,0,2,21
9016,2,10/19/22,12:31,realblock,7,3,0,3,24
9016,2,10/19/22,12:31,realblock,8,4,0,4,28
9017,2,10/19/22,12:32,realblock,1,3,1,3,3
9017,2,10/19/22,12:32,realblock,2,2,0,2,5
9017,2,10/19/22,12:32,realblock,3,3,0,3,8
9017,2,10/19/22,12:32,realblock,4,4,0,4,12
9017,2,10/19/22,12:32,realblock,5,4,0,4,16
9017,2,10/19/22,12:32,realblock,6,5,1,1,17
9017,2,10/19/22,12:32,realblock,7,2,0,2,19
9017,2,10/19/22,12:32,realblock,8,5,0,5,24
9018,2,10/19/22,15:52,realblock,1,3,0,3,3
9018,2,10/19/22,15:52,realblock,2,5,0,5,8
9018,2,10/19/22,15:52,realblock,3,5,0,5,13
9018,2,10/19/22,15:52,realblock,4,4,1,4,17
9018,2,10/19/22,15:52,realblock,5,4,0,4,21
9018,2,10/19/22,15:52,realblock,6,2,1,1,22
9018,2,10/19/22,15:52,realblock,7,2,0,2,24
9018,2,10/19/22,15:52,realblock,8,3,0,3,27
9019,2,10/19/22,15:46,realblock,1,5,0,5,5
9019,2,10/19/22,15:46,realblock,2,4,1,2,7
9019,2,10/19/22,15:46,realblock,3,3,0,3,10
9019,2,10/19/22,15:46,realblock,4,2,0,2,12
9019,2,10/19/22,15:46,realblock,5,3,0,2,14
9019,2,10/19/22,15:46,realblock,6,5,2,1,15
9019,2,10/19/22,15:46,realblock,7,4,1,4,19
9019,2,10/19/22,15:46,realblock,8,2,0,2,21
9020,2,10/19/22,15:40,realblock,1,5,0,2,2
9020,2,10/19/22,15:40,realblock,2,2,0,2,4
9020,2,10/19/22,15:40,realblock,3,5,0,5,9
9020,2,10/19/22,15:40,realblock,4,2,0,2,11
9020,2,10/19/22,15:40,realblock,5,3,0,0,11
9020,2,10/19/22,15:40,realblock,6,4,0,4,15
9020,2,10/19/22,15:40,realblock,7,4,0,4,19
9020,2,10/19/22,15:40,realblock,8,3,0,3,22
9021,2,10/20/22,12:43,realblock,1,3,0,3,3
9021,2,10/20/22,12:43,realblock,2,3,0,3,6
9021,2,10/20/22,12:43,realblock,3,5,0,5,11
9021,2,10/20/22,12:43,realblock,4,4,0,3,14
9021,2,10/20/22,12:43,realblock,5,5,1,4,18
9021,2,10/20/22,12:43,realblock,6,2,0,2,20
9021,2,10/20/22,12:43,realblock,7,2,0,2,22
9021,2,10/20/22,12:43,realblock,8,4,0,4,26
9022,2,10/20/22,12:27,realblock,1,4,0,4,4
9022,2,10/20/22,12:27,realblock,2,5,1,5,9
9022,2,10/20/22,12:27,realblock,3,2,0,2,11
9022,2,10/20/22,12:27,realblock,4,4,1,4,15
9022,2,10/20/22,12:27,realblock,5,3,0,2,17
9022,2,10/20/22,12:27,realblock,6,2,0,2,19
9022,2,10/20/22,12:27,realblock,7,3,0,3,22
9022,2,10/20/22,12:27,realblock,8,5,0,5,27
9023,2,10/20/22,12:37,realblock,1,5,0,5,5
9023,2,10/20/22,12:37,realblock,2,5,1,4,9
9023,2,10/20/22,12:37,realblock,3,2,0,2,11
9023,2,10/20/22,12:37,realblock,4,2,1,2,13
9023,2,10/20/22,12:37,realblock,5,4,0,4,17
9023,2,10/20/22,12:37,realblock,6,3,0,3,20
9023,2,10/20/22,12:37,realblock,7,3,0,3,23
9023,2,10/20/22,12:37,realblock,8,4,0,4,27
9024,2,10/20/22,15:34,realblock,1,4,0,4,4
9024,2,10/20/22,15:34,realblock,2,5,0,4,8
9024,2,10/20/22,15:34,realblock,3,2,0,2,10
9024,2,10/20/22,15:34,realblock,4,4,1,3,13
9024,2,10/20/22,15:34,realblock,5,3,0,2,15
9024,2,10/20/22,15:34,realblock,6,2,0,2,17
9024,2,10/20/22,15:34,realblock,7,5,0,5,22
9024,2,10/20/22,15:34,realblock,8,3,0,0,22
9025,2,10/27/22,15:44,realblock,1,2,0,2,2
9025,2,10/27/22,15:44,realblock,2,5,1,1,3
9025,2,10/27/22,15:44,realblock,3,3,0,3,6
9025,2,10/27/22,15:44,realblock,4,5,0,5,11
9025,2,10/27/22,15:44,realblock,5,2,0,2,13
9025,2,10/27/22,15:44,realblock,6,4,0,4,17
9025,2,10/27/22,15:44,realblock,7,4,0,4,21
9025,2,10/27/22,15:44,realblock,8,3,0,3,24
9026,2,10/26/22,10:12,realblock,1,4,0,4,4
9026,2,10/26/22,10:12,realblock,2,3,0,3,7
9026,2,10/26/22,10:12,realblock,3,4,0,4,11
9026,2,10/26/22,10:12,realblock,4,5,0,5,16
9026,2,10/26/22,10:12,realblock,5,2,0,2,18
9026,2,10/26/22,10:12,realblock,6,2,0,2,20
9026,2,10/26/22,10:12,realblock,7,3,0,3,23
9026,2,10/26/22,10:12,realblock,8,5,0,5,28
9027,2,10/21/22,10:03,realblock,1,5,1,2,2
9027,2,10/21/22,10:03,realblock,2,4,1,4,6
9027,2,10/21/22,10:03,realblock,3,2,0,2,8
9027,2,10/21/22,10:03,realblock,4,3,0,0,8
9027,2,10/21/22,10:03,realblock,5,2,0,1,9
9027,2,10/21/22,10:03,realblock,6,4,0,2,11
9027,2,10/21/22,10:03,realblock,7,5,0,0,11
9027,2,10/21/22,10:03,realblock,8,3,0,0,11
9028,2,10/21/22,09:41,realblock,1,3,2,2,2
9028,2,10/21/22,09:41,realblock,2,2,0,2,4
9028,2,10/21/22,09:41,realblock,3,3,1,3,7
9028,2,10/21/22,09:41,realblock,4,5,2,4,11
9028,2,10/21/22,09:41,realblock,5,5,1,4,15
9028,2,10/21/22,09:41,realblock,6,4,3,4,19
9028,2,10/21/22,09:41,realblock,7,2,0,2,21
9028,2,10/21/22,09:41,realblock,8,4,1,3,24
9029,2,10/21/22,12:40,realblock,1,5,0,5,5
9029,2,10/21/22,12:40,realblock,2,4,2,2,7
9029,2,10/21/22,12:40,realblock,3,3,1,2,9
9029,2,10/21/22,12:40,realblock,4,4,0,2,11
9029,2,10/21/22,12:40,realblock,5,3,0,3,14
9029,2,10/21/22,12:40,realblock,6,2,0,2,16
9029,2,10/21/22,12:40,realblock,7,2,1,2,18
9029,2,10/21/22,12:40,realblock,8,5,0,4,22
9030,2,10/21/22,12:34,realblock,1,2,0,1,1
9030,2,10/21/22,12:34,realblock,2,4,1,2,3
9030,2,10/21/22,12:34,realblock,3,3,0,3,6
9030,2,10/21/22,12:34,realblock,4,2,0,2,8
9030,2,10/21/22,12:34,realblock,5,5,0,0,8
9030,2,10/21/22,12:34,realblock,6,5,1,1,9
9030,2,10/21/22,12:34,realblock,7,3,2,1,10
9030,2,10/21/22,12:34,realblock,8,4,2,1,11
9031,2,10/21/22,13:05,realblock,1,4,1,4,4
9031,2,10/21/22,13:05,realblock,2,5,0,3,7
9031,2,10/21/22,13:05,realblock,3,3,0,3,10
9031,2,10/21/22,13:05,realblock,4,2,0,2,12
9031,2,10/21/22,13:05,realblock,5,5,0,5,17
9031,2,10/21/22,13:05,realblock,6,3,0,3,20
9031,2,10/21/22,13:05,realblock,7,4,0,1,21
9031,2,10/21/22,13:05,realblock,8,2,0,2,23
9032,2,10/21/2022,15:26,realblock,1,4,0,4,4
9032,2,10/21/2022,15:26,realblock,2,3,0,3,7
9032,2,10/21/2022,15:26,realblock,3,4,0,2,9
9032,2,10/21/2022,15:26,realblock,4,5,1,1,10
9032,2,10/21/2022,15:26,realblock,5,3,0,3,13
9032,2,10/21/2022,15:26,realblock,6,2,0,2,15
9032,2,10/21/2022,15:26,realblock,7,5,0,2,17
9032,2,10/21/2022,15:26,realblock,8,2,0,2,19
9033,2,10/21/22,15:35,realblock,1,2,0,2,2
9033,2,10/21/22,15:35,realblock,2,5,0,5,7
9033,2,10/21/22,15:35,realblock,3,4,0,4,11
9033,2,10/21/22,15:35,realblock,4,5,0,5,16
9033,2,10/21/22,15:35,realblock,5,3,0,3,19
9033,2,10/21/22,15:35,realblock,6,2,0,2,21
9033,2,10/21/22,15:35,realblock,7,3,0,3,24
9033,2,10/21/22,15:35,realblock,8,4,1,4,28
9034,2,10/21/22,15:38,realblock,1,4,1,4,4
9034,2,10/21/22,15:38,realblock,2,3,2,3,7
9034,2,10/21/22,15:38,realblock,3,3,1,3,10
9034,2,10/21/22,15:38,realblock,4,2,1,2,12
9034,2,10/21/22,15:38,realblock,5,5,2,1,13
9034,2,10/21/22,15:38,realblock,6,2,0,2,15
9034,2,10/21/22,15:38,realblock,7,5,1,4,19
9034,2,10/21/22,15:38,realblock,8,4,1,4,23
9035,2,11/14/22,12:33,realblock,1,2,0,2,2
9035,2,11/14/22,12:33,realblock,2,3,0,3,5
9035,2,11/14/22,12:33,realblock,3,4,1,1,6
9035,2,11/14/22,12:33,realblock,4,5,0,4,10
9035,2,11/14/22,12:33,realblock,5,5,0,4,14
9035,2,11/14/22,12:33,realblock,6,4,0,1,15
9035,2,11/14/22,12:33,realblock,7,3,0,3,18
9035,2,11/14/22,12:33,realblock,8,2,0,2,20
9036,2,11/14/22,12:44,realblock,1,3,0,3,3
9036,2,11/14/22,12:44,realblock,2,3,0,3,6
9036,2,11/14/22,12:44,realblock,3,2,0,2,8
9036,2,11/14/22,12:44,realblock,4,4,0,4,12
9036,2,11/14/22,12:44,realblock,5,5,0,5,17
9036,2,11/14/22,12:44,realblock,6,5,0,5,22
9036,2,11/14/22,12:44,realblock,7,4,0,3,25
9036,2,11/14/22,12:44,realblock,8,2,0,2,27
9037,2,11/14/22,12:30,realblock,1,2,0,2,2
9037,2,11/14/22,12:30,realblock,2,4,0,4,6
9037,2,11/14/22,12:30,realblock,3,2,0,2,8
9037,2,11/14/22,12:30,realblock,4,4,0,4,12
9037,2,11/14/22,12:30,realblock,5,5,1,4,16
9037,2,11/14/22,12:30,realblock,6,5,0,3,19
9037,2,11/14/22,12:30,realblock,7,3,0,3,22
9037,2,11/14/22,12:30,realblock,8,3,0,1,23
9038,2,11/14/22,15:47,realblock,1,4,1,4,4
9038,2,11/14/22,15:47,realblock,2,2,0,2,6
9038,2,11/14/22,15:47,realblock,3,5,4,3,9
9038,2,11/14/22,15:47,realblock,4,3,2,0,9
9038,2,11/14/22,15:47,realblock,5,4,3,0,9
9038,2,11/14/22,15:47,realblock,6,2,1,1,10
9038,2,11/14/22,15:47,realblock,7,5,3,1,11
9038,2,11/14/22,15:47,realblock,8,3,0,3,14
9039,2,11/14/22,15:52,realblock,1,3,1,2,2
9039,2,11/14/22,15:52,realblock,2,4,2,0,2
9039,2,11/14/22,15:52,realblock,3,5,3,0,2
9039,2,11/14/22,15:52,realblock,4,2,0,2,4
9039,2,11/14/22,15:52,realblock,5,3,3,1,5
9039,2,11/14/22,15:52,realblock,6,4,2,3,8
9039,2,11/14/22,15:52,realblock,7,2,0,2,10
9039,2,11/14/22,15:52,realblock,8,5,1,4,14
9041,2,11/15/22,09:47,realblock,1,2,0,2,2
9041,2,11/15/22,09:47,realblock,2,4,0,4,6
9041,2,11/15/22,09:47,realblock,3,5,0,5,11
9041,2,11/15/22,09:47,realblock,4,3,0,3,14
9041,2,11/15/22,09:47,realblock,5,4,1,2,16
9041,2,11/15/22,09:47,realblock,6,5,0,1,17
9041,2,11/15/22,09:47,realblock,7,2,0,2,19
9041,2,11/15/22,09:47,realblock,8,3,0,3,22
9042,2,11/15/22,09:37,realblock,1,3,1,3,3
9042,2,11/15/22,09:37,realblock,2,2,0,2,5
9042,2,11/15/22,09:37,realblock,3,4,0,2,7
9042,2,11/15/22,09:37,realblock,4,2,0,2,9
9042,2,11/15/22,09:37,realblock,5,3,0,3,12
9042,2,11/15/22,09:37,realblock,6,5,1,1,13
9042,2,11/15/22,09:37,realblock,7,4,0,4,17
9042,2,11/15/22,09:37,realblock,8,5,0,4,21
9044,2,11/15/22,12:49,realblock,1,2,0,2,2
9044,2,11/15/22,12:49,realblock,2,5,2,2,4
9044,2,11/15/22,12:49,realblock,3,4,1,4,8
9044,2,11/15/22,12:49,realblock,4,3,2,2,10
9044,2,11/15/22,12:49,realblock,5,3,0,3,13
9044,2,11/15/22,12:49,realblock,6,2,0,2,15
9044,2,11/15/22,12:49,realblock,7,5,0,5,20
9044,2,11/15/22,12:49,realblock,8,4,1,2,22
9045,2,11/15/22,12:53,realblock,1,3,2,2,2
9045,2,11/15/22,12:53,realblock,2,5,2,2,4
9045,2,11/15/22,12:53,realblock,3,2,1,1,5
9045,2,11/15/22,12:53,realblock,4,3,1,0,5
9045,2,11/15/22,12:53,realblock,5,4,0,0,5
9045,2,11/15/22,12:53,realblock,6,2,0,2,7
9045,2,11/15/22,12:53,realblock,7,4,0,0,7
9045,2,11/15/22,12:53,realblock,8,5,1,0,7
9046,2,11/15/22,15:36,realblock,1,2,1,2,2
9046,2,11/15/22,15:36,realblock,2,4,3,0,2
9046,2,11/15/22,15:36,realblock,3,2,0,2,4
9046,2,11/15/22,15:36,realblock,4,5,1,5,9
9046,2,11/15/22,15:36,realblock,5,5,1,5,14
9046,2,11/15/22,15:36,realblock,6,4,1,0,14
9046,2,11/15/22,15:36,realblock,7,3,0,3,17
9046,2,11/15/22,15:36,realblock,8,3,0,3,20
9047,2,11/15/22,15:32,realblock,1,5,0,4,4
9047,2,11/15/22,15:32,realblock,2,3,0,3,7
9047,2,11/15/22,15:32,realblock,3,4,0,4,11
9047,2,11/15/22,15:32,realblock,4,4,2,4,15
9047,2,11/15/22,15:32,realblock,5,3,0,3,18
9047,2,11/15/22,15:32,realblock,6,2,0,2,20
9047,2,11/15/22,15:32,realblock,7,5,0,5,25
9047,2,11/15/22,15:32,realblock,8,2,0,2,27
9048,2,11/14/22,09:47,realblock,1,4,0,4,4
9048,2,11/14/22,09:47,realblock,2,3,0,3,7
9048,2,11/14/22,09:47,realblock,3,5,0,5,12
9048,2,11/14/22,09:47,realblock,4,5,1,5,17
9048,2,11/14/22,09:47,realblock,5,2,0,2,19
9048,2,11/14/22,09:47,realblock,6,3,0,3,22
9048,2,11/14/22,09:47,realblock,7,4,0,4,26
9048,2,11/14/22,09:47,realblock,8,2,0,2,28
9049,2,11/16/22,09:53,realblock,1,4,4,0,0
9049,2,11/16/22,09:53,realblock,2,5,0,5,5
9049,2,11/16/22,09:53,realblock,3,5,2,1,6
9049,2,11/16/22,09:53,realblock,4,2,2,1,7
9049,2,11/16/22,09:53,realblock,5,3,1,3,10
9049,2,11/16/22,09:53,realblock,6,3,0,3,13
9049,2,11/16/22,09:53,realblock,7,2,0,2,15
9049,2,11/16/22,09:53,realblock,8,4,1,1,16
9050,2,11/16/22,09:33,realblock,1,2,0,2,2
9050,2,11/16/22,09:33,realblock,2,4,0,4,6
9050,2,11/16/22,09:33,realblock,3,5,1,5,11
9050,2,11/16/22,09:33,realblock,4,2,0,2,13
9050,2,11/16/22,09:33,realblock,5,5,1,5,18
9050,2,11/16/22,09:33,realblock,6,3,0,3,21
9050,2,11/16/22,09:33,realblock,7,3,0,3,24
9050,2,11/16/22,09:33,realblock,8,4,0,4,28
9051,2,11/16/22,10:06,realblock,1,2,1,2,2
9051,2,11/16/22,10:06,realblock,2,4,1,3,5
9051,2,11/16/22,10:06,realblock,3,3,0,3,8
9051,2,11/16/22,10:06,realblock,4,4,1,4,12
9051,2,11/16/22,10:06,realblock,5,2,0,2,14
9051,2,11/16/22,10:06,realblock,6,5,0,5,19
9051,2,11/16/22,10:06,realblock,7,5,0,4,23
9051,2,11/16/22,10:06,realblock,8,3,0,3,26
9052,2,11/16/22,12:28,realblock,1,3,3,2,2
9052,2,11/16/22,12:28,realblock,2,4,1,3,5
9052,2,11/16/22,12:28,realblock,3,2,2,2,7
9052,2,11/16/22,12:28,realblock,4,2,0,2,9
9052,2,11/16/22,12:28,realblock,5,4,0,1,10
9052,2,11/16/22,12:28,realblock,6,3,2,1,11
9052,2,11/16/22,12:28,realblock,7,5,1,5,16
9052,2,11/16/22,12:28,realblock,8,5,2,1,17
9053,2,11/16/22,12:33,realblock,1,5,0,5,5
9053,2,11/16/22,12:33,realblock,2,2,0,2,7
9053,2,11/16/22,12:33,realblock,3,5,0,3,10
9053,2,11/16/22,12:33,realblock,4,4,0,1,11
9053,2,11/16/22,12:33,realblock,5,2,1,2,13
9053,2,11/16/22,12:33,realblock,6,3,0,3,16
9053,2,11/16/22,12:33,realblock,7,4,1,0,16
9053,2,11/16/22,12:33,realblock,8,3,0,3,19
9054,2,11/16/22,12:54,realblock,1,2,0,2,2
9054,2,11/16/22,12:54,realblock,2,4,0,4,6
9054,2,11/16/22,12:54,realblock,3,2,0,2,8
9054,2,11/16/22,12:54,realblock,4,5,0,5,13
9054,2,11/16/22,12:54,realblock,5,3,0,3,16
9054,2,11/16/22,12:54,realblock,6,3,1,3,19
9054,2,11/16/22,12:54,realblock,7,4,0,4,23
9054,2,11/16/22,12:54,realblock,8,5,0,5,28
9055,2,11/16/22,15:43,realblock,1,5,1,4,4
9055,2,11/16/22,15:43,realblock,2,4,0,4,8
9055,2,11/16/22,15:43,realblock,3,2,0,2,10
9055,2,11/16/22,15:43,realblock,4,5,0,5,15
9055,2,11/16/22,15:43,realblock,5,3,0,2,17
9055,2,11/16/22,15:43,realblock,6,2,0,2,19
9055,2,11/16/22,15:43,realblock,7,4,0,4,23
9055,2,11/16/22,15:43,realblock,8,3,0,2,25
9056,2,11/16/22,15:41,realblock,1,5,0,5,5
9056,2,11/16/22,15:41,realblock,2,2,0,2,7
9056,2,11/16/22,15:41,realblock,3,5,0,5,12
9056,2,11/16/22,15:41,realblock,4,4,0,4,16
9056,2,11/16/22,15:41,realblock,5,4,0,4,20
9056,2,11/16/22,15:41,realblock,6,3,0,3,23
9056,2,11/16/22,15:41,realblock,7,3,0,3,26
9056,2,11/16/22,15:41,realblock,8,2,1,2,28
9057,2,11/16/22,15:37,realblock,1,4,1,4,4
9057,2,11/16/22,15:37,realblock,2,2,0,1,5
9057,2,11/16/22,15:37,realblock,3,3,2,0,5
9057,2,11/16/22,15:37,realblock,4,5,0,3,8
9057,2,11/16/22,15:37,realblock,5,2,1,2,10
9057,2,11/16/22,15:37,realblock,6,5,3,0,10
9057,2,11/16/22,15:37,realblock,7,3,1,3,13
9057,2,11/16/22,15:37,realblock,8,4,1,3,16
9058,2,11/21/22,09:43,realblock,1,4,0,4,4
9058,2,11/21/22,09:43,realblock,2,2,0,2,6
9058,2,11/21/22,09:43,realblock,3,2,0,2,8
9058,2,11/21/22,09:43,realblock,4,3,0,3,11
9058,2,11/21/22,09:43,realblock,5,5,1,5,16
9058,2,11/21/22,09:43,realblock,6,4,0,4,20
9058,2,11/21/22,09:43,realblock,7,3,0,3,23
9058,2,11/21/22,09:43,realblock,8,5,0,5,28
9059,2,02/20/23,12:35,realblock,1,3,0,3,3
9059,2,02/20/23,12:35,realblock,2,2,0,1,4
9059,2,02/20/23,12:35,realblock,3,3,1,3,7
9059,2,02/20/23,12:35,realblock,4,2,1,2,9
9059,2,02/20/23,12:35,realblock,5,5,3,0,9
9059,2,02/20/23,12:35,realblock,6,4,1,4,13
9059,2,02/20/23,12:35,realblock,7,4,0,4,17
9059,2,02/20/23,12:35,realblock,8,5,1,5,22
9060,2,02/20/23,12:38,realblock,1,5,0,5,5
9060,2,02/20/23,12:38,realblock,2,4,0,4,9
9060,2,02/20/23,12:38,realblock,3,5,1,5,14
9060,2,02/20/23,12:38,realblock,4,4,1,4,18
9060,2,02/20/23,12:38,realblock,5,2,0,2,20
9060,2,02/20/23,12:38,realblock,6,3,0,3,23
9060,2,02/20/23,12:38,realblock,7,3,0,2,25
9060,2,02/20/23,12:38,realblock,8,2,0,2,27
9061,2,02/20/23,12:45,realblock,1,3,0,3,3
9061,2,02/20/23,12:45,realblock,2,2,1,2,5
9061,2,02/20/23,12:45,realblock,3,4,0,4,9
9061,2,02/20/23,12:45,realblock,4,2,0,2,11
9061,2,02/20/23,12:45,realblock,5,4,0,3,14
9061,2,02/20/23,12:45,realblock,6,5,1,1,15
9061,2,02/20/23,12:45,realblock,7,5,0,5,20
9061,2,02/20/23,12:45,realblock,8,3,0,3,23
9062,2,02/20/23,15:39,realblock,1,3,0,3,3
9062,2,02/20/23,15:39,realblock,2,4,0,4,7
9062,2,02/20/23,15:39,realblock,3,4,0,4,11
9062,2,02/20/23,15:39,realblock,4,5,0,2,13
9062,2,02/20/23,15:39,realblock,5,3,0,3,16
9062,2,02/20/23,15:39,realblock,6,5,1,1,17
9062,2,02/20/23,15:39,realblock,7,2,0,2,19
9062,2,02/20/23,15:39,realblock,8,2,2,0,19
9063,2,02/20/23,15:40,realblock,1,4,0,1,1
9063,2,02/20/23,15:40,realblock,2,2,0,2,3
9063,2,02/20/23,15:40,realblock,3,5,0,2,5
9063,2,02/20/23,15:40,realblock,4,4,3,0,5
9063,2,02/20/23,15:40,realblock,5,5,1,1,6
9063,2,02/20/23,15:40,realblock,6,3,0,3,9
9063,2,02/20/23,15:40,realblock,7,3,0,1,10
9063,2,02/20/23,15:40,realblock,8,2,1,1,11
9065,2,02/21/23,09:47,realblock,1,2,2,2,2
9065,2,02/21/23,09:47,realblock,2,3,2,3,5
9065,2,02/21/23,09:47,realblock,3,4,4,0,5
9065,2,02/21/23,09:47,realblock,4,5,5,5,10
9065,2,02/21/23,09:47,realblock,5,5,5,5,15
9065,2,02/21/23,09:47,realblock,6,2,2,2,17
9065,2,02/21/23,09:47,realblock,7,3,3,2,19
9065,2,02/21/23,09:47,realblock,8,4,4,4,23
9066,2,02/21/23,09:38,realblock,1,3,0,3,3
9066,2,02/21/23,09:38,realblock,2,5,0,3,6
9066,2,02/21/23,09:38,realblock,3,4,0,4,10
9066,2,02/21/23,09:38,realblock,4,4,0,4,14
9066,2,02/21/23,09:38,realblock,5,5,0,5,19
9066,2,02/21/23,09:38,realblock,6,2,0,2,21
9066,2,02/21/23,09:38,realblock,7,2,0,2,23
9066,2,02/21/23,09:38,realblock,8,3,0,3,26
9067,2,02/21/23,09:31,realblock,1,4,0,4,4
9067,2,02/21/23,09:31,realblock,2,3,1,2,6
9067,2,02/21/23,09:31,realblock,3,5,0,5,11
9067,2,02/21/23,09:31,realblock,4,2,0,2,13
9067,2,02/21/23,09:31,realblock,5,2,0,2,15
9067,2,02/21/23,09:31,realblock,6,4,1,4,19
9067,2,02/21/23,09:31,realblock,7,5,0,4,23
9067,2,02/21/23,09:31,realblock,8,3,0,3,26
9068,2,02/21/23,12:46,realblock,1,3,1,3,3
9068,2,02/21/23,12:46,realblock,2,4,0,3,6
9068,2,02/21/23,12:46,realblock,3,2,0,2,8
9068,2,02/21/23,12:46,realblock,4,4,0,4,12
9068,2,02/21/23,12:46,realblock,5,5,0,1,13
9068,2,02/21/23,12:46,realblock,6,5,1,3,16
9068,2,02/21/23,12:46,realblock,7,2,0,2,18
9068,2,02/21/23,12:46,realblock,8,3,0,3,21
9069,2,02/21/23,12:50,realblock,1,5,0,3,3
9069,2,02/21/23,12:50,realblock,2,2,0,1,4
9069,2,02/21/23,12:50,realblock,3,3,2,1,5
9069,2,02/21/23,12:50,realblock,4,4,0,3,8
9069,2,02/21/23,12:50,realblock,5,3,1,3,11
9069,2,02/21/23,12:50,realblock,6,4,1,1,12
9069,2,02/21/23,12:50,realblock,7,2,1,2,14
9069,2,02/21/23,12:50,realblock,8,5,0,5,19
9071,2,02/22/23,09:48,realblock,1,2,0,2,2
9071,2,02/22/23,09:48,realblock,2,4,0,4,6
9071,2,02/22/23,09:48,realblock,3,2,0,2,8
9071,2,02/22/23,09:48,realblock,4,5,0,4,12
9071,2,02/22/23,09:48,realblock,5,5,0,4,16
9071,2,02/22/23,09:48,realblock,6,4,0,3,19
9071,2,02/22/23,09:48,realblock,7,3,0,3,22
9071,2,02/22/23,09:48,realblock,8,3,0,3,25
9072,2,02/21/23,15:53,realblock,1,2,0,2,2
9072,2,02/21/23,15:53,realblock,2,2,0,2,4
9072,2,02/21/23,15:53,realblock,3,3,1,2,6
9072,2,02/21/23,15:53,realblock,4,5,0,0,6
9072,2,02/21/23,15:53,realblock,5,4,0,4,10
9072,2,02/21/23,15:53,realblock,6,5,0,5,15
9072,2,02/21/23,15:53,realblock,7,3,0,3,18
9072,2,02/21/23,15:53,realblock,8,4,0,4,22
9073,2,02/21/23,15:45,realblock,1,4,2,3,3
9073,2,02/21/23,15:45,realblock,2,3,2,2,5
9073,2,02/21/23,15:45,realblock,3,3,0,3,8
9073,2,02/21/23,15:45,realblock,4,2,1,2,10
9073,2,02/21/23,15:45,realblock,5,5,4,4,14
9073,2,02/21/23,15:45,realblock,6,4,2,4,18
9073,2,02/21/23,15:45,realblock,7,5,1,0,18
9073,2,02/21/23,15:45,realblock,8,2,0,2,20
9074,2,02/22/23,09:59,realblock,1,2,0,2,2
9074,2,02/22/23,09:59,realblock,2,5,0,5,7
9074,2,02/22/23,09:59,realblock,3,4,0,4,11
9074,2,02/22/23,09:59,realblock,4,2,0,2,13
9074,2,02/22/23,09:59,realblock,5,3,0,3,16
9074,2,02/22/23,09:59,realblock,6,3,0,3,19
9074,2,02/22/23,09:59,realblock,7,4,0,4,23
9074,2,02/22/23,09:59,realblock,8,5,0,5,28
9076,2,02/22/23,09:33,realblock,1,2,0,2,2
9076,2,02/22/23,09:33,realblock,2,5,0,4,6
9076,2,02/22/23,09:33,realblock,3,5,4,3,9
9076,2,02/22/23,09:33,realblock,4,4,3,0,9
9076,2,02/22/23,09:33,realblock,5,3,1,2,11
9076,2,02/22/23,09:33,realblock,6,2,0,2,13
9076,2,02/22/23,09:33,realblock,7,4,2,3,16
9076,2,02/22/23,09:33,realblock,8,3,1,3,19
9077,2,02/22/23,12:46,realblock,1,3,1,2,2
9077,2,02/22/23,12:46,realblock,2,4,0,4,6
9077,2,02/22/23,12:46,realblock,3,4,1,3,9
9077,2,02/22/23,12:46,realblock,4,2,1,2,11
9077,2,02/22/23,12:46,realblock,5,3,0,3,14
9077,2,02/22/23,12:46,realblock,6,5,1,4,18
9077,2,02/22/23,12:46,realblock,7,2,1,2,20
9077,2,02/22/23,12:46,realblock,8,5,2,3,23
9078,2,02/22/23,12:43,realblock,1,2,0,2,2
9078,2,02/22/23,12:43,realblock,2,5,0,5,7
9078,2,02/22/23,12:43,realblock,3,4,0,4,11
9078,2,02/22/23,12:43,realblock,4,3,0,3,14
9078,2,02/22/23,12:43,realblock,5,2,0,2,16
9078,2,02/22/23,12:43,realblock,6,3,0,2,18
9078,2,02/22/23,12:43,realblock,7,5,0,5,23
9078,2,02/22/23,12:43,realblock,8,4,0,4,27
9079,2,02/22/23,12:39,realblock,1,4,0,4,4
9079,2,02/22/23,12:39,realblock,2,2,0,2,6
9079,2,02/22/23,12:39,realblock,3,5,0,4,10
9079,2,02/22/23,12:39,realblock,4,3,1,3,13
9079,2,02/22/23,12:39,realblock,5,5,0,3,16
9079,2,02/22/23,12:39,realblock,6,3,0,3,19
9079,2,02/22/23,12:39,realblock,7,4,0,1,20
9079,2,02/22/23,12:39,realblock,8,2,0,2,22
9080,2,02/24/23,12:44,realblock,1,2,0,2,2
9080,2,02/24/23,12:44,realblock,2,5,0,3,5
9080,2,02/24/23,12:44,realblock,3,2,0,2,7
9080,2,02/24/23,12:44,realblock,4,4,0,2,9
9080,2,02/24/23,12:44,realblock,5,5,0,5,14
9080,2,02/24/23,12:44,realblock,6,3,0,3,17
9080,2,02/24/23,12:44,realblock,7,4,1,4,21
9080,2,02/24/23,12:44,realblock,8,3,0,3,24
9081,2,02/22/23,15:34,realblock,1,3,0,3,3
9081,2,02/22/23,15:34,realblock,2,4,0,4,7
9081,2,02/22/23,15:34,realblock,3,4,0,4,11
9081,2,02/22/23,15:34,realblock,4,5,1,5,16
9081,2,02/22/23,15:34,realblock,5,5,0,5,21
9081,2,02/22/23,15:34,realblock,6,2,1,2,23
9081,2,02/22/23,15:34,realblock,7,2,0,1,24
9081,2,02/22/23,15:34,realblock,8,3,0,3,27
9082,2,02/23/23,09:35,realblock,1,5,1,2,2
9082,2,02/23/23,09:35,realblock,2,2,0,2,4
9082,2,02/23/23,09:35,realblock,3,5,0,3,7
9082,2,02/23/23,09:35,realblock,4,4,0,3,10
9082,2,02/23/23,09:35,realblock,5,3,1,1,11
9082,2,02/23/23,09:35,realblock,6,4,0,4,15
9082,2,02/23/23,09:35,realblock,7,3,0,2,17
9082,2,02/23/23,09:35,realblock,8,2,0,2,19
9083,2,02/23/23,12:47,realblock,1,4,0,4,4
9083,2,02/23/23,12:47,realblock,2,5,2,5,9
9083,2,02/23/23,12:47,realblock,3,4,0,4,13
9083,2,02/23/23,12:47,realblock,4,3,0,3,16
9083,2,02/23/23,12:47,realblock,5,3,0,3,19
9083,2,02/23/23,12:47,realblock,6,2,0,2,21
9083,2,02/23/23,12:47,realblock,7,2,0,2,23
9083,2,02/23/23,12:47,realblock,8,5,1,5,28
9084,2,02/23/23,12:52,realblock,1,5,2,1,1
9084,2,02/23/23,12:52,realblock,2,4,0,4,5
9084,2,02/23/23,12:52,realblock,3,3,0,3,8
9084,2,02/23/23,12:52,realblock,4,2,0,2,10
9084,2,02/23/23,12:52,realblock,5,2,0,2,12
9084,2,02/23/23,12:52,realblock,6,3,2,3,15
9084,2,02/23/23,12:52,realblock,7,4,1,1,16
9084,2,02/23/23,12:52,realblock,8,5,0,3,19
9085,2,02/23/23,12:54,realblock,1,4,0,4,4
9085,2,02/23/23,12:54,realblock,2,2,0,2,6
9085,2,02/23/23,12:54,realblock,3,4,0,3,9
9085,2,02/23/23,12:54,realblock,4,2,0,2,11
9085,2,02/23/23,12:54,realblock,5,5,0,5,16
9085,2,02/23/23,12:54,realblock,6,5,0,4,20
9085,2,02/23/23,12:54,realblock,7,3,0,3,23
9085,2,02/23/23,12:54,realblock,8,3,0,3,26
9087,2,02/23/23,16:00,realblock,1,3,0,3,3
9087,2,02/23/23,16:00,realblock,2,2,0,2,5
9087,2,02/23/23,16:00,realblock,3,5,0,5,10
9087,2,02/23/23,16:00,realblock,4,3,0,3,13
9087,2,02/23/23,16:00,realblock,5,2,0,2,15
9087,2,02/23/23,16:00,realblock,6,5,1,5,20
9087,2,02/23/23,16:00,realblock,7,4,0,4,24
9087,2,02/23/23,16:00,realblock,8,4,0,4,28
9088,2,02/23/23,15:47,realblock,1,5,0,1,1
9088,2,02/23/23,15:47,realblock,2,2,0,2,3
9088,2,02/23/23,15:47,realblock,3,4,0,4,7
9088,2,02/23/23,15:47,realblock,4,3,0,0,7
9088,2,02/23/23,15:47,realblock,5,2,0,2,9
9088,2,02/23/23,15:47,realblock,6,3,0,3,12
9088,2,02/23/23,15:47,realblock,7,4,0,2,14
9088,2,02/23/23,15:47,realblock,8,5,0,3,17
9089,2,02/24/23,09:31,realblock,1,5,1,0,0
9089,2,02/24/23,09:31,realblock,2,2,0,1,1
9089,2,02/24/23,09:31,realblock,3,3,1,2,3
9089,2,02/24/23,09:31,realblock,4,5,1,0,3
9089,2,02/24/23,09:31,realblock,5,3,1,0,3
9089,2,02/24/23,09:31,realblock,6,2,2,0,3
9089,2,02/24/23,09:31,realblock,7,4,1,0,3
9089,2,02/24/23,09:31,realblock,8,4,1,0,3
9090,2,02/24/23,09:40,realblock,1,2,0,2,2
9090,2,02/24/23,09:40,realblock,2,3,0,3,5
9090,2,02/24/23,09:40,realblock,3,3,0,3,8
9090,2,02/24/23,09:40,realblock,4,4,0,4,12
9090,2,02/24/23,09:40,realblock,5,2,0,2,14
9090,2,02/24/23,09:40,realblock,6,5,0,4,18
9090,2,02/24/23,09:40,realblock,7,4,0,4,22
9090,2,02/24/23,09:40,realblock,8,5,0,5,27
9091,2,02/24/23,10:25,realblock,1,3,0,3,3
9091,2,02/24/23,10:25,realblock,2,4,0,4,7
9091,2,02/24/23,10:25,realblock,3,5,0,5,12
9091,2,02/24/23,10:25,realblock,4,2,0,2,14
9091,2,02/24/23,10:25,realblock,5,3,0,0,14
9091,2,02/24/23,10:25,realblock,6,2,0,2,16
9091,2,02/24/23,10:25,realblock,7,5,0,4,20
9091,2,02/24/23,10:25,realblock,8,4,0,4,24
9092,2,02/24/23,12:29,realblock,1,2,0,2,2
9092,2,02/24/23,12:29,realblock,2,5,2,3,5
9092,2,02/24/23,12:29,realblock,3,3,0,3,8
9092,2,02/24/23,12:29,realblock,4,5,1,3,11
9092,2,02/24/23,12:29,realblock,5,4,0,2,13
9092,2,02/24/23,12:29,realblock,6,4,0,4,17
9092,2,02/24/23,12:29,realblock,7,2,1,2,19
9092,2,02/24/23,12:29,realblock,8,3,2,3,22
9093,2,02/24/23,12:46,realblock,1,3,1,3,3
9093,2,02/24/23,12:46,realblock,2,4,1,4,7
9093,2,02/24/23,12:46,realblock,3,3,0,3,10
9093,2,02/24/23,12:46,realblock,4,2,1,2,12
9093,2,02/24/23,12:46,realblock,5,4,0,3,15
9093,2,02/24/23,12:46,realblock,6,2,0,2,17
9093,2,02/24/23,12:46,realblock,7,5,1,3,20
9093,2,02/24/23,12:46,realblock,8,5,1,0,20
9095,2,02/24/23,15:37,realblock,1,2,0,2,2
9095,2,02/24/23,15:37,realblock,2,3,0,3,5
9095,2,02/24/23,15:37,realblock,3,4,0,4,9
9095,2,02/24/23,15:37,realblock,4,4,1,2,11
9095,2,02/24/23,15:37,realblock,5,3,0,3,14
9095,2,02/24/23,15:37,realblock,6,5,0,5,19
9095,2,02/24/23,15:37,realblock,7,5,0,3,22
9095,2,02/24/23,15:37,realblock,8,2,0,2,24
9096,2,02/24/23,15:36,realblock,1,5,0,1,1
9096,2,02/24/23,15:36,realblock,2,2,0,2,3
9096,2,02/24/23,15:36,realblock,3,4,0,4,7
9096,2,02/24/23,15:36,realblock,4,2,0,2,9
9096,2,02/24/23,15:36,realblock,5,5,0,1,10
9096,2,02/24/23,15:36,realblock,6,3,0,3,13
9096,2,02/24/23,15:36,realblock,7,4,0,4,17
9096,2,02/24/23,15:36,realblock,8,3,0,3,20
9097,2,02/24/23,15:48,realblock,1,2,0,1,1
9097,2,02/24/23,15:48,realblock,2,4,0,4,5
9097,2,02/24/23,15:48,realblock,3,5,0,3,8
9097,2,02/24/23,15:48,realblock,4,3,0,3,11
9097,2,02/24/23,15:48,realblock,5,4,0,4,15
9097,2,02/24/23,15:48,realblock,6,5,0,2,17
9097,2,02/24/23,15:48,realblock,7,3,0,3,20
9097,2,02/24/23,15:48,realblock,8,2,0,2,22
9098,2,04/14/23,09:48,realblock,1,3,0,3,3
9098,2,04/14/23,09:48,realblock,2,2,0,2,5
9098,2,04/14/23,09:48,realblock,3,3,0,0,5
9098,2,04/14/23,09:48,realblock,4,2,1,1,6
9098,2,04/14/23,09:48,realblock,5,4,0,4,10
9098,2,04/14/23,09:48,realblock,6,5,0,5,15
9098,2,04/14/23,09:48,realblock,7,5,1,1,16
9098,2,04/14/23,09:48,realblock,8,4,1,2,18
9099,2,04/10/23,12:54,realblock,1,2,0,2,2
9099,2,04/10/23,12:54,realblock,2,5,1,3,5
9099,2,04/10/23,12:54,realblock,3,2,0,2,7
9099,2,04/10/23,12:54,realblock,4,5,0,3,10
9099,2,04/10/23,12:54,realblock,5,4,2,3,13
9099,2,04/10/23,12:54,realblock,6,3,0,3,16
9099,2,04/10/23,12:54,realblock,7,3,1,2,18
9099,2,04/10/23,12:54,realblock,8,4,1,1,19
9100,2,04/14/23,10:06,realblock,1,4,0,3,3
9100,2,04/14/23,10:06,realblock,2,3,1,3,6
9100,2,04/14/23,10:06,realblock,3,3,0,3,9
9100,2,04/14/23,10:06,realblock,4,2,0,2,11
9100,2,04/14/23,10:06,realblock,5,5,0,5,16
9100,2,04/14/23,10:06,realblock,6,2,0,2,18
9100,2,04/14/23,10:06,realblock,7,4,0,4,22
9100,2,04/14/23,10:06,realblock,8,5,0,4,26
9101,2,04/14/23,12:43,realblock,1,5,1,0,0
9101,2,04/14/23,12:43,realblock,2,4,0,3,3
9101,2,04/14/23,12:43,realblock,3,2,0,2,5
9101,2,04/14/23,12:43,realblock,4,3,0,2,7
9101,2,04/14/23,12:43,realblock,5,3,0,1,8
9101,2,04/14/23,12:43,realblock,6,5,0,4,12
9101,2,04/14/23,12:43,realblock,7,4,1,2,14
9101,2,04/14/23,12:43,realblock,8,2,0,2,16
9102,2,04/10/23,15:46,realblock,1,3,0,2,2
9102,2,04/10/23,15:46,realblock,2,2,1,2,4
9102,2,04/10/23,15:46,realblock,3,3,0,3,7
9102,2,04/10/23,15:46,realblock,4,2,1,1,8
9102,2,04/10/23,15:46,realblock,5,4,1,2,10
9102,2,04/10/23,15:46,realblock,6,5,0,1,11
9102,2,04/10/23,15:46,realblock,7,5,1,1,12
9102,2,04/10/23,15:46,realblock,8,4,0,4,16
9103,2,04/11/23,09:34,realblock,1,5,2,0,0
9103,2,04/11/23,09:34,realblock,2,5,4,1,1
9103,2,04/11/23,09:34,realblock,3,2,1,2,3
9103,2,04/11/23,09:34,realblock,4,4,3,4,7
9103,2,04/11/23,09:34,realblock,5,3,3,2,9
9103,2,04/11/23,09:34,realblock,6,3,2,3,12
9103,2,04/11/23,09:34,realblock,7,4,1,4,16
9103,2,04/11/23,09:34,realblock,8,2,0,2,18
9104,2,04/11/23,09:58,realblock,1,3,0,3,3
9104,2,04/11/23,09:58,realblock,2,4,1,1,4
9104,2,04/11/23,09:58,realblock,3,2,2,2,6
9104,2,04/11/23,09:58,realblock,4,5,2,0,6
9104,2,04/11/23,09:58,realblock,5,5,4,0,6
9104,2,04/11/23,09:58,realblock,6,3,0,1,7
9104,2,04/11/23,09:58,realblock,7,2,1,0,7
9104,2,04/11/23,09:58,realblock,8,4,1,0,7
9105,2,04/11/23,12:44,realblock,1,5,0,3,3
9105,2,04/11/23,12:44,realblock,2,2,0,2,5
9105,2,04/11/23,12:44,realblock,3,3,0,3,8
9105,2,04/11/23,12:44,realblock,4,5,2,1,9
9105,2,04/11/23,12:44,realblock,5,3,1,3,12
9105,2,04/11/23,12:44,realblock,6,4,0,1,13
9105,2,04/11/23,12:44,realblock,7,2,0,2,15
9105,2,04/11/23,12:44,realblock,8,4,0,3,18
9106,2,04/11/23,12:39,realblock,1,3,0,3,3
9106,2,04/11/23,12:39,realblock,2,4,2,4,7
9106,2,04/11/23,12:39,realblock,3,5,0,1,8
9106,2,04/11/23,12:39,realblock,4,5,0,5,13
9106,2,04/11/23,12:39,realblock,5,2,0,2,15
9106,2,04/11/23,12:39,realblock,6,3,1,3,18
9106,2,04/11/23,12:39,realblock,7,2,0,2,20
9106,2,04/11/23,12:39,realblock,8,4,0,4,24
9107,2,04/11/23,15:44,realblock,1,2,0,2,2
9107,2,04/11/23,15:44,realblock,2,4,0,4,6
9107,2,04/11/23,15:44,realblock,3,3,0,3,9
9107,2,04/11/23,15:44,realblock,4,5,2,5,14
9107,2,04/11/23,15:44,realblock,5,2,0,2,16
9107,2,04/11/23,15:44,realblock,6,5,0,5,21
9107,2,04/11/23,15:44,realblock,7,3,0,2,23
9107,2,04/11/23,15:44,realblock,8,4,1,4,27
9108,2,04/18/23,15:59,realblock,1,3,0,3,3
9108,2,04/18/23,15:59,realblock,2,5,1,5,8
9108,2,04/18/23,15:59,realblock,3,3,0,3,11
9108,2,04/18/23,15:59,realblock,4,4,0,4,15
9108,2,04/18/23,15:59,realblock,5,2,0,2,17
9108,2,04/18/23,15:59,realblock,6,5,2,1,18
9108,2,04/18/23,15:59,realblock,7,2,0,2,20
9108,2,04/18/23,15:59,realblock,8,4,1,4,24
9109,2,04/12/23,09:49,realblock,1,4,2,0,0
9109,2,04/12/23,09:49,realblock,2,3,2,0,0
9109,2,04/12/23,09:49,realblock,3,5,3,0,0
9109,2,04/12/23,09:49,realblock,4,4,2,0,0
9109,2,04/12/23,09:49,realblock,5,5,2,0,0
9109,2,04/12/23,09:49,realblock,6,2,0,0,0
9109,2,04/12/23,09:49,realblock,7,3,1,0,0
9109,2,04/12/23,09:49,realblock,8,2,1,0,0
9112,2,04/12/23,12:41,realblock,1,3,0,3,3
9112,2,04/12/23,12:41,realblock,2,2,0,2,5
9112,2,04/12/23,12:41,realblock,3,2,0,2,7
9112,2,04/12/23,12:41,realblock,4,3,0,3,10
9112,2,04/12/23,12:41,realblock,5,5,0,5,15
9112,2,04/12/23,12:41,realblock,6,4,0,4,19
9112,2,04/12/23,12:41,realblock,7,4,0,4,23
9112,2,04/12/23,12:41,realblock,8,5,1,4,27
9114,2,04/13/23,09:35,realblock,1,2,0,2,2
9114,2,04/13/23,09:35,realblock,2,3,0,3,5
9114,2,04/13/23,09:35,realblock,3,4,1,4,9
9114,2,04/13/23,09:35,realblock,4,5,0,2,11
9114,2,04/13/23,09:35,realblock,5,2,0,2,13
9114,2,04/13/23,09:35,realblock,6,4,0,4,17
9114,2,04/13/23,09:35,realblock,7,3,0,3,20
9114,2,04/13/23,09:35,realblock,8,5,0,3,23
9115,2,04/13/23,12:46,realblock,1,5,0,5,5
9115,2,04/13/23,12:46,realblock,2,5,0,1,6
9115,2,04/13/23,12:46,realblock,3,2,1,2,8
9115,2,04/13/23,12:46,realblock,4,4,0,2,10
9115,2,04/13/23,12:46,realblock,5,4,1,3,13
9115,2,04/13/23,12:46,realblock,6,2,0,2,15
9115,2,04/13/23,12:46,realblock,7,3,1,3,18
9115,2,04/13/23,12:46,realblock,8,3,0,3,21
9116,2,04/13/23,12:58,realblock,1,3,1,3,3
9116,2,04/13/23,12:58,realblock,2,2,1,2,5
9116,2,04/13/23,12:58,realblock,3,4,3,2,7
9116,2,04/13/23,12:58,realblock,4,4,1,2,9
9116,2,04/13/23,12:58,realblock,5,5,2,3,12
9116,2,04/13/23,12:58,realblock,6,5,0,5,17
9116,2,04/13/23,12:58,realblock,7,2,0,0,17
9116,2,04/13/23,12:58,realblock,8,3,1,1,18
9117,2,04/13/23,15:47,realblock,1,3,0,2,2
9117,2,04/13/23,15:47,realblock,2,2,0,2,4
9117,2,04/13/23,15:47,realblock,3,5,1,5,9
9117,2,04/13/23,15:47,realblock,4,4,3,2,11
9117,2,04/13/23,15:47,realblock,5,3,0,3,14
9117,2,04/13/23,15:47,realblock,6,2,0,2,16
9117,2,04/13/23,15:47,realblock,7,4,0,4,20
9117,2,04/13/23,15:47,realblock,8,5,0,4,24
9118,2,04/13/23,15:35,realblock,1,3,1,2,2
9118,2,04/13/23,15:35,realblock,2,3,0,0,2
9118,2,04/13/23,15:35,realblock,3,4,0,1,3
9118,2,04/13/23,15:35,realblock,4,5,1,2,5
9118,2,04/13/23,15:35,realblock,5,5,0,1,6
9118,2,04/13/23,15:35,realblock,6,2,1,2,8
9118,2,04/13/23,15:35,realblock,7,4,0,0,8
9118,2,04/13/23,15:35,realblock,8,2,1,1,9
9122,2,04/14/23,12:39,realblock,1,5,1,3,3
9122,2,04/14/23,12:39,realblock,2,5,0,3,6
9122,2,04/14/23,12:39,realblock,3,4,1,4,10
9122,2,04/14/23,12:39,realblock,4,3,1,3,13
9122,2,04/14/23,12:39,realblock,5,2,0,2,15
9122,2,04/14/23,12:39,realblock,6,4,0,3,18
9122,2,04/14/23,12:39,realblock,7,2,0,2,20
9122,2,04/14/23,12:39,realblock,8,3,1,3,23
9123,2,04/14/23,12:43,realblock,1,3,0,3,3
9123,2,04/14/23,12:43,realblock,2,5,0,5,8
9123,2,04/14/23,12:43,realblock,3,2,0,2,10
9123,2,04/14/23,12:43,realblock,4,5,0,5,15
9123,2,04/14/23,12:43,realblock,5,4,0,4,19
9123,2,04/14/23,12:43,realblock,6,2,0,2,21
9123,2,04/14/23,12:43,realblock,7,4,0,4,25
9123,2,04/14/23,12:43,realblock,8,3,0,3,28
9124,2,04/14/23,15:43,realblock,1,4,1,4,4
9124,2,04/14/23,15:43,realblock,2,2,0,2,6
9124,2,04/14/23,15:43,realblock,3,5,0,2,8
9124,2,04/14/23,15:43,realblock,4,3,0,3,11
9124,2,04/14/23,15:43,realblock,5,5,0,5,16
9124,2,04/14/23,15:43,realblock,6,4,1,2,18
9124,2,04/14/23,15:43,realblock,7,2,0,2,20
9124,2,04/14/23,15:43,realblock,8,3,0,3,23
9126,2,04/17/23,15:41,realblock,1,4,1,4,4
9126,2,04/17/23,15:41,realblock,2,2,1,2,6
9126,2,04/17/23,15:41,realblock,3,5,1,1,7
9126,2,04/17/23,15:41,realblock,4,2,1,1,8
9126,2,04/17/23,15:41,realblock,5,3,0,3,11
9126,2,04/17/23,15:41,realblock,6,5,0,5,16
9126,2,04/17/23,15:41,realblock,7,4,0,2,18
9126,2,04/17/23,15:41,realblock,8,3,0,3,21
9127,2,07/10/23,15:47,realblock,1,5,2,5,5
9127,2,07/10/23,15:47,realblock,2,4,3,0,5
9127,2,07/10/23,15:47,realblock,3,2,1,1,6
9127,2,07/10/23,15:47,realblock,4,5,1,3,9
9127,2,07/10/23,15:47,realblock,5,3,1,0,9
9127,2,07/10/23,15:47,realblock,6,4,2,1,10
9127,2,07/10/23,15:47,realblock,7,3,0,0,10
9127,2,07/10/23,15:47,realblock,8,2,1,2,12
9128,2,06/26/23,16:05,realblock,1,3,2,3,3
9128,2,06/26/23,16:05,realblock,2,5,3,1,4
9128,2,06/26/23,16:05,realblock,3,2,0,2,6
9128,2,06/26/23,16:05,realblock,4,2,1,2,8
9128,2,06/26/23,16:05,realblock,5,4,1,4,12
9128,2,06/26/23,16:05,realblock,6,5,3,2,14
9128,2,06/26/23,16:05,realblock,7,3,1,2,16
9128,2,06/26/23,16:05,realblock,8,4,4,1,17
9130,2,06/30/23,10:06,realblock,1,4,2,0,0
9130,2,06/30/23,10:06,realblock,2,5,0,0,0
9130,2,06/30/23,10:06,realblock,3,3,0,2,2
9130,2,06/30/23,10:06,realblock,4,2,0,2,4
9130,2,06/30/23,10:06,realblock,5,4,1,1,5
9130,2,06/30/23,10:06,realblock,6,3,0,1,6
9130,2,06/30/23,10:06,realblock,7,5,0,2,8
9130,2,06/30/23,10:06,realblock,8,2,1,2,10
9132,2,06/30/23,16:36,realblock,1,3,0,3,3
9132,2,06/30/23,16:36,realblock,2,5,0,1,4
9132,2,06/30/23,16:36,realblock,3,3,0,3,7
9132,2,06/30/23,16:36,realblock,4,4,1,4,11
9132,2,06/30/23,16:36,realblock,5,2,0,2,13
9132,2,06/30/23,16:36,realblock,6,2,0,2,15
9132,2,06/30/23,16:36,realblock,7,5,1,5,20
9132,2,06/30/23,16:36,realblock,8,4,1,4,24
9133,2,07/05/23,12:50,realblock,1,3,1,3,3
9133,2,07/05/23,12:50,realblock,2,4,1,3,6
9133,2,07/05/23,12:50,realblock,3,5,0,3,9
9133,2,07/05/23,12:50,realblock,4,2,0,2,11
9133,2,07/05/23,12:50,realblock,5,5,0,4,15
9133,2,07/05/23,12:50,realblock,6,3,0,3,18
9133,2,07/05/23,12:50,realblock,7,2,0,2,20
9133,2,07/05/23,12:50,realblock,8,4,0,4,24
9134,2,07/05/23,12:44,realblock,1,3,0,1,1
9134,2,07/05/23,12:44,realblock,2,2,1,2,3
9134,2,07/05/23,12:44,realblock,3,4,0,2,5
9134,2,07/05/23,12:44,realblock,4,4,1,3,8
9134,2,07/05/23,12:44,realblock,5,2,0,2,10
9134,2,07/05/23,12:44,realblock,6,3,0,3,13
9134,2,07/05/23,12:44,realblock,7,5,0,2,15
9134,2,07/05/23,12:44,realblock,8,5,1,0,15
9135,2,07/20/23,12:56,realblock,1,4,0,0,0
9135,2,07/20/23,12:56,realblock,2,2,0,2,2
9135,2,07/20/23,12:56,realblock,3,5,0,4,6
9135,2,07/20/23,12:56,realblock,4,4,1,3,9
9135,2,07/20/23,12:56,realblock,5,3,0,3,12
9135,2,07/20/23,12:56,realblock,6,5,0,5,17
9135,2,07/20/23,12:56,realblock,7,3,0,3,20
9135,2,07/20/23,12:56,realblock,8,2,0,2,22
9136,2,07/21/23,15:41,realblock,1,5,1,4,4
9136,2,07/21/23,15:41,realblock,2,2,2,0,4
9136,2,07/21/23,15:41,realblock,3,4,0,4,8
9136,2,07/21/23,15:41,realblock,4,2,1,0,8
9136,2,07/21/23,15:41,realblock,5,3,0,1,9
9136,2,07/21/23,15:41,realblock,6,3,0,0,9
9136,2,07/21/23,15:41,realblock,7,4,1,3,12
9136,2,07/21/23,15:41,realblock,8,5,0,0,12
9138,2,09/25/23,09:53,realblock,1,4,0,3,3
9138,2,09/25/23,09:53,realblock,2,5,0,2,5
9138,2,09/25/23,09:53,realblock,3,2,0,2,7
9138,2,09/25/23,09:53,realblock,4,3,0,3,10
9138,2,09/25/23,09:53,realblock,5,2,0,2,12
9138,2,09/25/23,09:53,realblock,6,5,0,2,14
9138,2,09/25/23,09:53,realblock,7,3,1,2,16
9138,2,09/25/23,09:53,realblock,8,4,0,0,16
9139,2,09/25/23,10:00,realblock,1,2,0,2,2
9139,2,09/25/23,10:00,realblock,2,5,1,0,2
9139,2,09/25/23,10:00,realblock,3,3,1,3,5
9139,2,09/25/23,10:00,realblock,4,4,0,4,9
9139,2,09/25/23,10:00,realblock,5,4,1,4,13
9139,2,09/25/23,10:00,realblock,6,3,0,3,16
9139,2,09/25/23,10:00,realblock,7,2,0,2,18
9139,2,09/25/23,10:00,realblock,8,5,3,1,19
9140,2,09/25/23,12:35,realblock,1,4,0,0,0
9140,2,09/25/23,12:35,realblock,2,2,1,1,1
9140,2,09/25/23,12:35,realblock,3,2,0,0,1
9140,2,09/25/23,12:35,realblock,4,4,0,0,1
9140,2,09/25/23,12:35,realblock,5,3,0,0,1
9140,2,09/25/23,12:35,realblock,6,5,0,0,1
9140,2,09/25/23,12:35,realblock,7,5,0,1,2
9140,2,09/25/23,12:35,realblock,8,3,0,0,2
9141,2,09/25/23,13:03,realblock,1,3,1,3,3
9141,2,09/25/23,13:03,realblock,2,3,0,3,6
9141,2,09/25/23,13:03,realblock,3,2,0,2,8
9141,2,09/25/23,13:03,realblock,4,4,0,4,12
9141,2,09/25/23,13:03,realblock,5,2,0,2,14
9141,2,09/25/23,13:03,realblock,6,4,0,2,16
9141,2,09/25/23,13:03,realblock,7,5,1,2,18
9141,2,09/25/23,13:03,realblock,8,5,2,3,21
9142,2,09/25/23,12:44,realblock,1,5,0,2,2
9142,2,09/25/23,12:44,realblock,2,3,0,0,2
9142,2,09/25/23,12:44,realblock,3,5,1,2,4
9142,2,09/25/23,12:44,realblock,4,4,1,4,8
9142,2,09/25/23,12:44,realblock,5,3,0,3,11
9142,2,09/25/23,12:44,realblock,6,4,0,4,15
9142,2,09/25/23,12:44,realblock,7,2,0,2,17
9142,2,09/25/23,12:44,realblock,8,2,0,2,19
9143,2,09/25/23,15:55,realblock,1,2,0,1,1
9143,2,09/25/23,15:55,realblock,2,3,1,3,4
9143,2,09/25/23,15:55,realblock,3,4,0,4,8
9143,2,09/25/23,15:55,realblock,4,4,1,4,12
9143,2,09/25/23,15:55,realblock,5,5,1,3,15
9143,2,09/25/23,15:55,realblock,6,3,0,3,18
9143,2,09/25/23,15:55,realblock,7,2,0,2,20
9143,2,09/25/23,15:55,realblock,8,5,0,4,24
9144,2,09/25/23,15:57,realblock,1,3,0,3,3
9144,2,09/25/23,15:57,realblock,2,2,0,2,5
9144,2,09/25/23,15:57,realblock,3,4,0,4,9
9144,2,09/25/23,15:57,realblock,4,5,0,5,14
9144,2,09/25/23,15:57,realblock,5,5,0,5,19
9144,2,09/25/23,15:57,realblock,6,2,0,2,21
9144,2,09/25/23,15:57,realblock,7,4,0,4,25
9144,2,09/25/23,15:57,realblock,8,3,0,3,28
9145,2,09/25/23,15:56,realblock,1,2,0,2,2
9145,2,09/25/23,15:56,realblock,2,4,0,4,6
9145,2,09/25/23,15:56,realblock,3,3,0,3,9
9145,2,09/25/23,15:56,realblock,4,5,0,3,12
9145,2,09/25/23,15:56,realblock,5,3,0,2,14
9145,2,09/25/23,15:56,realblock,6,4,1,1,15
9145,2,09/25/23,15:56,realblock,7,2,0,2,17
9145,2,09/25/23,15:56,realblock,8,5,1,0,17
9146,2,09/26/23,09:53,realblock,1,5,1,2,2
9146,2,09/26/23,09:53,realblock,2,3,0,3,5
9146,2,09/26/23,09:53,realblock,3,2,0,2,7
9146,2,09/26/23,09:53,realblock,4,4,0,2,9
9146,2,09/26/23,09:53,realblock,5,2,0,2,11
9146,2,09/26/23,09:53,realblock,6,4,0,4,15
9146,2,09/26/23,09:53,realblock,7,5,0,3,18
9146,2,09/26/23,09:53,realblock,8,3,0,3,21
9147,2,09/26/23,09:53,realblock,1,5,1,3,3
9147,2,09/26/23,09:53,realblock,2,2,0,2,5
9147,2,09/26/23,09:53,realblock,3,2,0,2,7
9147,2,09/26/23,09:53,realblock,4,4,0,4,11
9147,2,09/26/23,09:53,realblock,5,4,0,4,15
9147,2,09/26/23,09:53,realblock,6,5,0,5,20
9147,2,09/26/23,09:53,realblock,7,3,0,3,23
9147,2,09/26/23,09:53,realblock,8,3,0,3,26
9148,2,09/26/23,09:38,realblock,1,3,0,3,3
9148,2,09/26/23,09:38,realblock,2,5,1,5,8
9148,2,09/26/23,09:38,realblock,3,3,1,3,11
9148,2,09/26/23,09:38,realblock,4,2,0,2,13
9148,2,09/26/23,09:38,realblock,5,4,0,0,13
9148,2,09/26/23,09:38,realblock,6,5,0,2,15
9148,2,09/26/23,09:38,realblock,7,2,1,2,17
9148,2,09/26/23,09:38,realblock,8,4,0,4,21
9149,2,09/26/23,12:33,realblock,1,2,0,0,0
9149,2,09/26/23,12:33,realblock,2,5,1,3,3
9149,2,09/26/23,12:33,realblock,3,4,0,2,5
9149,2,09/26/23,12:33,realblock,4,3,2,0,5
9149,2,09/26/23,12:33,realblock,5,3,1,0,5
9149,2,09/26/23,12:33,realblock,6,4,1,0,5
9149,2,09/26/23,12:33,realblock,7,2,0,1,6
9149,2,09/26/23,12:33,realblock,8,5,0,0,6
9150,2,09/26/23,12:39,realblock,1,5,1,2,2
9150,2,09/26/23,12:39,realblock,2,4,0,4,6
9150,2,09/26/23,12:39,realblock,3,2,0,2,8
9150,2,09/26/23,12:39,realblock,4,3,0,3,11
9150,2,09/26/23,12:39,realblock,5,2,0,2,13
9150,2,09/26/23,12:39,realblock,6,5,1,2,15
9150,2,09/26/23,12:39,realblock,7,3,0,3,18
9150,2,09/26/23,12:39,realblock,8,4,0,2,20
9151,2,09/26/23,12:32,realblock,1,5,0,3,3
9151,2,09/26/23,12:32,realblock,2,4,0,4,7
9151,2,09/26/23,12:32,realblock,3,3,0,3,10
9151,2,09/26/23,12:32,realblock,4,3,0,3,13
9151,2,09/26/23,12:32,realblock,5,2,0,2,15
9151,2,09/26/23,12:32,realblock,6,5,0,5,20
9151,2,09/26/23,12:32,realblock,7,2,0,2,22
9151,2,09/26/23,12:32,realblock,8,4,0,4,26
9152,2,09/26/23,15:55,realblock,1,4,0,4,4
9152,2,09/26/23,15:55,realblock,2,5,0,5,9
9152,2,09/26/23,15:55,realblock,3,2,0,2,11
9152,2,09/26/23,15:55,realblock,4,5,0,3,14
9152,2,09/26/23,15:55,realblock,5,4,0,4,18
9152,2,09/26/23,15:55,realblock,6,3,0,3,21
9152,2,09/26/23,15:55,realblock,7,3,0,3,24
9152,2,09/26/23,15:55,realblock,8,2,1,0,24
9153,2,09/26/23,15:51,realblock,1,3,0,3,3
9153,2,09/26/23,15:51,realblock,2,5,1,3,6
9153,2,09/26/23,15:51,realblock,3,2,0,2,8
9153,2,09/26/23,15:51,realblock,4,3,0,3,11
9153,2,09/26/23,15:51,realblock,5,5,0,4,15
9153,2,09/26/23,15:51,realblock,6,2,0,2,17
9153,2,09/26/23,15:51,realblock,7,4,0,0,17
9153,2,09/26/23,15:51,realblock,8,4,1,2,19
9154,2,09/27/23,09:48,realblock,1,4,0,3,3
9154,2,09/27/23,09:48,realblock,2,2,0,2,5
9154,2,09/27/23,09:48,realblock,3,5,0,4,9
9154,2,09/27/23,09:48,realblock,4,5,0,5,14
9154,2,09/27/23,09:48,realblock,5,4,1,1,15
9154,2,09/27/23,09:48,realblock,6,2,0,2,17
9154,2,09/27/23,09:48,realblock,7,3,0,3,20
9154,2,09/27/23,09:48,realblock,8,3,0,3,23
9155,2,09/27/23,10:00,realblock,1,2,0,2,2
9155,2,09/27/23,10:00,realblock,2,3,0,3,5
9155,2,09/27/23,10:00,realblock,3,2,1,2,7
9155,2,09/27/23,10:00,realblock,4,4,0,2,9
9155,2,09/27/23,10:00,realblock,5,3,0,3,12
9155,2,09/27/23,10:00,realblock,6,5,0,5,17
9155,2,09/27/23,10:00,realblock,7,4,0,4,21
9155,2,09/27/23,10:00,realblock,8,5,1,2,23
9156,2,09/27/23,13:25,realblock,1,4,3,0,0
9156,2,09/27/23,13:25,realblock,2,3,1,3,3
9156,2,09/27/23,13:25,realblock,3,2,1,1,4
9156,2,09/27/23,13:25,realblock,4,4,2,2,6
9156,2,09/27/23,13:25,realblock,5,5,5,0,6
9156,2,09/27/23,13:25,realblock,6,2,0,2,8
9156,2,09/27/23,13:25,realblock,7,3,2,1,9
9156,2,09/27/23,13:25,realblock,8,5,0,1,10
9157,2,10/03/23,15:46,realblock,1,5,0,0,0
9157,2,10/03/23,15:46,realblock,2,4,1,4,4
9157,2,10/03/23,15:46,realblock,3,3,0,3,7
9157,2,10/03/23,15:46,realblock,4,3,0,3,10
9157,2,10/03/23,15:46,realblock,5,2,0,2,12
9157,2,10/03/23,15:46,realblock,6,2,0,2,14
9157,2,10/03/23,15:46,realblock,7,5,0,2,16
9157,2,10/03/23,15:46,realblock,8,4,0,1,17
9158,2,09/27/23,15:53,realblock,1,5,0,5,5
9158,2,09/27/23,15:53,realblock,2,4,1,1,6
9158,2,09/27/23,15:53,realblock,3,2,0,2,8
9158,2,09/27/23,15:53,realblock,4,3,0,3,11
9158,2,09/27/23,15:53,realblock,5,5,0,5,16
9158,2,09/27/23,15:53,realblock,6,2,0,2,18
9158,2,09/27/23,15:53,realblock,7,4,0,4,22
9158,2,09/27/23,15:53,realblock,8,3,0,3,25
9159,2,09/27/23,15:54,realblock,1,4,0,4,4
9159,2,09/27/23,15:54,realblock,2,5,0,5,9
9159,2,09/27/23,15:54,realblock,3,4,0,4,13
9159,2,09/27/23,15:54,realblock,4,3,0,3,16
9159,2,09/27/23,15:54,realblock,5,3,2,2,18
9159,2,09/27/23,15:54,realblock,6,2,0,2,20
9159,2,09/27/23,15:54,realblock,7,2,0,2,22
9159,2,09/27/23,15:54,realblock,8,5,0,5,27
9160,2,09/27/23,15:37,realblock,1,2,0,2,2
9160,2,09/27/23,15:37,realblock,2,4,0,4,6
9160,2,09/27/23,15:37,realblock,3,4,0,4,10
9160,2,09/27/23,15:37,realblock,4,2,0,2,12
9160,2,09/27/23,15:37,realblock,5,5,0,4,16
9160,2,09/27/23,15:37,realblock,6,3,0,3,19
9160,2,09/27/23,15:37,realblock,7,5,0,5,24
9160,2,09/27/23,15:37,realblock,8,3,0,3,27
9161,2,09/28/23,09:56,realblock,1,3,0,3,3
9161,2,09/28/23,09:56,realblock,2,4,0,4,7
9161,2,09/28/23,09:56,realblock,3,3,0,3,10
9161,2,09/28/23,09:56,realblock,4,4,0,2,12
9161,2,09/28/23,09:56,realblock,5,2,0,2,14
9161,2,09/28/23,09:56,realblock,6,2,0,1,15
9161,2,09/28/23,09:56,realblock,7,5,1,2,17
9161,2,09/28/23,09:56,realblock,8,5,1,1,18
9163,2,09/28/23,10:04,realblock,1,2,0,2,2
9163,2,09/28/23,10:04,realblock,2,5,1,5,7
9163,2,09/28/23,10:04,realblock,3,2,0,2,9
9163,2,09/28/23,10:04,realblock,4,4,0,4,13
9163,2,09/28/23,10:04,realblock,5,5,3,5,18
9163,2,09/28/23,10:04,realblock,6,3,0,3,21
9163,2,09/28/23,10:04,realblock,7,4,0,2,23
9163,2,09/28/23,10:04,realblock,8,3,0,3,26
9164,2,09/28/23,12:33,realblock,1,2,0,2,2
9164,2,09/28/23,12:33,realblock,2,3,1,3,5
9164,2,09/28/23,12:33,realblock,3,2,1,2,7
9164,2,09/28/23,12:33,realblock,4,3,1,3,10
9164,2,09/28/23,12:33,realblock,5,4,1,4,14
9164,2,09/28/23,12:33,realblock,6,4,0,4,18
9164,2,09/28/23,12:33,realblock,7,5,0,3,21
9164,2,09/28/23,12:33,realblock,8,5,0,1,22
9165,2,09/28/23,12:28,realblock,1,5,2,1,1
9165,2,09/28/23,12:28,realblock,2,2,0,2,3
9165,2,09/28/23,12:28,realblock,3,4,0,3,6
9165,2,09/28/23,12:28,realblock,4,5,0,5,11
9165,2,09/28/23,12:28,realblock,5,4,1,3,14
9165,2,09/28/23,12:28,realblock,6,3,0,3,17
9165,2,09/28/23,12:28,realblock,7,2,0,2,19
9165,2,09/28/23,12:28,realblock,8,3,0,1,20
9166,2,09/28/23,12:36,realblock,1,5,1,0,0
9166,2,09/28/23,12:36,realblock,2,4,0,1,1
9166,2,09/28/23,12:36,realblock,3,2,0,2,3
9166,2,09/28/23,12:36,realblock,4,4,0,1,4
9166,2,09/28/23,12:36,realblock,5,2,0,2,6
9166,2,09/28/23,12:36,realblock,6,3,0,3,9
9166,2,09/28/23,12:36,realblock,7,5,0,1,10
9166,2,09/28/23,12:36,realblock,8,3,1,0,10
9167,2,09/28/23,15:40,realblock,1,3,0,3,3
9167,2,09/28/23,15:40,realblock,2,2,0,2,5
9167,2,09/28/23,15:40,realblock,3,4,1,3,8
9167,2,09/28/23,15:40,realblock,4,2,0,2,10
9167,2,09/28/23,15:40,realblock,5,3,0,2,12
9167,2,09/28/23,15:40,realblock,6,5,0,5,17
9167,2,09/28/23,15:40,realblock,7,5,0,3,20
9167,2,09/28/23,15:40,realblock,8,4,1,3,23
9168,2,09/28/23,15:45,realblock,1,4,0,4,4
9168,2,09/28/23,15:45,realblock,2,3,0,2,6
9168,2,09/28/23,15:45,realblock,3,5,0,4,10
9168,2,09/28/23,15:45,realblock,4,3,0,3,13
9168,2,09/28/23,15:45,realblock,5,2,0,2,15
9168,2,09/28/23,15:45,realblock,6,2,0,2,17
9168,2,09/28/23,15:45,realblock,7,4,0,2,19
9168,2,09/28/23,15:45,realblock,8,5,0,2,21
9169,2,09/28/23,15:38,realblock,1,4,0,4,4
9169,2,09/28/23,15:38,realblock,2,3,0,3,7
9169,2,09/28/23,15:38,realblock,3,2,0,2,9
9169,2,09/28/23,15:38,realblock,4,3,0,3,12
9169,2,09/28/23,15:38,realblock,5,5,0,5,17
9169,2,09/28/23,15:38,realblock,6,5,0,4,21
9169,2,09/28/23,15:38,realblock,7,4,0,4,25
9169,2,09/28/23,15:38,realblock,8,2,0,2,27
9170,2,09/29/23,09:47,realblock,1,4,0,1,1
9170,2,09/29/23,09:47,realblock,2,3,0,3,4
9170,2,09/29/23,09:47,realblock,3,4,0,2,6
9170,2,09/29/23,09:47,realblock,4,5,0,2,8
9170,2,09/29/23,09:47,realblock,5,5,0,2,10
9170,2,09/29/23,09:47,realblock,6,2,0,2,12
9170,2,09/29/23,09:47,realblock,7,2,0,2,14
9170,2,09/29/23,09:47,realblock,8,3,0,3,17
9171,2,09/29/23,09:44,realblock,1,2,0,2,2
9171,2,09/29/23,09:44,realblock,2,4,1,2,4
9171,2,09/29/23,09:44,realblock,3,2,0,2,6
9171,2,09/29/23,09:44,realblock,4,3,0,2,8
9171,2,09/29/23,09:44,realblock,5,5,0,2,10
9171,2,09/29/23,09:44,realblock,6,3,0,3,13
9171,2,09/29/23,09:44,realblock,7,4,1,2,15
9171,2,09/29/23,09:44,realblock,8,5,0,4,19
9172,2,10/06/23,13:05,realblock,1,2,0,2,2
9172,2,10/06/23,13:05,realblock,2,5,0,1,3
9172,2,10/06/23,13:05,realblock,3,2,0,0,3
9172,2,10/06/23,13:05,realblock,4,3,0,0,3
9172,2,10/06/23,13:05,realblock,5,3,1,0,3
9172,2,10/06/23,13:05,realblock,6,4,1,2,5
9172,2,10/06/23,13:05,realblock,7,4,0,4,9
9172,2,10/06/23,13:05,realblock,8,5,2,0,9
9173,2,09/29/23,12:43,realblock,1,4,0,4,4
9173,2,09/29/23,12:43,realblock,2,3,0,3,7
9173,2,09/29/23,12:43,realblock,3,5,0,1,8
9173,2,09/29/23,12:43,realblock,4,2,1,2,10
9173,2,09/29/23,12:43,realblock,5,3,0,3,13
9173,2,09/29/23,12:43,realblock,6,5,1,3,16
9173,2,09/29/23,12:43,realblock,7,4,1,4,20
9173,2,09/29/23,12:43,realblock,8,2,0,2,22
9174,2,09/29/23,15:43,realblock,1,3,0,3,3
9174,2,09/29/23,15:43,realblock,2,3,0,3,6
9174,2,09/29/23,15:43,realblock,3,5,0,3,9
9174,2,09/29/23,15:43,realblock,4,4,0,4,13
9174,2,09/29/23,15:43,realblock,5,2,0,2,15
9174,2,09/29/23,15:43,realblock,6,2,0,2,17
9174,2,09/29/23,15:43,realblock,7,5,0,5,22
9174,2,09/29/23,15:43,realblock,8,4,0,4,26
9175,2,09/29/23,15:31,realblock,1,2,0,2,2
9175,2,09/29/23,15:31,realblock,2,3,0,3,5
9175,2,09/29/23,15:31,realblock,3,3,0,3,8
9175,2,09/29/23,15:31,realblock,4,4,0,4,12
9175,2,09/29/23,15:31,realblock,5,2,1,1,13
9175,2,09/29/23,15:31,realblock,6,5,0,3,16
9175,2,09/29/23,15:31,realblock,7,4,0,3,19
9175,2,09/29/23,15:31,realblock,8,5,0,5,24
9176,2,09/29/23,15:45,realblock,1,3,0,3,3
9176,2,09/29/23,15:45,realblock,2,5,1,2,5
9176,2,09/29/23,15:45,realblock,3,4,3,4,9
9176,2,09/29/23,15:45,realblock,4,4,2,4,13
9176,2,09/29/23,15:45,realblock,5,5,0,2,15
9176,2,09/29/23,15:45,realblock,6,2,0,2,17
9176,2,09/29/23,15:45,realblock,7,2,1,2,19
9176,2,09/29/23,15:45,realblock,8,3,2,3,22
9177,2,09/29/23,13:05,realblock,1,5,2,5,5
9177,2,09/29/23,13:05,realblock,2,3,0,3,8
9177,2,09/29/23,13:05,realblock,3,4,0,3,11
9177,2,09/29/23,13:05,realblock,4,4,0,4,15
9177,2,09/29/23,13:05,realblock,5,3,0,3,18
9177,2,09/29/23,13:05,realblock,6,2,0,1,19
9177,2,09/29/23,13:05,realblock,7,5,1,3,22
9177,2,09/29/23,13:05,realblock,8,2,0,2,24
9179,2,10/23/23,09:40,realblock,1,2,1,2,2
9179,2,10/23/23,09:40,realblock,2,3,1,2,4
9179,2,10/23/23,09:40,realblock,3,3,2,3,7
9179,2,10/23/23,09:40,realblock,4,5,1,0,7
9179,2,10/23/23,09:40,realblock,5,2,1,2,9
9179,2,10/23/23,09:40,realblock,6,4,1,0,9
9179,2,10/23/23,09:40,realblock,7,5,0,2,11
9179,2,10/23/23,09:40,realblock,8,4,1,1,12
9180,2,10/23/23,09:41,realblock,1,4,0,4,4
9180,2,10/23/23,09:41,realblock,2,3,1,3,7
9180,2,10/23/23,09:41,realblock,3,5,0,5,12
9180,2,10/23/23,09:41,realblock,4,2,0,2,14
9180,2,10/23/23,09:41,realblock,5,2,1,2,16
9180,2,10/23/23,09:41,realblock,6,5,0,5,21
9180,2,10/23/23,09:41,realblock,7,3,0,3,24
9180,2,10/23/23,09:41,realblock,8,4,0,4,28
9181,2,10/23/23,12:44,realblock,1,5,0,2,2
9181,2,10/23/23,12:44,realblock,2,5,1,1,3
9181,2,10/23/23,12:44,realblock,3,4,1,2,5
9181,2,10/23/23,12:44,realblock,4,4,0,1,6
9181,2,10/23/23,12:44,realblock,5,2,0,2,8
9181,2,10/23/23,12:44,realblock,6,2,0,2,10
9181,2,10/23/23,12:44,realblock,7,3,0,3,13
9181,2,10/23/23,12:44,realblock,8,3,0,3,16
9182,2,10/23/23,12:27,realblock,1,2,0,2,2
9182,2,10/23/23,12:27,realblock,2,5,1,3,5
9182,2,10/23/23,12:27,realblock,3,4,0,1,6
9182,2,10/23/23,12:27,realblock,4,4,3,2,8
9182,2,10/23/23,12:27,realblock,5,5,1,4,12
9182,2,10/23/23,12:27,realblock,6,3,1,2,14
9182,2,10/23/23,12:27,realblock,7,3,0,3,17
9182,2,10/23/23,12:27,realblock,8,2,0,2,19
9183,2,10/23/23,12:31,realblock,1,3,0,3,3
9183,2,10/23/23,12:31,realblock,2,4,1,2,5
9183,2,10/23/23,12:31,realblock,3,5,0,5,10
9183,2,10/23/23,12:31,realblock,4,5,0,5,15
9183,2,10/23/23,12:31,realblock,5,4,1,4,19
9183,2,10/23/23,12:31,realblock,6,2,0,2,21
9183,2,10/23/23,12:31,realblock,7,2,0,2,23
9183,2,10/23/23,12:31,realblock,8,3,1,3,26
9184,2,10/23/23,15:31,realblock,1,2,0,2,2
9184,2,10/23/23,15:31,realblock,2,5,0,4,6
9184,2,10/23/23,15:31,realblock,3,5,0,3,9
9184,2,10/23/23,15:31,realblock,4,2,0,2,11
9184,2,10/23/23,15:31,realblock,5,3,0,3,14
9184,2,10/23/23,15:31,realblock,6,3,1,3,17
9184,2,10/23/23,15:31,realblock,7,4,0,0,17
9184,2,10/23/23,15:31,realblock,8,4,1,2,19
9185,2,10/23/23,15:44,realblock,1,3,0,3,3
9185,2,10/23/23,15:44,realblock,2,2,1,2,5
9185,2,10/23/23,15:44,realblock,3,4,1,4,9
9185,2,10/23/23,15:44,realblock,4,2,0,2,11
9185,2,10/23/23,15:44,realblock,5,5,1,2,13
9185,2,10/23/23,15:44,realblock,6,3,0,1,14
9185,2,10/23/23,15:44,realblock,7,5,1,4,18
9185,2,10/23/23,15:44,realblock,8,4,0,4,22
9186,2,10/23/23,15:32,realblock,1,5,0,5,5
9186,2,10/23/23,15:32,realblock,2,3,0,3,8
9186,2,10/23/23,15:32,realblock,3,2,0,2,10
9186,2,10/23/23,15:32,realblock,4,5,1,5,15
9186,2,10/23/23,15:32,realblock,5,2,0,2,17
9186,2,10/23/23,15:32,realblock,6,4,0,4,21
9186,2,10/23/23,15:32,realblock,7,4,0,3,24
9186,2,10/23/23,15:32,realblock,8,3,0,3,27
9187,2,10/24/23,09:56,realblock,1,5,2,0,0
9187,2,10/24/23,09:56,realblock,2,3,0,3,3
9187,2,10/24/23,09:56,realblock,3,4,1,2,5
9187,2,10/24/23,09:56,realblock,4,2,0,2,7
9187,2,10/24/23,09:56,realblock,5,5,0,3,10
9187,2,10/24/23,09:56,realblock,6,4,0,4,14
9187,2,10/24/23,09:56,realblock,7,3,0,2,16
9187,2,10/24/23,09:56,realblock,8,2,0,2,18
9188,2,10/24/23,09:39,realblock,1,2,0,2,2
9188,2,10/24/23,09:39,realblock,2,4,2,4,6
9188,2,10/24/23,09:39,realblock,3,5,1,0,6
9188,2,10/24/23,09:39,realblock,4,3,0,3,9
9188,2,10/24/23,09:39,realblock,5,3,0,2,11
9188,2,10/24/23,09:39,realblock,6,2,0,2,13
9188,2,10/24/23,09:39,realblock,7,5,3,2,15
9188,2,10/24/23,09:39,realblock,8,4,1,4,19
9189,2,10/24/23,09:40,realblock,1,3,0,3,3
9189,2,10/24/23,09:40,realblock,2,2,0,2,5
9189,2,10/24/23,09:40,realblock,3,4,0,4,9
9189,2,10/24/23,09:40,realblock,4,2,0,2,11
9189,2,10/24/23,09:40,realblock,5,5,1,3,14
9189,2,10/24/23,09:40,realblock,6,3,2,2,16
9189,2,10/24/23,09:40,realblock,7,4,0,2,18
9189,2,10/24/23,09:40,realblock,8,5,1,2,20
9190,2,10/24/23,12:22,realblock,1,5,0,3,3
9190,2,10/24/23,12:22,realblock,2,3,1,3,6
9190,2,10/24/23,12:22,realblock,3,2,0,2,8
9190,2,10/24/23,12:22,realblock,4,4,0,4,12
9190,2,10/24/23,12:22,realblock,5,2,0,2,14
9190,2,10/24/23,12:22,realblock,6,3,0,3,17
9190,2,10/24/23,12:22,realblock,7,4,1,2,19
9190,2,10/24/23,12:22,realblock,8,5,0,5,24
9191,2,10/24/23,12:39,realblock,1,3,1,3,3
9191,2,10/24/23,12:39,realblock,2,4,0,3,6
9191,2,10/24/23,12:39,realblock,3,4,2,1,7
9191,2,10/24/23,12:39,realblock,4,5,0,5,12
9191,2,10/24/23,12:39,realblock,5,2,0,2,14
9191,2,10/24/23,12:39,realblock,6,5,0,5,19
9191,2,10/24/23,12:39,realblock,7,3,0,3,22
9191,2,10/24/23,12:39,realblock,8,2,0,2,24
9192,2,10/24/23,12:43,realblock,1,4,0,4,4
9192,2,10/24/23,12:43,realblock,2,2,0,2,6
9192,2,10/24/23,12:43,realblock,3,5,0,1,7
9192,2,10/24/23,12:43,realblock,4,2,0,2,9
9192,2,10/24/23,12:43,realblock,5,3,0,3,12
9192,2,10/24/23,12:43,realblock,6,4,0,4,16
9192,2,10/24/23,12:43,realblock,7,3,0,3,19
9192,2,10/24/23,12:43,realblock,8,5,0,0,19
9193,2,10/24/23,15:45,realblock,1,2,0,2,2
9193,2,10/24/23,15:45,realblock,2,5,1,2,4
9193,2,10/24/23,15:45,realblock,3,4,0,4,8
9193,2,10/24/23,15:45,realblock,4,4,0,4,12
9193,2,10/24/23,15:45,realblock,5,3,0,3,15
9193,2,10/24/23,15:45,realblock,6,5,1,2,17
9193,2,10/24/23,15:45,realblock,7,3,0,3,20
9193,2,10/24/23,15:45,realblock,8,2,0,1,21
9194,2,10/24/23,15:54,realblock,1,4,0,1,1
9194,2,10/24/23,15:54,realblock,2,5,0,4,5
9194,2,10/24/23,15:54,realblock,3,2,0,1,6
9194,2,10/24/23,15:54,realblock,4,4,0,2,8
9194,2,10/24/23,15:54,realblock,5,3,1,0,8
9194,2,10/24/23,15:54,realblock,6,5,1,0,8
9194,2,10/24/23,15:54,realblock,7,3,2,2,10
9194,2,10/24/23,15:54,realblock,8,2,0,1,11
9195,2,10/24/23,15:45,realblock,1,5,2,0,0
9195,2,10/24/23,15:45,realblock,2,3,1,3,3
9195,2,10/24/23,15:45,realblock,3,2,0,1,4
9195,2,10/24/23,15:45,realblock,4,4,1,3,7
9195,2,10/24/23,15:45,realblock,5,4,0,4,11
9195,2,10/24/23,15:45,realblock,6,5,0,2,13
9195,2,10/24/23,15:45,realblock,7,3,0,3,16
9195,2,10/24/23,15:45,realblock,8,2,0,2,18
9196,2,10/25/23,09:54,realblock,1,4,0,4,4
9196,2,10/25/23,09:54,realblock,2,2,0,2,6
9196,2,10/25/23,09:54,realblock,3,3,0,3,9
9196,2,10/25/23,09:54,realblock,4,2,0,2,11
9196,2,10/25/23,09:54,realblock,5,5,0,5,16
9196,2,10/25/23,09:54,realblock,6,3,0,2,18
9196,2,10/25/23,09:54,realblock,7,4,0,4,22
9196,2,10/25/23,09:54,realblock,8,5,1,5,27
9197,2,10/25/23,09:44,realblock,1,4,1,4,4
9197,2,10/25/23,09:44,realblock,2,5,2,5,9
9197,2,10/25/23,09:44,realblock,3,2,0,2,11
9197,2,10/25/23,09:44,realblock,4,5,4,5,16
9197,2,10/25/23,09:44,realblock,5,3,2,3,19
9197,2,10/25/23,09:44,realblock,6,3,2,3,22
9197,2,10/25/23,09:44,realblock,7,2,1,2,24
9197,2,10/25/23,09:44,realblock,8,4,3,1,25
9198,2,10/26/23,09:54,realblock,1,2,2,0,0
9198,2,10/26/23,09:54,realblock,2,3,2,0,0
9198,2,10/26/23,09:54,realblock,3,4,4,0,0
9198,2,10/26/23,09:54,realblock,4,5,2,0,0
9198,2,10/26/23,09:54,realblock,5,2,0,0,0
9198,2,10/26/23,09:54,realblock,6,5,1,0,0
9198,2,10/26/23,09:54,realblock,7,4,3,0,0
9198,2,10/26/23,09:54,realblock,8,3,0,0,0
9199,2,10/26/23,12:34,realblock,1,3,0,3,3
9199,2,10/26/23,12:34,realblock,2,5,0,5,8
9199,2,10/26/23,12:34,realblock,3,4,0,3,11
9199,2,10/26/23,12:34,realblock,4,2,0,2,13
9199,2,10/26/23,12:34,realblock,5,2,0,2,15
9199,2,10/26/23,12:34,realblock,6,4,0,4,19
9199,2,10/26/23,12:34,realblock,7,5,0,4,23
9199,2,10/26/23,12:34,realblock,8,3,1,2,25
9200,2,10/25/23,12:45,realblock,1,5,0,5,5
9200,2,10/25/23,12:45,realblock,2,3,0,3,8
9200,2,10/25/23,12:45,realblock,3,2,0,2,10
9200,2,10/25/23,12:45,realblock,4,2,0,2,12
9200,2,10/25/23,12:45,realblock,5,5,0,5,17
9200,2,10/25/23,12:45,realblock,6,4,0,4,21
9200,2,10/25/23,12:45,realblock,7,3,0,2,23
9200,2,10/25/23,12:45,realblock,8,4,2,4,27
9201,2,10/25/23,12:42,realblock,1,4,0,4,4
9201,2,10/25/23,12:42,realblock,2,4,0,4,8
9201,2,10/25/23,12:42,realblock,3,5,0,2,10
9201,2,10/25/23,12:42,realblock,4,5,0,3,13
9201,2,10/25/23,12:42,realblock,5,3,0,2,15
9201,2,10/25/23,12:42,realblock,6,3,0,3,18
9201,2,10/25/23,12:42,realblock,7,2,0,2,20
9201,2,10/25/23,12:42,realblock,8,2,0,2,22
9202,2,10/25/23,15:51,realblock,1,2,0,2,2
9202,2,10/25/23,15:51,realblock,2,4,0,2,4
9202,2,10/25/23,15:51,realblock,3,5,0,3,7
9202,2,10/25/23,15:51,realblock,4,3,0,3,10
9202,2,10/25/23,15:51,realblock,5,3,0,3,13
9202,2,10/25/23,15:51,realblock,6,4,0,2,15
9202,2,10/25/23,15:51,realblock,7,2,0,2,17
9202,2,10/25/23,15:51,realblock,8,5,0,0,17
9203,2,10/25/23,15:53,realblock,1,3,0,3,3
9203,2,10/25/23,15:53,realblock,2,4,0,0,3
9203,2,10/25/23,15:53,realblock,3,5,0,3,6
9203,2,10/25/23,15:53,realblock,4,5,1,4,10
9203,2,10/25/23,15:53,realblock,5,2,1,2,12
9203,2,10/25/23,15:53,realblock,6,3,0,3,15
9203,2,10/25/23,15:53,realblock,7,4,0,4,19
9203,2,10/25/23,15:53,realblock,8,2,0,2,21
9204,2,10/25/23,15:41,realblock,1,3,0,3,3
9204,2,10/25/23,15:41,realblock,2,4,0,4,7
9204,2,10/25/23,15:41,realblock,3,5,0,3,10
9204,2,10/25/23,15:41,realblock,4,2,0,2,12
9204,2,10/25/23,15:41,realblock,5,2,0,2,14
9204,2,10/25/23,15:41,realblock,6,3,0,3,17
9204,2,10/25/23,15:41,realblock,7,4,0,4,21
9204,2,10/25/23,15:41,realblock,8,5,0,4,25
9205,2,10/26/23,09:58,realblock,1,2,0,2,2
9205,2,10/26/23,09:58,realblock,2,2,0,2,4
9205,2,10/26/23,09:58,realblock,3,5,1,3,7
9205,2,10/26/23,09:58,realblock,4,4,0,4,11
9205,2,10/26/23,09:58,realblock,5,3,0,3,14
9205,2,10/26/23,09:58,realblock,6,4,0,4,18
9205,2,10/26/23,09:58,realblock,7,3,0,3,21
9205,2,10/26/23,09:58,realblock,8,5,0,3,24
9206,2,10/26/23,09:56,realblock,1,3,2,0,0
9206,2,10/26/23,09:56,realblock,2,4,1,0,0
9206,2,10/26/23,09:56,realblock,3,5,0,1,1
9206,2,10/26/23,09:56,realblock,4,4,0,0,1
9206,2,10/26/23,09:56,realblock,5,5,1,0,1
9206,2,10/26/23,09:56,realblock,6,2,0,0,1
9206,2,10/26/23,09:56,realblock,7,2,0,0,1
9206,2,10/26/23,09:56,realblock,8,3,1,3,4
9207,2,10/26/23,12:44,realblock,1,3,0,3,3
9207,2,10/26/23,12:44,realblock,2,4,1,3,6
9207,2,10/26/23,12:44,realblock,3,2,0,2,8
9207,2,10/26/23,12:44,realblock,4,5,0,1,9
9207,2,10/26/23,12:44,realblock,5,3,2,3,12
9207,2,10/26/23,12:44,realblock,6,5,1,2,14
9207,2,10/26/23,12:44,realblock,7,2,0,2,16
9207,2,10/26/23,12:44,realblock,8,4,0,4,20
9209,2,10/26/23,12:44,realblock,1,5,1,1,1
9209,2,10/26/23,12:44,realblock,2,4,0,4,5
9209,2,10/26/23,12:44,realblock,3,3,0,2,7
9209,2,10/26/23,12:44,realblock,4,2,0,2,9
9209,2,10/26/23,12:44,realblock,5,5,0,4,13
9209,2,10/26/23,12:44,realblock,6,4,1,3,16
9209,2,10/26/23,12:44,realblock,7,3,0,3,19
9209,2,10/26/23,12:44,realblock,8,2,1,2,21
9210,2,10/26/23,15:37,realblock,1,4,0,3,3
9210,2,10/26/23,15:37,realblock,2,4,0,4,7
9210,2,10/26/23,15:37,realblock,3,5,1,4,11
9210,2,10/26/23,15:37,realblock,4,3,0,3,14
9210,2,10/26/23,15:37,realblock,5,2,0,2,16
9210,2,10/26/23,15:37,realblock,6,2,0,2,18
9210,2,10/26/23,15:37,realblock,7,5,0,5,23
9210,2,10/26/23,15:37,realblock,8,3,0,3,26
9211,2,10/26/23,15:43,realblock,1,4,0,4,4
9211,2,10/26/23,15:43,realblock,2,5,1,5,9
9211,2,10/26/23,15:43,realblock,3,2,0,2,11
9211,2,10/26/23,15:43,realblock,4,5,0,5,16
9211,2,10/26/23,15:43,realblock,5,3,2,3,19
9211,2,10/26/23,15:43,realblock,6,3,1,3,22
9211,2,10/26/23,15:43,realblock,7,2,0,2,24
9211,2,10/26/23,15:43,realblock,8,4,0,3,27
9212,2,11/03/23,09:42,realblock,1,4,1,4,4
9212,2,11/03/23,09:42,realblock,2,2,0,2,6
9212,2,11/03/23,09:42,realblock,3,5,0,5,11
9212,2,11/03/23,09:42,realblock,4,3,0,3,14
9212,2,11/03/23,09:42,realblock,5,4,0,4,18
9212,2,11/03/23,09:42,realblock,6,3,0,3,21
9212,2,11/03/23,09:42,realblock,7,2,0,2,23
9212,2,11/03/23,09:42,realblock,8,5,0,5,28
9213,2,11/03/23,09:58,realblock,1,3,0,3,3
9213,2,11/03/23,09:58,realblock,2,2,0,2,5
9213,2,11/03/23,09:58,realblock,3,4,0,4,9
9213,2,11/03/23,09:58,realblock,4,3,0,3,12
9213,2,11/03/23,09:58,realblock,5,2,0,2,14
9213,2,11/03/23,09:58,realblock,6,5,0,2,16
9213,2,11/03/23,09:58,realblock,7,5,0,5,21
9213,2,11/03/23,09:58,realblock,8,4,1,4,25
9214,2,10/27/23,09:37,realblock,1,5,0,2,2
9214,2,10/27/23,09:37,realblock,2,5,0,5,7
9214,2,10/27/23,09:37,realblock,3,3,0,3,10
9214,2,10/27/23,09:37,realblock,4,2,0,2,12
9214,2,10/27/23,09:37,realblock,5,4,0,4,16
9214,2,10/27/23,09:37,realblock,6,3,0,3,19
9214,2,10/27/23,09:37,realblock,7,4,1,4,23
9214,2,10/27/23,09:37,realblock,8,2,0,2,25
9215,2,10/27/23,12:51,realblock,1,4,0,4,4
9215,2,10/27/23,12:51,realblock,2,5,0,1,5
9215,2,10/27/23,12:51,realblock,3,3,0,3,8
9215,2,10/27/23,12:51,realblock,4,2,0,2,10
9215,2,10/27/23,12:51,realblock,5,3,1,0,10
9215,2,10/27/23,12:51,realblock,6,2,0,2,12
9215,2,10/27/23,12:51,realblock,7,4,1,4,16
9215,2,10/27/23,12:51,realblock,8,5,1,5,21
9216,2,10/27/23,12:40,realblock,1,2,0,2,2
9216,2,10/27/23,12:40,realblock,2,5,0,5,7
9216,2,10/27/23,12:40,realblock,3,4,0,4,11
9216,2,10/27/23,12:40,realblock,4,3,0,3,14
9216,2,10/27/23,12:40,realblock,5,2,0,2,16
9216,2,10/27/23,12:40,realblock,6,4,0,4,20
9216,2,10/27/23,12:40,realblock,7,3,0,3,23
9216,2,10/27/23,12:40,realblock,8,5,0,4,27
9217,2,10/27/23,12:34,realblock,1,5,0,2,2
9217,2,10/27/23,12:34,realblock,2,2,0,2,4
9217,2,10/27/23,12:34,realblock,3,5,0,3,7
9217,2,10/27/23,12:34,realblock,4,4,0,4,11
9217,2,10/27/23,12:34,realblock,5,3,0,0,11
9217,2,10/27/23,12:34,realblock,6,4,0,4,15
9217,2,10/27/23,12:34,realblock,7,3,0,3,18
9217,2,10/27/23,12:34,realblock,8,2,0,2,20
9218,2,10/27/23,15:55,realblock,1,3,0,3,3
9218,2,10/27/23,15:55,realblock,2,4,0,4,7
9218,2,10/27/23,15:55,realblock,3,5,0,5,12
9218,2,10/27/23,15:55,realblock,4,3,0,3,15
9218,2,10/27/23,15:55,realblock,5,2,0,2,17
9218,2,10/27/23,15:55,realblock,6,4,0,4,21
9218,2,10/27/23,15:55,realblock,7,5,0,5,26
9218,2,10/27/23,15:55,realblock,8,2,1,2,28
9219,2,10/27/23,15:42,realblock,1,2,1,2,2
9219,2,10/27/23,15:42,realblock,2,4,0,3,5
9219,2,10/27/23,15:42,realblock,3,3,0,3,8
9219,2,10/27/23,15:42,realblock,4,4,0,4,12
9219,2,10/27/23,15:42,realblock,5,3,1,3,15
9219,2,10/27/23,15:42,realblock,6,5,0,4,19
9219,2,10/27/23,15:42,realblock,7,2,0,2,21
9219,2,10/27/23,15:42,realblock,8,5,0,3,24
9220,2,02/19/24,09:44,realblock,1,5,2,1,1
9220,2,02/19/24,09:44,realblock,2,2,1,2,3
9220,2,02/19/24,09:44,realblock,3,2,0,2,5
9220,2,02/19/24,09:44,realblock,4,3,0,3,8
9220,2,02/19/24,09:44,realblock,5,4,1,4,12
9220,2,02/19/24,09:44,realblock,6,4,0,4,16
9220,2,02/19/24,09:44,realblock,7,3,1,3,19
9220,2,02/19/24,09:44,realblock,8,5,0,5,24
9221,2,02/26/24,09:55,realblock,1,2,0,2,2
9221,2,02/26/24,09:55,realblock,2,2,0,2,4
9221,2,02/26/24,09:55,realblock,3,4,0,4,8
9221,2,02/26/24,09:55,realblock,4,3,0,2,10
9221,2,02/26/24,09:55,realblock,5,4,0,3,13
9221,2,02/26/24,09:55,realblock,6,5,1,2,15
9221,2,02/26/24,09:55,realblock,7,3,0,3,18
9221,2,02/26/24,09:55,realblock,8,5,1,1,19
9222,2,02/19/24,12:39,realblock,1,2,0,2,2
9222,2,02/19/24,12:39,realblock,2,3,0,1,3
9222,2,02/19/24,12:39,realblock,3,4,0,4,7
9222,2,02/19/24,12:39,realblock,4,3,0,1,8
9222,2,02/19/24,12:39,realblock,5,5,0,2,10
9222,2,02/19/24,12:39,realblock,6,4,1,4,14
9222,2,02/19/24,12:39,realblock,7,5,2,0,14
9222,2,02/19/24,12:39,realblock,8,2,1,1,15
9223,2,02/19/24,15:48,realblock,1,4,0,0,0
9223,2,02/19/24,15:48,realblock,2,2,0,2,2
9223,2,02/19/24,15:48,realblock,3,3,0,3,5
9223,2,02/19/24,15:48,realblock,4,5,0,5,10
9223,2,02/19/24,15:48,realblock,5,4,1,0,10
9223,2,02/19/24,15:48,realblock,6,2,0,2,12
9223,2,02/19/24,15:48,realblock,7,5,0,3,15
9223,2,02/19/24,15:48,realblock,8,3,0,2,17
9225,2,02/19/24,15:35,realblock,1,2,0,2,2
9225,2,02/19/24,15:35,realblock,2,3,0,3,5
9225,2,02/19/24,15:35,realblock,3,4,0,4,9
9225,2,02/19/24,15:35,realblock,4,4,0,4,13
9225,2,02/19/24,15:35,realblock,5,2,0,2,15
9225,2,02/19/24,15:35,realblock,6,5,0,5,20
9225,2,02/19/24,15:35,realblock,7,3,0,3,23
9225,2,02/19/24,15:35,realblock,8,5,1,5,28
9226,2,02/20/24,09:41,realblock,1,3,0,3,3
9226,2,02/20/24,09:41,realblock,2,4,0,4,7
9226,2,02/20/24,09:41,realblock,3,3,0,3,10
9226,2,02/20/24,09:41,realblock,4,2,0,2,12
9226,2,02/20/24,09:41,realblock,5,4,0,4,16
9226,2,02/20/24,09:41,realblock,6,2,0,2,18
9226,2,02/20/24,09:41,realblock,7,5,0,4,22
9226,2,02/20/24,09:41,realblock,8,5,1,5,27
9228,2,02/20/24,12:52,realblock,1,4,0,1,1
9228,2,02/20/24,12:52,realblock,2,5,1,3,4
9228,2,02/20/24,12:52,realblock,3,5,0,1,5
9228,2,02/20/24,12:52,realblock,4,4,0,1,6
9228,2,02/20/24,12:52,realblock,5,3,1,3,9
9228,2,02/20/24,12:52,realblock,6,2,1,0,9
9228,2,02/20/24,12:52,realblock,7,3,0,3,12
9228,2,02/20/24,12:52,realblock,8,2,1,2,14
9229,2,02/20/24,12:56,realblock,1,3,1,3,3
9229,2,02/20/24,12:56,realblock,2,4,2,1,4
9229,2,02/20/24,12:56,realblock,3,3,3,3,7
9229,2,02/20/24,12:56,realblock,4,2,0,2,9
9229,2,02/20/24,12:56,realblock,5,4,4,2,11
9229,2,02/20/24,12:56,realblock,6,5,3,1,12
9229,2,02/20/24,12:56,realblock,7,5,2,4,16
9229,2,02/20/24,12:56,realblock,8,2,1,2,18
9230,2,02/21/24,09:34,realblock,1,5,0,5,5
9230,2,02/21/24,09:34,realblock,2,4,1,4,9
9230,2,02/21/24,09:34,realblock,3,3,0,3,12
9230,2,02/21/24,09:34,realblock,4,3,0,3,15
9230,2,02/21/24,09:34,realblock,5,5,0,2,17
9230,2,02/21/24,09:34,realblock,6,4,0,2,19
9230,2,02/21/24,09:34,realblock,7,2,0,2,21
9230,2,02/21/24,09:34,realblock,8,2,1,2,23
9231,2,02/21/24,09:42,realblock,1,2,1,2,2
9231,2,02/21/24,09:42,realblock,2,4,1,3,5
9231,2,02/21/24,09:42,realblock,3,2,0,2,7
9231,2,02/21/24,09:42,realblock,4,5,3,3,10
9231,2,02/21/24,09:42,realblock,5,5,2,4,14
9231,2,02/21/24,09:42,realblock,6,3,1,3,17
9231,2,02/21/24,09:42,realblock,7,3,1,3,20
9231,2,02/21/24,09:42,realblock,8,4,2,2,22
9232,2,02/21/24,12:46,realblock,1,3,0,3,3
9232,2,02/21/24,12:46,realblock,2,3,0,3,6
9232,2,02/21/24,12:46,realblock,3,5,0,4,10
9232,2,02/21/24,12:46,realblock,4,2,0,2,12
9232,2,02/21/24,12:46,realblock,5,4,0,4,16
9232,2,02/21/24,12:46,realblock,6,5,1,1,17
9232,2,02/21/24,12:46,realblock,7,2,0,2,19
9232,2,02/21/24,12:46,realblock,8,4,1,4,23
9233,2,02/21/24,12:51,realblock,1,2,0,2,2
9233,2,02/21/24,12:51,realblock,2,2,0,2,4
9233,2,02/21/24,12:51,realblock,3,5,0,2,6
9233,2,02/21/24,12:51,realblock,4,3,0,3,9
9233,2,02/21/24,12:51,realblock,5,3,0,3,12
9233,2,02/21/24,12:51,realblock,6,4,0,4,16
9233,2,02/21/24,12:51,realblock,7,4,0,4,20
9233,2,02/21/24,12:51,realblock,8,5,0,0,20
9234,2,02/21/24,13:00,realblock,1,3,0,3,3
9234,2,02/21/24,13:00,realblock,2,5,2,2,5
9234,2,02/21/24,13:00,realblock,3,2,0,1,6
9234,2,02/21/24,13:00,realblock,4,4,0,4,10
9234,2,02/21/24,13:00,realblock,5,4,0,2,12
9234,2,02/21/24,13:00,realblock,6,2,0,2,14
9234,2,02/21/24,13:00,realblock,7,3,0,3,17
9234,2,02/21/24,13:00,realblock,8,5,1,1,18
9235,2,02/21/24,15:43,realblock,1,5,0,5,5
9235,2,02/21/24,15:43,realblock,2,5,0,5,10
9235,2,02/21/24,15:43,realblock,3,2,0,2,12
9235,2,02/21/24,15:43,realblock,4,4,0,4,16
9235,2,02/21/24,15:43,realblock,5,3,0,3,19
9235,2,02/21/24,15:43,realblock,6,4,0,4,23
9235,2,02/21/24,15:43,realblock,7,3,0,3,26
9235,2,02/21/24,15:43,realblock,8,2,0,2,28
9236,2,02/21/24,15:39,realblock,1,4,0,4,4
9236,2,02/21/24,15:39,realblock,2,5,0,5,9
9236,2,02/21/24,15:39,realblock,3,5,0,5,14
9236,2,02/21/24,15:39,realblock,4,3,0,3,17
9236,2,02/21/24,15:39,realblock,5,2,1,1,18
9236,2,02/21/24,15:39,realblock,6,2,1,2,20
9236,2,02/21/24,15:39,realblock,7,4,0,4,24
9236,2,02/21/24,15:39,realblock,8,3,0,3,27
9237,2,02/22/24,15:32,realblock,1,3,0,3,3
9237,2,02/22/24,15:32,realblock,2,3,0,3,6
9237,2,02/22/24,15:32,realblock,3,2,0,2,8
9237,2,02/22/24,15:32,realblock,4,4,0,4,12
9237,2,02/22/24,15:32,realblock,5,4,0,3,15
9237,2,02/22/24,15:32,realblock,6,2,0,2,17
9237,2,02/22/24,15:32,realblock,7,5,0,2,19
9237,2,02/22/24,15:32,realblock,8,5,2,4,23
9238,2,02/22/24,15:45,realblock,1,2,1,2,2
9238,2,02/22/24,15:45,realblock,2,5,0,5,7
9238,2,02/22/24,15:45,realblock,3,3,0,3,10
9238,2,02/22/24,15:45,realblock,4,4,0,2,12
9238,2,02/22/24,15:45,realblock,5,3,0,3,15
9238,2,02/22/24,15:45,realblock,6,5,0,3,18
9238,2,02/22/24,15:45,realblock,7,2,0,2,20
9238,2,02/22/24,15:45,realblock,8,4,0,4,24
9239,2,02/23/24,09:57,realblock,1,4,0,4,4
9239,2,02/23/24,09:57,realblock,2,4,0,4,8
9239,2,02/23/24,09:57,realblock,3,5,0,5,13
9239,2,02/23/24,09:57,realblock,4,3,0,3,16
9239,2,02/23/24,09:57,realblock,5,5,0,5,21
9239,2,02/23/24,09:57,realblock,6,2,0,2,23
9239,2,02/23/24,09:57,realblock,7,2,1,2,25
9239,2,02/23/24,09:57,realblock,8,3,1,3,28
9240,2,02/23/24,09:41,realblock,1,4,0,4,4
9240,2,02/23/24,09:41,realblock,2,4,0,4,8
9240,2,02/23/24,09:41,realblock,3,3,0,3,11
9240,2,02/23/24,09:41,realblock,4,5,1,3,14
9240,2,02/23/24,09:41,realblock,5,5,0,5,19
9240,2,02/23/24,09:41,realblock,6,2,0,2,21
9240,2,02/23/24,09:41,realblock,7,2,0,2,23
9240,2,02/23/24,09:41,realblock,8,3,1,3,26
9241,2,02/23/24,10:39,realblock,1,5,1,3,3
9241,2,02/23/24,10:39,realblock,2,5,1,3,6
9241,2,02/23/24,10:39,realblock,3,3,0,1,7
9241,2,02/23/24,10:39,realblock,4,4,1,4,11
9241,2,02/23/24,10:39,realblock,5,2,1,2,13
9241,2,02/23/24,10:39,realblock,6,2,1,1,14
9241,2,02/23/24,10:39,realblock,7,4,1,3,17
9241,2,02/23/24,10:39,realblock,8,3,0,2,19
9242,2,02/23/24,12:54,realblock,1,3,0,3,3
9242,2,02/23/24,12:54,realblock,2,5,1,2,5
9242,2,02/23/24,12:54,realblock,3,4,0,1,6
9242,2,02/23/24,12:54,realblock,4,5,2,4,10
9242,2,02/23/24,12:54,realblock,5,4,1,4,14
9242,2,02/23/24,12:54,realblock,6,2,1,2,16
9242,2,02/23/24,12:54,realblock,7,2,1,1,17
9242,2,02/23/24,12:54,realblock,8,3,0,3,20
9243,2,02/23/24,12:23,realblock,1,4,1,4,4
9243,2,02/23/24,12:23,realblock,2,5,0,5,9
9243,2,02/23/24,12:23,realblock,3,2,1,2,11
9243,2,02/23/24,12:23,realblock,4,4,0,4,15
9243,2,02/23/24,12:23,realblock,5,2,0,1,16
9243,2,02/23/24,12:23,realblock,6,3,0,3,19
9243,2,02/23/24,12:23,realblock,7,3,0,3,22
9243,2,02/23/24,12:23,realblock,8,5,0,2,24
9244,2,02/23/24,12:48,realblock,1,2,0,1,1
9244,2,02/23/24,12:48,realblock,2,4,0,3,4
9244,2,02/23/24,12:48,realblock,3,3,0,2,6
9244,2,02/23/24,12:48,realblock,4,5,0,3,9
9244,2,02/23/24,12:48,realblock,5,2,0,2,11
9244,2,02/23/24,12:48,realblock,6,5,0,0,11
9244,2,02/23/24,12:48,realblock,7,4,1,0,11
9244,2,02/23/24,12:48,realblock,8,3,0,3,14
9245,2,02/23/24,15:43,realblock,1,3,1,3,3
9245,2,02/23/24,15:43,realblock,2,4,4,0,3
9245,2,02/23/24,15:43,realblock,3,5,0,1,4
9245,2,02/23/24,15:43,realblock,4,3,0,0,4
9245,2,02/23/24,15:43,realblock,5,4,1,0,4
9245,2,02/23/24,15:43,realblock,6,2,0,0,4
9245,2,02/23/24,15:43,realblock,7,2,1,0,4
9245,2,02/23/24,15:43,realblock,8,5,0,2,6
9246,2,02/23/24,15:42,realblock,1,2,0,2,2
9246,2,02/23/24,15:42,realblock,2,4,0,4,6
9246,2,02/23/24,15:42,realblock,3,3,1,2,8
9246,2,02/23/24,15:42,realblock,4,3,0,1,9
9246,2,02/23/24,15:42,realblock,5,5,0,1,10
9246,2,02/23/24,15:42,realblock,6,2,0,2,12
9246,2,02/23/24,15:42,realblock,7,5,1,1,13
9246,2,02/23/24,15:42,realblock,8,4,0,2,15
9247,2,04/01/24,09:41,realblock,1,5,2,5,5
9247,2,04/01/24,09:41,realblock,2,3,1,3,8
9247,2,04/01/24,09:41,realblock,3,2,1,2,10
9247,2,04/01/24,09:41,realblock,4,2,0,2,12
9247,2,04/01/24,09:41,realblock,5,5,2,5,17
9247,2,04/01/24,09:41,realblock,6,3,2,1,18
9247,2,04/01/24,09:41,realblock,7,4,2,2,20
9247,2,04/01/24,09:41,realblock,8,4,1,4,24
9249,2,04/01/24,12:36,realblock,1,5,0,5,5
9249,2,04/01/24,12:36,realblock,2,4,1,4,9
9249,2,04/01/24,12:36,realblock,3,3,0,3,12
9249,2,04/01/24,12:36,realblock,4,3,0,3,15
9249,2,04/01/24,12:36,realblock,5,4,0,4,19
9249,2,04/01/24,12:36,realblock,6,5,1,4,23
9249,2,04/01/24,12:36,realblock,7,2,1,2,25
9249,2,04/01/24,12:36,realblock,8,2,0,2,27
9251,2,04/01/24,12:30,realblock,1,3,0,3,3
9251,2,04/01/24,12:30,realblock,2,2,0,2,5
9251,2,04/01/24,12:30,realblock,3,5,0,4,9
9251,2,04/01/24,12:30,realblock,4,3,0,3,12
9251,2,04/01/24,12:30,realblock,5,5,0,5,17
9251,2,04/01/24,12:30,realblock,6,4,0,1,18
9251,2,04/01/24,12:30,realblock,7,2,1,2,20
9251,2,04/01/24,12:30,realblock,8,4,1,4,24
9252,2,04/01/24,15:49,realblock,1,4,1,3,3
9252,2,04/01/24,15:49,realblock,2,5,1,5,8
9252,2,04/01/24,15:49,realblock,3,3,0,3,11
9252,2,04/01/24,15:49,realblock,4,5,2,5,16
9252,2,04/01/24,15:49,realblock,5,2,1,2,18
9252,2,04/01/24,15:49,realblock,6,2,0,2,20
9252,2,04/01/24,15:49,realblock,7,4,0,4,24
9252,2,04/01/24,15:49,realblock,8,3,1,1,25
9253,2,04/01/24,15:42,realblock,1,4,1,2,2
9253,2,04/01/24,15:42,realblock,2,5,0,5,7
9253,2,04/01/24,15:42,realblock,3,5,2,4,11
9253,2,04/01/24,15:42,realblock,4,2,1,2,13
9253,2,04/01/24,15:42,realblock,5,3,1,2,15
9253,2,04/01/24,15:42,realblock,6,2,0,2,17
9253,2,04/01/24,15:42,realblock,7,4,0,3,20
9253,2,04/01/24,15:42,realblock,8,3,1,3,23
9254,2,04/02/24,09:57,realblock,1,2,0,2,2
9254,2,04/02/24,09:57,realblock,2,2,0,2,4
9254,2,04/02/24,09:57,realblock,3,3,0,3,7
9254,2,04/02/24,09:57,realblock,4,4,1,1,8
9254,2,04/02/24,09:57,realblock,5,5,0,3,11
9254,2,04/02/24,09:57,realblock,6,3,0,3,14
9254,2,04/02/24,09:57,realblock,7,4,0,3,17
9254,2,04/02/24,09:57,realblock,8,5,0,0,17
9255,2,04/02/24,09:46,realblock,1,5,3,4,4
9255,2,04/02/24,09:46,realblock,2,2,1,1,5
9255,2,04/02/24,09:46,realblock,3,4,3,1,6
9255,2,04/02/24,09:46,realblock,4,2,2,2,8
9255,2,04/02/24,09:46,realblock,5,3,2,2,10
9255,2,04/02/24,09:46,realblock,6,3,0,0,10
9255,2,04/02/24,09:46,realblock,7,5,4,0,10
9255,2,04/02/24,09:46,realblock,8,4,0,4,14
9256,2,04/02/24,12:40,realblock,1,5,0,4,4
9256,2,04/02/24,12:40,realblock,2,3,0,3,7
9256,2,04/02/24,12:40,realblock,3,5,0,5,12
9256,2,04/02/24,12:40,realblock,4,4,0,4,16
9256,2,04/02/24,12:40,realblock,5,4,0,4,20
9256,2,04/02/24,12:40,realblock,6,2,0,2,22
9256,2,04/02/24,12:40,realblock,7,3,0,3,25
9256,2,04/02/24,12:40,realblock,8,2,0,2,27
9257,2,04/02/24,12:35,realblock,1,4,0,3,3
9257,2,04/02/24,12:35,realblock,2,3,0,3,6
9257,2,04/02/24,12:35,realblock,3,4,0,4,10
9257,2,04/02/24,12:35,realblock,4,5,0,1,11
9257,2,04/02/24,12:35,realblock,5,3,0,2,13
9257,2,04/02/24,12:35,realblock,6,2,0,2,15
9257,2,04/02/24,12:35,realblock,7,5,0,3,18
9257,2,04/02/24,12:35,realblock,8,2,0,2,20
9258,2,04/02/24,12:51,realblock,1,3,0,3,3
9258,2,04/02/24,12:51,realblock,2,4,0,1,4
9258,2,04/02/24,12:51,realblock,3,3,0,3,7
9258,2,04/02/24,12:51,realblock,4,2,0,2,9
9258,2,04/02/24,12:51,realblock,5,5,0,2,11
9258,2,04/02/24,12:51,realblock,6,2,0,2,13
9258,2,04/02/24,12:51,realblock,7,5,0,4,17
9258,2,04/02/24,12:51,realblock,8,4,0,4,21
9259,2,04/02/24,16:18,realblock,1,3,0,2,2
9259,2,04/02/24,16:18,realblock,2,2,0,2,4
9259,2,04/02/24,16:18,realblock,3,4,0,4,8
9259,2,04/02/24,16:18,realblock,4,4,0,3,11
9259,2,04/02/24,16:18,realblock,5,2,0,2,13
9259,2,04/02/24,16:18,realblock,6,5,1,5,18
9259,2,04/02/24,16:18,realblock,7,5,0,5,23
9259,2,04/02/24,16:18,realblock,8,3,0,1,24
9260,2,04/08/24,09:42,realblock,1,2,0,2,2
9260,2,04/08/24,09:42,realblock,2,3,1,3,5
9260,2,04/08/24,09:42,realblock,3,3,0,2,7
9260,2,04/08/24,09:42,realblock,4,4,1,4,11
9260,2,04/08/24,09:42,realblock,5,5,0,5,16
9260,2,04/08/24,09:42,realblock,6,5,1,4,20
9260,2,04/08/24,09:42,realblock,7,4,0,4,24
9260,2,04/08/24,09:42,realblock,8,2,1,2,26
9261,2,04/03/24,09:48,realblock,1,2,0,2,2
9261,2,04/03/24,09:48,realblock,2,3,0,3,5
9261,2,04/03/24,09:48,realblock,3,2,0,2,7
9261,2,04/03/24,09:48,realblock,4,3,1,3,10
9261,2,04/03/24,09:48,realblock,5,5,0,0,10
9261,2,04/03/24,09:48,realblock,6,4,2,4,14
9261,2,04/03/24,09:48,realblock,7,5,1,2,16
9261,2,04/03/24,09:48,realblock,8,4,0,4,20
9262,2,04/04/24,12:31,realblock,1,5,1,5,5
9262,2,04/04/24,12:31,realblock,2,2,1,2,7
9262,2,04/04/24,12:31,realblock,3,2,2,2,9
9262,2,04/04/24,12:31,realblock,4,5,2,2,11
9262,2,04/04/24,12:31,realblock,5,3,0,0,11
9262,2,04/04/24,12:31,realblock,6,3,1,0,11
9262,2,04/04/24,12:31,realblock,7,4,2,2,13
9262,2,04/04/24,12:31,realblock,8,4,1,4,17
9263,2,04/03/24,15:43,realblock,1,2,0,2,2
9263,2,04/03/24,15:43,realblock,2,3,0,3,5
9263,2,04/03/24,15:43,realblock,3,3,0,3,8
9263,2,04/03/24,15:43,realblock,4,5,1,5,13
9263,2,04/03/24,15:43,realblock,5,4,0,1,14
9263,2,04/03/24,15:43,realblock,6,4,0,4,18
9263,2,04/03/24,15:43,realblock,7,2,0,2,20
9263,2,04/03/24,15:43,realblock,8,5,0,3,23
9264,2,04/03/24,15:44,realblock,1,5,0,5,5
9264,2,04/03/24,15:44,realblock,2,5,0,5,10
9264,2,04/03/24,15:44,realblock,3,2,0,1,11
9264,2,04/03/24,15:44,realblock,4,4,0,4,15
9264,2,04/03/24,15:44,realblock,5,3,0,3,18
9264,2,04/03/24,15:44,realblock,6,3,0,3,21
9264,2,04/03/24,15:44,realblock,7,2,0,2,23
9264,2,04/03/24,15:44,realblock,8,4,0,4,27
9265,2,04/04/24,12:53,realblock,1,3,0,3,3
9265,2,04/04/24,12:53,realblock,2,5,0,5,8
9265,2,04/04/24,12:53,realblock,3,4,0,4,12
9265,2,04/04/24,12:53,realblock,4,4,0,4,16
9265,2,04/04/24,12:53,realblock,5,5,0,3,19
9265,2,04/04/24,12:53,realblock,6,2,1,2,21
9265,2,04/04/24,12:53,realblock,7,3,0,3,24
9265,2,04/04/24,12:53,realblock,8,2,0,2,26
9266,2,04/05/24,09:41,realblock,1,5,2,5,5
9266,2,04/05/24,09:41,realblock,2,2,0,2,7
9266,2,04/05/24,09:41,realblock,3,4,1,3,10
9266,2,04/05/24,09:41,realblock,4,3,1,3,13
9266,2,04/05/24,09:41,realblock,5,4,0,2,15
9266,2,04/05/24,09:41,realblock,6,5,1,5,20
9266,2,04/05/24,09:41,realblock,7,3,1,1,21
9266,2,04/05/24,09:41,realblock,8,2,0,2,23
9267,2,04/05/24,12:54,realblock,1,2,0,2,2
9267,2,04/05/24,12:54,realblock,2,4,0,4,6
9267,2,04/05/24,12:54,realblock,3,3,0,3,9
9267,2,04/05/24,12:54,realblock,4,2,0,2,11
9267,2,04/05/24,12:54,realblock,5,5,0,4,15
9267,2,04/05/24,12:54,realblock,6,3,1,3,18
9267,2,04/05/24,12:54,realblock,7,4,0,4,22
9267,2,04/05/24,12:54,realblock,8,5,0,5,27
9268,2,04/05/24,12:55,realblock,1,5,0,3,3
9268,2,04/05/24,12:55,realblock,2,3,0,3,6
9268,2,04/05/24,12:55,realblock,3,4,0,4,10
9268,2,04/05/24,12:55,realblock,4,4,0,2,12
9268,2,04/05/24,12:55,realblock,5,2,1,2,14
9268,2,04/05/24,12:55,realblock,6,3,0,3,17
9268,2,04/05/24,12:55,realblock,7,2,0,2,19
9268,2,04/05/24,12:55,realblock,8,5,0,5,24
9269,2,04/05/24,16:01,realblock,1,2,0,2,2
9269,2,04/05/24,16:01,realblock,2,3,1,3,5
9269,2,04/05/24,16:01,realblock,3,3,0,3,8
9269,2,04/05/24,16:01,realblock,4,5,0,4,12
9269,2,04/05/24,16:01,realblock,5,5,0,5,17
9269,2,04/05/24,16:01,realblock,6,4,2,4,21
9269,2,04/05/24,16:01,realblock,7,4,0,4,25
9269,2,04/05/24,16:01,realblock,8,2,1,2,27
9270,2,04/05/24,15:44,realblock,1,3,0,3,3
9270,2,04/05/24,15:44,realblock,2,5,1,1,4
9270,2,04/05/24,15:44,realblock,3,4,0,3,7
9270,2,04/05/24,15:44,realblock,4,2,0,1,8
9270,2,04/05/24,15:44,realblock,5,5,0,5,13
9270,2,04/05/24,15:44,realblock,6,2,2,2,15
9270,2,04/05/24,15:44,realblock,7,4,0,4,19
9270,2,04/05/24,15:44,realblock,8,3,1,0,19
9271,2,04/10/24,15:28,realblock,1,5,3,2,2
9271,2,04/10/24,15:28,realblock,2,4,1,4,6
9271,2,04/10/24,15:28,realblock,3,4,0,3,9
9271,2,04/10/24,15:28,realblock,4,2,1,2,11
9271,2,04/10/24,15:28,realblock,5,5,1,5,16
9271,2,04/10/24,15:28,realblock,6,3,2,3,19
9271,2,04/10/24,15:28,realblock,7,3,0,3,22
9271,2,04/10/24,15:28,realblock,8,2,1,2,24
